,-75,-31,-8,-20,2,2,63,45
,-1,10,-26,-20,-11,-5,-8,-6
,-19,-3,15,31,-1,-8,-71,-17
,52,15,16,8,-5,-5,-12,-25
,15,60,16,-30,-7,2,9,43
,-53,-58,6,16,10,7,36,20
,10,10,-8,-27,6,9,13,13
,30,-10,-28,3,3,0,6,-39
,-42,27,26,13,3,-5,-7,-50
,-20,4,-1,-19,-19,-19,-5,37
,39,-32,-20,-26,-16,-7,-3,22
,-5,13,17,33,5,3,-43,-64
,60,19,-24,5,17,4,7,0
,-32,14,25,4,-1,-3,23,14
,-35,-18,-22,-3,8,5,4,19
,-6,6,17,19,10,10,-2,20
,-11,-39,-53,-22,-8,-6,-14,-18
,29,24,35,-13,-8,1,37,-20
,-66,46,12,44,-13,-10,-37,-30
,-34,-12,1,-26,-7,-13,9,53
,-18,-38,-22,-54,3,5,4,-20
,43,7,9,41,3,1,-26,-10
,89,26,-1,3,-17,-7,2,1
,-50,23,-7,5,18,3,48,35
,-35,-49,25,-7,-19,-15,-24,-23
,-2,-22,-23,-3,-9,4,25,23
,85,35,-1,10,16,6,31,3
,2,6,11,-10,-12,-8,-38,-32
,1,10,-18,-7,-6,-6,6,15
,18,10,14,-29,-6,5,5,-36
,-8,-30,20,16,-2,-1,13,21
,39,9,-18,7,1,-1,-3,-3
,16,36,21,-14,-16,-3,12,-20
,-73,-60,-60,-5,13,2,7,13
,-6,11,12,4,0,-6,10,36
,57,-33,-31,-71,4,8,-16,-48
,7,30,33,88,15,2,-68,22
,-3,-1,4,-11,-16,2,32,-22
,-40,-15,-20,-15,5,-5,1,26
,-2,-4,18,4,-12,-4,8,-5
,15,33,-7,10,13,-3,-24,9
,-43,-28,-20,-19,-5,-12,-1,10
,-16,7,13,3,-5,5,15,-5
,95,8,13,9,-5,3,-29,-32
,-61,-4,1,5,-6,-1,27,6
,37,61,46,-1,-4,-7,-37,21
,-76,-99,-36,-69,-20,-11,-22,-23
,-11,9,-38,44,32,7,49,39
,-7,-23,0,-7,10,4,-30,-39
,22,24,-5,32,8,6,13,5
,12,46,12,21,-14,-3,18,7
,4,-13,-2,-24,-2,-2,-26,15
,0,0,10,-8,-9,-1,29,-13
,-4,-44,-17,-25,0,-4,-21,17
,7,7,17,41,27,4,-16,-12
,-32,-63,-18,6,-15,-7,11,-9
,46,18,10,12,5,4,-2,-40
,-78,9,31,-2,-20,-8,-18,14
,27,-36,-80,-70,-4,-2,-12,-22
,33,23,25,8,-8,1,5,54
,20,-13,-1,26,11,5,26,-2
,27,26,3,12,13,5,-47,-31
,3,-4,21,6,-1,-3,15,23
,-80,6,-9,-12,-13,-12,-24,-38
,68,-39,-16,-18,-3,-2,-16,38
,-75,8,9,1,-5,-1,14,-52
,36,2,1,-3,-2,5,37,46
,-7,22,-2,1,5,-5,-18,-7
,-9,0,6,36,5,1,3,-14
,-22,-23,-29,2,16,8,-10,-4
,-65,80,31,21,-7,-8,-16,-4
,-81,-84,-15,-32,-11,-1,10,4
,-66,16,-7,-32,-2,4,-16,-26
,39,-17,-9,13,-11,-7,26,52
,-24,6,-6,-11,-2,-2,-23,-66
,48,22,8,40,6,2,32,55
,-6,-38,-3,-3,-1,-4,-3,-3
,41,19,3,-18,-4,-7,-49,-39
,-32,-37,2,23,14,6,38,33
,-7,22,9,7,1,5,6,-12
,53,20,1,-31,-11,-2,9,13
,-5,12,3,3,0,-4,-28,-52
,11,1,-6,12,-15,0,11,41
,3,8,-12,-6,37,18,19,-5
,38,-4,-2,15,-19,-11,-15,2
,9,36,1,-40,0,6,23,28
,-5,6,-1,6,6,-3,-59,-41
,30,-7,3,-12,-15,-6,45,11
,-29,3,-9,-10,3,0,2,12
,17,-9,14,10,-7,-10,-15,-14
,37,13,0,-13,-13,-7,22,0
,-30,-37,-14,-6,-3,-3,-54,-40
,21,-6,-3,-14,12,16,68,56
,-34,2,-14,-18,3,4,11,13
,39,8,12,32,-3,1,-11,-20
,36,34,0,-16,1,-9,-18,-18
,-16,-11,2,-4,-10,-2,9,11
,20,19,-1,20,21,0,-5,-4
,13,19,-1,6,6,6,6,6
,-48,13,20,49,-8,-2,-5,-2
,-53,-26,-19,-75,-6,0,-25,-11
,55,-36,-4,-5,-1,-5,15,31
,22,11,2,-13,-12,0,17,1
,-27,9,19,43,23,-1,-35,-19
,-6,24,-8,-4,0,6,28,12
,-4,-9,5,19,-7,-5,-21,-2
,-38,-14,6,-11,-2,2,23,10
,51,-3,-15,-18,-15,-12,-6,6
,-32,23,8,19,20,8,-11,-22
,-11,-5,-7,-16,-2,1,-1,-2
,-7,-31,13,0,-1,-5,-14,-23
,-18,22,14,-11,-16,-9,-29,-18
,24,-9,-8,39,-3,-5,29,46
,56,4,-9,-2,-1,5,9,-13
,19,8,0,-18,-2,-3,4,24
,5,-10,11,-12,-9,-2,6,2
,-2,2,-11,-9,14,7,1,-17
,29,1,-7,7,-5,-3,-11,-3
,-18,6,-8,-6,3,-3,1,7
,25,8,2,-5,-1,1,10,19
,-17,-25,-3,7,-4,-8,-24,-27
,-69,-31,-25,-37,-2,4,6,3
,-15,27,2,6,2,5,6,17
,11,6,2,0,9,5,28,30
,5,8,10,16,-7,0,-2,-19
,-19,6,11,-22,-8,0,-14,-6
,-31,-24,-7,32,-5,1,-9,-12
,-14,3,-3,-30,6,5,10,9
,17,-9,0,7,14,0,-3,-1
,-23,19,0,24,-4,-8,-11,-20
,38,-5,-10,0,11,0,-5,-4
,37,1,-4,9,6,11,13,11
,15,11,19,-3,-7,-9,-32,-15
,33,12,5,-13,-7,3,35,19
,-49,1,-1,-5,-5,-10,-41,-25
,-2,-44,-17,-23,-3,8,43,26
,11,21,-5,4,-4,-9,-20,-9
,12,-3,19,8,-7,3,12,8
,20,19,11,18,16,3,-3,-6
,16,-13,-6,-5,-3,-2,-18,-12
,-47,12,6,-26,-18,-9,15,12
,-6,-25,-8,39,12,-10,-15,-24
,7,-18,-13,-17,-2,-2,4,15
,-16,23,20,11,-5,-3,-7,-3
,-5,-29,-26,24,1,3,-9,-1
,7,1,20,-29,-16,0,24,15
,-27,-12,-19,24,28,10,2,-15
,8,33,13,-2,0,-5,13,2
,-20,-13,11,-28,6,2,-15,-3
,32,33,-2,47,-2,0,-8,-6
,3,10,-5,-42,-5,-5,-29,1
,-15,-34,-9,6,-3,3,12,9
,17,0,1,2,1,5,18,-13
,-7,8,-3,6,6,-6,3,-8
,-19,17,32,10,-8,-1,9,19
,-8,-3,-20,11,-2,1,-25,-27
,-15,-12,-12,-21,-4,-4,-3,-5
,-9,-32,-5,-46,-6,1,-1,4
,14,7,-3,31,-1,-4,-2,-25
,-25,12,15,-4,-8,-6,-6,-8
,49,7,-1,20,9,-1,-1,17
,-12,-13,-22,-26,-4,1,1,-13
,-34,-5,3,-19,-33,-15,-21,-6
,2,-27,-20,-8,39,18,32,26
,4,28,4,-10,-7,-6,-5,-19
,1,-1,0,11,9,2,4,11
,-29,0,7,2,0,7,20,20
,33,25,-2,2,-11,-6,-20,-4
,-24,-13,-9,7,-1,0,9,0
,11,-1,9,25,-2,2,-17,4
,9,-25,-10,-33,2,-2,-11,-41
,7,16,12,14,-11,-12,1,22
,-1,3,1,4,10,5,-7,-8
,-18,-1,10,3,-2,-1,4,1
,33,4,-2,-17,0,1,6,3
,-15,-38,-8,12,-6,-8,-26,-7
,-1,3,7,0,6,-2,18,-11
,-13,26,20,5,-5,-2,9,22
,34,-41,-16,4,7,14,46,19
,-8,-16,-24,-31,-6,6,-9,-24
,-26,-6,-4,53,8,-9,-38,-8
,2,3,-8,-33,5,-2,-29,-10
,19,5,8,-5,-3,-7,-1,-35
,-1,-5,1,-21,-14,-6,30,43
,15,32,29,38,0,13,2,-11
,-4,-26,-15,-23,-1,-2,-11,11
,-2,2,-5,3,-1,-4,-31,-17
,2,14,18,31,-8,-6,2,10
,28,-1,-39,-78,-12,-2,3,10
,-17,18,4,15,3,-4,11,-12
,-31,-14,11,5,0,6,3,16
,6,-3,-22,33,22,3,-21,-24
,2,4,18,-4,-12,-4,18,20
,-4,-17,-24,-7,-2,4,-11,-17
,4,6,-1,-47,-2,-5,-7,-19
,11,-6,19,28,5,1,29,37
,38,3,-12,1,3,-2,-29,-21
,-35,5,-8,2,-2,3,9,1
,-12,-4,15,-5,-10,-7,-9,28
,11,-5,-21,-39,-13,-6,-20,-24
,-7,6,33,32,4,-2,4,7
,-26,-7,-10,-5,-4,-8,-14,-19
,4,7,-14,23,1,2,-2,7
,-12,20,6,-24,-4,-2,7,-13
,11,-22,-15,-39,-9,-5,6,24
,9,3,10,45,0,-3,0,-10
,-1,1,-12,3,3,5,13,3
,-24,6,17,-2,-12,-8,-14,-6
,-22,-20,-14,-9,1,-4,-9,-4
,43,-10,-15,-11,7,7,24,39
,-22,7,11,9,-1,2,4,-4
,-2,-17,-6,20,-2,2,-5,-9
,-29,11,12,14,0,-3,-2,-10
,0,-9,13,-2,1,6,-14,4
,15,4,-3,2,-5,-7,11,-1
,-1,-3,-16,6,6,2,-5,-19
,1,-30,-14,-6,-1,-9,1,5
,2,-7,12,49,12,9,34,2
,30,26,1,-59,-12,-7,-16,-1
,-11,1,-1,32,20,3,-32,-12
,18,-9,9,11,-1,14,57,40
,19,0,-5,20,5,-7,-16,-17
,-45,-25,-32,-32,-16,-7,-24,-6
,-2,9,7,-16,4,11,21,14
,13,6,11,-2,-1,2,-6,6
,-5,33,41,-6,6,-1,-7,-5
,5,-23,-21,21,11,-2,-5,-11
,8,-15,-19,-17,-15,-14,3,-7
,-19,-7,5,-5,0,2,-17,-20
,-12,5,6,-15,-12,-1,12,-12
,-15,6,18,48,32,15,30,42
,-5,16,-8,-43,-1,2,-7,-3
,-7,-5,-6,-9,-10,-1,7,7
,1,9,-15,-14,-16,-11,-22,-25
,-4,14,16,-8,-14,-4,-7,-19
,29,-10,2,39,3,2,5,8
,-8,30,-3,-23,9,7,23,33
,-2,-16,-13,3,-17,-9,-6,2
,27,25,-11,-11,16,6,13,-4
,5,-19,2,-12,-12,-5,-14,-32
,-30,1,-4,9,-12,-9,-5,1
,-6,20,0,-20,10,-3,-13,9
,25,1,8,7,-22,-1,4,13
,-24,7,2,-10,2,4,-14,-7
,-8,3,-1,29,17,0,0,-17
,0,-13,-14,-33,-2,7,29,19
,-4,-11,21,4,-16,-10,-25,-28
,11,3,-12,8,18,6,2,2
,42,1,-18,14,-7,-4,-32,1
,10,-26,-21,-32,-12,-1,11,24
,21,15,9,31,4,10,38,19
,5,-1,21,-6,1,4,12,18
,13,6,-3,-7,-1,5,-64,-3
,-2,-19,-5,0,-3,-9,54,-33
,1,35,15,-26,-2,1,-1,14
,0,2,14,5,-16,-15,-11,-24
,-53,-19,-4,19,9,1,-34,-18
,46,-2,-5,26,12,11,24,30
,-36,-10,9,45,-5,-13,-26,-15
,13,27,0,-12,3,3,3,34
,4,-16,-7,-47,-15,-4,23,-16
,9,18,8,35,19,-6,-46,-32
,-15,-16,-24,-29,8,9,15,0
,-6,-4,-1,20,-4,-10,-37,-4
,1,-6,15,3,-29,-16,14,-12
,22,10,-10,-51,3,16,-4,12
,23,-9,-4,42,17,0,1,24
,-49,-15,-10,-37,-1,-1,-6,-32
,28,10,0,50,3,-4,8,3
,-31,-2,17,-1,-1,1,33,48
,-6,-36,-27,-57,-17,-5,-52,-43
,10,26,12,17,-4,4,57,31
,0,10,14,12,19,-5,3,-7
,-9,-28,-15,-28,-8,-2,-54,-51
,-55,-36,-14,-3,-3,-3,-2,36
,-10,1,-10,-19,-13,-4,9,-31
,-10,-11,3,5,7,6,-14,19
,10,44,27,28,9,0,17,1
,28,-8,-17,-30,-6,-11,-16,-8
,-16,-17,1,-10,-8,-4,27,3
,1,-10,-17,5,-5,-11,-11,-22
,-37,-3,4,18,1,-1,-2,-5
,36,24,20,-9,7,13,82,36
,-13,-7,-14,1,7,-4,-48,-26
,31,-4,1,-10,-10,1,7,7
,-42,-25,-18,-7,-2,-4,-24,10
,-10,5,31,56,-2,0,-15,-5
,8,3,-6,13,12,6,-11,1
,16,3,-15,-53,-5,-1,-8,-6
,-44,-28,0,15,-14,-2,-2,-6
,28,-5,-9,0,7,3,5,6
,-2,12,2,-8,5,6,19,11
,5,-1,3,19,3,1,4,2
,29,5,-5,-8,-7,-3,-20,-8
,-4,12,-1,6,4,2,-1,-23
,3,2,25,18,-22,-9,9,24
,2,-12,-29,-24,26,3,8,-3
,-30,15,3,-11,1,-4,-13,-4
,-19,-6,2,-14,-3,1,-18,-38
,-7,-23,-9,14,-4,-7,10,29
,10,3,14,9,-3,4,13,-1
,14,9,30,25,-4,-3,6,5
,-3,-25,-58,-24,11,1,-39,-21
,-6,32,11,-17,-8,4,21,4
,13,5,7,20,0,3,27,10
,-12,3,-2,15,5,1,-1,-14
,-8,-5,8,-50,-13,-9,18,22
,23,-18,-19,16,7,9,-32,-40
,-33,9,6,7,1,-1,10,42
,45,-6,-13,13,-5,0,11,10
,-16,21,19,3,-8,-6,-18,-28
,21,-13,-21,-23,12,0,-2,9
,-34,17,2,-14,-13,-2,2,-6
,13,-30,-12,-33,-10,-4,-22,-3
,-12,29,11,36,15,3,14,-7
,-32,-46,-22,20,0,-2,1,-7
,-16,19,12,-20,-12,-13,-20,-6
,11,11,4,-18,6,5,2,-3
,3,-5,7,-57,-20,-6,6,35
,-17,-7,-7,36,0,-9,-28,-33
,-8,14,13,31,1,6,-3,6
,-6,-13,-23,-15,2,-3,-12,-4
,3,-6,5,7,7,-1,10,12
,13,0,5,-23,-7,-3,-12,-11
,13,16,-3,-40,-18,-6,22,10
,-19,7,-7,14,8,3,3,-32
,23,18,16,35,-11,-5,-29,0
,-7,-13,0,11,7,4,31,8
,8,-16,-26,-40,2,0,-2,-3
,19,0,-3,-8,-6,-3,-6,0
,-8,2,-7,10,20,3,11,-17
,-8,-13,1,11,-11,-1,15,10
,21,-7,-3,26,12,7,-4,0
,-28,12,9,-21,-13,-4,-1,-6
,24,-21,-14,-22,-12,-3,9,19
,-7,38,25,27,4,-6,-2,10
,-8,-26,-8,1,4,7,-10,-24
,24,-16,-13,7,3,-4,1,14
,-23,43,25,21,1,1,3,-8
,-5,-20,-23,-48,-6,-4,-6,-12
,7,19,10,-3,-14,-7,-22,5
,-16,-11,18,18,13,2,18,8
,5,-4,-22,-13,4,0,-13,-3
,11,8,2,11,6,3,11,23
,-41,-36,-1,9,2,9,2,-10
,10,41,4,-19,-11,-12,-21,-34
,-9,-55,-17,26,2,3,24,35
,26,22,12,-9,1,-3,-16,0
,-30,-2,3,2,-3,-1,7,-7
,31,-1,-4,-36,-9,5,12,14
,-10,14,11,17,-6,-4,-12,-36
,-6,0,-16,-21,3,-5,-8,24
,9,-6,19,41,-2,2,-11,-12
,7,7,3,25,3,1,0,12
,14,37,5,-18,8,5,15,-2
,0,6,15,-11,-15,-5,-2,-3
,-13,-22,-37,-28,36,-4,-18,-12
,-7,-6,5,5,-5,-7,-15,-3
,1,-27,-15,16,-7,2,1,9
,16,7,21,4,-2,3,31,-6
,-25,10,8,-29,-10,-3,15,4
,-35,-41,-28,22,2,1,-39,-11
,5,1,-2,-18,-1,-1,20,-8
,-10,6,-19,13,-2,-6,-9,12
,10,9,15,12,-2,6,28,0
,28,46,19,-10,0,2,1,20
,-23,-71,-27,-7,-8,-7,2,1
,3,16,7,-8,9,0,-20,-22
,38,1,4,45,1,0,-3,18
,-52,-35,-13,-23,-8,1,20,1
,11,23,-9,-5,9,-3,-18,-6
,9,-2,6,-6,0,0,1,-8
,8,11,-7,-12,-9,-4,-10,-2
,13,-12,1,-10,-2,0,6,-4
,-3,-2,6,25,-1,3,3,15
,-3,-5,5,4,4,10,9,-2
,23,26,4,-30,-10,-3,14,-12
,-8,3,17,32,9,-3,0,25
,15,-9,-6,-4,-3,-4,-17,-9
,-11,31,5,-31,2,2,16,2
,-5,-21,-3,10,4,5,-9,-10
,24,30,-2,-8,3,4,29,13
,-9,-14,18,17,-23,-17,-7,-8
,-12,-9,-36,7,41,16,-48,-9
,-18,2,6,5,-10,-13,48,7
,28,2,0,-18,-5,1,7,-3
,7,19,5,-1,13,13,7,0
,-10,-34,8,-48,-26,-10,-16,-2
,-19,-14,-22,38,15,-1,-46,-34
,11,8,-2,12,-4,-14,30,35
,19,25,17,4,-2,6,21,4
,-7,-18,-17,-10,-8,-12,6,0
,9,-17,-14,-25,-10,-4,-14,-7
,6,41,25,7,-15,-3,-13,1
,-27,3,-16,23,26,-3,-101,-42
,0,-13,1,5,-13,6,117,45
,7,-5,18,-23,-10,-9,-19,-9
,-15,-2,-10,11,16,6,-1,-12
,10,16,10,-23,-10,-3,-5,-4
,14,-19,3,24,-23,-20,-66,-34
,4,-6,-2,-21,3,5,12,22
,5,-2,-14,18,19,10,17,4
,-1,-38,-24,-6,8,4,13,4
,13,5,14,-6,1,3,-7,0
,-13,-1,1,27,-6,-1,4,9
,6,-8,10,17,-10,-6,-53,-24
,6,7,-9,-5,4,-2,46,16
,-17,12,16,26,-1,-3,14,3
,-6,-23,-8,-45,-6,2,-27,13
,-6,-5,-14,-17,3,7,36,-40
,-9,21,17,16,-7,-1,1,27
,-12,-26,4,6,13,5,-18,-10
,-23,32,2,8,2,1,-10,-5
,-3,-3,6,3,-10,-7,8,8
,21,16,22,-19,-13,-2,23,10
,-5,-14,-34,-23,24,14,-5,-1
,6,-21,-15,2,-3,-2,8,9
,-12,7,10,6,-2,-2,4,3
,-6,17,1,-4,6,-3,-47,-20
,-5,15,21,23,-3,2,41,16
,24,11,12,1,2,-5,-21,-3
,-8,-13,-4,-25,3,10,34,12
,10,4,1,6,3,1,27,18
,29,5,-17,-13,-10,-6,-22,-14
,19,14,17,5,0,-8,-15,-15
,-29,-2,-3,2,-11,-10,-33,0
,6,-13,-5,16,5,7,38,-6
,6,-9,-4,-17,-9,-3,-4,1
,-3,24,14,6,-5,3,29,7
,8,-8,-15,-6,11,-3,-71,-10
,-26,-16,-30,-50,-13,0,9,-18
,22,7,1,26,5,-8,-13,-1
,2,23,6,-58,-9,3,-10,8
,-37,-43,-2,63,13,2,5,-14
,-15,-1,-7,7,-11,-9,-23,-3
,-33,24,38,33,-8,0,35,11
,-7,-20,-58,-32,24,8,-15,-2
,34,2,-28,-52,-8,-2,10,-2
,-15,-3,5,19,1,-7,-13,-11
,2,-14,-6,-13,0,4,-25,-1
,-2,-2,27,35,-4,1,15,0
,11,-18,-4,-26,-12,-4,6,3
,19,21,21,39,0,4,7,-2
,-10,-11,-15,-21,1,-6,-25,-13
,-2,24,22,15,-9,4,22,-8
,-15,-9,-15,-8,7,-5,12,17
,-2,-17,8,9,-1,5,-5,5
,-2,18,16,35,7,-1,6,-11
,-13,-43,-31,-32,-6,-6,-38,-3
,-7,9,7,0,-2,-2,21,-2
,25,12,10,-34,-15,-3,38,7
,-23,-1,-28,6,11,2,-16,-8
,18,-11,18,33,-7,1,45,11
,3,-5,-16,8,17,6,-16,8
,-3,40,6,-35,2,-3,-13,-3
,38,-3,-21,-10,-11,-1,16,16
,-9,-22,-21,-15,-6,-4,10,2
,7,34,29,16,2,3,-21,-3
,-10,-24,-4,-3,-1,2,5,-7
,4,12,8,-29,-3,3,-14,-6
,-29,-4,8,30,-1,-7,11,3
,8,7,-13,11,1,6,9,6
,-14,-11,4,6,-6,-3,-19,-3
,-9,-30,-15,-17,-1,-3,-3,-8
,-9,2,10,0,10,5,-1,7
,-14,-18,5,-22,-21,-10,-10,-12
,-14,10,-4,21,6,-5,-4,-7
,-11,-46,-6,-11,1,6,-17,10
,-5,28,-6,14,2,2,7,10
,-21,-5,11,-11,-10,-7,24,-8
,31,18,-10,19,1,-2,-35,5
,3,7,7,-2,-12,-9,1,-33
,-11,10,30,17,0,6,13,16
,5,-23,-37,-28,0,-2,7,3
,16,1,-3,-24,2,2,19,4
,-18,13,1,-32,7,5,-16,-24
,2,6,9,102,11,0,-9,16
,16,-6,8,-6,-1,1,-13,-5
,0,-29,-3,15,13,7,20,26
,-24,20,3,0,2,3,-16,4
,15,-2,-14,-54,-10,-8,-23,-24
,34,10,17,-11,-9,9,28,26
,-19,-21,-12,19,-9,-10,-12,-4
,5,32,5,-27,6,10,31,21
,13,-4,-6,6,11,3,-8,-14
,3,1,6,9,2,-3,-3,-7
,-1,-1,-1,-11,-11,-9,-32,-43
,23,-1,0,16,-11,-2,25,42
,-6,2,-6,-10,2,-6,-16,-21
,-25,-3,1,-20,-14,-3,-3,9
,-30,-39,-9,52,13,7,11,3
,-3,1,-3,40,15,-7,-30,-30
,18,-12,-24,-33,-6,-7,5,2
,-16,5,0,-4,-1,6,38,33
,5,10,-6,1,-9,2,20,1
,-17,-29,-7,-13,-6,-1,-6,1
,13,23,8,-10,-1,-7,-20,-5
,-6,1,5,7,0,-5,-29,-54
,11,-5,5,-15,-18,-6,9,41
,17,13,-7,27,13,2,1,2
,11,-12,-6,-20,-1,0,-4,2
,-2,4,-3,-5,-6,-1,3,8
,24,26,20,15,9,-1,-18,-15
,-6,4,5,1,-5,0,-4,-2
,-60,-6,-18,-11,4,2,22,2
,-2,-20,-7,-4,15,3,-31,-15
,25,-20,4,-13,-1,8,19,16
,-10,51,23,0,-13,-8,8,11
,-9,-26,-1,23,4,3,-9,-23
,-2,5,-15,-9,2,0,3,8
,-14,0,-11,-14,3,0,-37,-2
,26,-1,-1,1,1,-1,35,2
,-21,-3,4,-29,-6,-1,22,-1
,-3,-4,4,29,4,-9,-28,-14
,29,8,-5,-21,-7,-3,20,9
,-1,-23,-4,21,5,1,-17,-5
,22,15,4,19,-10,-1,10,4
,-6,1,-10,-10,5,4,-6,-15
,1,-1,1,-25,-12,-5,11,27
,15,16,-9,10,24,7,-9,-14
,18,-4,6,-14,-11,-1,-12,-12
,-8,-6,8,21,5,-2,-6,1
,-7,12,-2,-25,-12,-10,-8,0
,-60,-24,7,-2,-13,-1,-7,-15
,12,13,-12,-24,8,0,-1,12
,9,5,0,18,24,17,7,10
,-8,-6,-3,12,3,-1,9,-17
,-19,-29,-1,-4,-12,-4,27,0
,18,17,2,6,-2,1,3,10
,25,16,17,2,-14,-6,-2,-4
,-21,-34,-13,-9,6,1,-22,-46
,24,6,-14,-26,-10,-5,-13,29
,12,-9,9,-9,-7,-2,26,16
,4,12,1,15,3,1,-6,-8
,31,-12,2,4,8,-9,-58,-10
,-20,6,7,-14,-14,2,34,11
,15,-8,-7,-18,-6,-5,-31,-7
,-15,-2,1,6,-15,-1,61,9
,13,9,2,-1,0,0,-3,-6
,23,41,13,23,15,3,-9,-2
,1,-17,-17,-32,-9,-6,-1,-6
,-21,-5,-8,11,-2,-7,-12,-6
,-29,7,-5,-5,12,8,2,1
,8,-24,-3,-5,-9,-1,18,17
,-10,2,9,22,1,4,-7,-5
,40,5,1,-14,-5,-7,-40,-10
,0,19,8,-40,-16,-5,32,23
,-7,-31,-7,66,8,-2,-16,-11
,11,2,-13,-29,21,11,2,16
,10,-3,3,14,1,5,26,15
,-9,0,3,18,5,2,-12,-8
,-1,2,-3,-8,-12,-3,-2,-8
,-3,-12,-5,-20,-12,-7,-9,-12
,15,21,13,-8,-12,-8,-12,-1
,-18,14,-15,15,17,5,-3,-10
,5,6,3,-2,-4,1,12,10
,-14,-22,-18,-2,8,-5,-15,-5
,-5,-3,2,-13,-1,1,-15,-13
,17,6,6,-2,-13,-3,9,19
,6,5,16,11,12,9,20,-14
,-10,5,-7,-26,-7,-4,7,21
,-32,-12,6,36,0,-1,18,8
,-23,-28,-14,-3,-7,2,-14,-21
,2,-6,0,-22,-6,-6,6,14
,3,13,7,30,8,4,-17,-18
,-2,-9,0,4,4,-5,-27,-4
,-12,-3,-12,-12,-6,-8,-2,-16
,-21,-7,-3,-15,-4,-3,22,12
,-5,4,-3,18,0,3,-3,-10
,-20,28,13,24,16,-5,-12,-4
,6,3,-5,-20,-4,1,18,6
,-5,-7,-3,7,-10,-4,-33,-2
,9,-6,8,4,-15,-4,10,-4
,12,-5,-5,-6,13,8,18,15
,12,-7,-3,14,5,-1,-21,-32
,-8,10,-1,-23,3,-3,-8,24
,-25,9,8,39,-14,-5,11,-9
,5,-36,-3,-22,0,4,-19,-8
,5,17,-11,-21,5,2,8,15
,-3,-30,0,-20,-7,-8,-22,-25
,2,0,2,10,-8,-5,-6,-7
,-15,9,0,8,8,1,3,-6
,28,12,0,5,-2,-3,6,20
,9,-18,-10,-6,7,10,20,-3
,-11,2,11,26,10,6,3,6
,5,-8,-3,-41,-28,-12,-21,-14
,-14,17,-24,52,31,6,20,19
,2,-22,-7,-15,-6,-1,-15,-14
,6,-3,3,1,4,-2,-4,-1
,-7,33,2,-37,-18,-5,-14,-17
,5,-37,12,33,0,-2,0,13
,20,13,-2,-6,3,0,-6,0
,2,-2,9,1,1,-2,3,-8
,6,6,-14,-17,-2,7,11,16
,-35,-16,20,21,-8,-5,2,-6
,16,12,-18,-23,-6,-2,-23,-15
,14,11,10,-1,4,2,2,1
,-34,-30,-17,-3,7,-9,-18,11
,-2,27,18,18,-1,7,38,17
,-2,-22,-3,5,-3,-1,-16,-13
,15,31,6,-9,-6,-1,19,20
,-4,-14,-15,5,-6,-3,-14,-34
,-28,-30,11,-26,-4,-10,-28,3
,2,33,-10,-7,9,5,18,16
,-6,-21,-12,-1,8,9,-2,-6
,6,3,-14,-6,0,1,20,11
,6,-6,16,-18,-13,-2,-11,-14
,8,7,-1,33,2,-3,-11,-10
,-4,-4,-2,-18,-1,0,-7,0
,11,-2,5,32,2,3,20,11
,8,-1,-14,-37,-6,-4,-12,-15
,-18,18,9,6,1,-2,3,8
,-17,-18,-10,5,5,4,2,5
,12,7,7,-19,-13,-3,15,-11
,1,9,-9,7,-13,-3,-1,7
,20,23,22,9,5,-1,0,7
,6,-44,-18,32,2,-6,1,17
,2,20,-3,-22,1,3,6,-1
,-6,3,4,-6,2,3,2,-12
,13,7,-10,-24,-8,-5,-25,-16
,-1,3,28,1,-13,1,23,1
,18,-3,-15,9,7,-3,-9,12
,-11,-3,-1,1,8,11,25,7
,-4,-4,0,-22,-6,-2,-24,-22
,14,13,8,23,-1,-3,-9,1
,-52,-17,3,-19,-9,-10,-27,-3
,25,-20,10,54,-6,1,28,3
,-1,-17,-20,-19,16,5,4,1
,-4,-32,-29,-18,4,8,22,21
,21,29,15,-2,-10,5,23,-11
,-13,13,-4,-4,6,-11,-38,-3
,-6,4,21,9,-14,-10,5,-9
,-3,5,-11,-36,-5,-6,-12,-20
,-22,-1,6,19,15,12,3,6
,1,-7,-10,-36,-2,3,7,4
,-1,0,4,17,-8,-8,-2,-9
,-21,8,-4,30,13,-3,-26,-19
,-2,-14,17,1,-10,1,26,36
,0,8,-13,-21,-1,-3,2,-13
,20,-19,-3,1,-2,1,-9,2
,-23,17,2,10,-7,-5,3,-2
,4,-3,-4,10,6,0,-22,-16
,-23,-9,2,1,8,1,-15,-4
,22,12,3,-7,-6,1,24,36
,7,11,5,4,-5,-5,-6,-17
,-12,2,8,7,-2,-2,21,4
,3,17,-2,-42,0,3,4,-16
,-14,-13,-13,27,9,-7,-32,3
,1,-1,6,21,4,11,27,-1
,2,5,5,-44,-6,2,2,29
,9,5,6,41,-15,-7,-14,1
,-48,-3,-14,-9,12,4,10,-6
,-9,10,10,-1,2,-4,-26,-38
,20,-8,-5,-37,-20,-9,12,32
,-17,14,8,11,26,4,-28,-21
,5,-7,-6,12,-4,-4,-10,-5
,15,24,21,10,-4,-1,-9,14
,17,-11,-32,-55,-3,3,8,-30
,-15,9,-2,7,-12,-4,4,5
,5,-2,18,18,8,-1,-4,-20
,-4,-2,-11,-25,1,0,-16,19
,19,3,2,31,-1,-4,-6,-16
,20,11,-8,-27,1,1,17,38
,-19,-9,16,33,5,7,18,-1
,17,-1,-2,-33,-12,-2,13,-10
,9,-10,-2,18,1,-3,-31,-1
,-18,-18,-2,12,-8,0,-1,4
,16,24,-10,-29,6,1,30,15
,23,2,5,0,-2,-6,-4,4
,6,-1,-23,-57,6,4,-7,7
,-2,1,17,52,8,9,18,-6
,16,-16,-4,-5,-4,-2,-3,-8
,-5,2,-11,-3,-5,-7,-9,9
,-7,-8,17,-4,-9,-2,27,-7
,22,7,1,21,19,5,-12,-3
,-14,10,3,-13,-13,-3,5,16
,-6,-22,-24,-11,4,2,12,3
,-13,-16,17,58,2,-2,-13,-13
,-3,-2,-4,-35,-12,-6,-37,-13
,16,-10,-16,-7,-11,-6,29,-14
,-16,5,6,3,21,7,-17,-21
,0,-1,-12,6,-1,-8,4,38
,25,8,5,-31,-11,1,0,-19
,-11,5,8,23,6,-6,-10,-12
,2,0,-6,27,-9,2,5,7
,-9,8,7,17,7,-1,-8,-15
,4,2,14,27,-1,1,-4,-9
,-35,-30,-31,-71,-14,-6,-8,-5
,-31,-11,9,7,-2,-1,10,23
,3,-1,1,17,15,1,0,-8
,5,2,5,-15,-10,-10,-16,-10
,-22,-24,-12,-1,-8,-4,-7,0
,11,10,-4,4,26,15,22,5
,2,25,-6,9,-11,-3,-31,-27
,-11,-16,13,-2,-10,-13,-3,10
,16,19,-2,11,9,8,20,18
,-33,9,10,23,6,-7,-17,2
,4,-36,-1,10,2,-3,1,-11
,-14,12,7,-4,-6,-5,-4,-4
,6,13,-10,-30,3,5,-1,6
,14,14,25,-11,-13,-3,10,-10
,-10,4,-23,1,15,0,-4,-12
,-16,-41,-13,3,5,4,9,5
,4,34,21,-13,-2,3,-4,7
,12,-11,-1,15,-1,-1,-3,2
,-15,-20,-4,-4,-19,-3,11,0
,6,-6,-8,-7,12,-4,-28,-16
,-27,19,-1,29,4,6,26,24
,19,-1,18,-25,-21,-6,0,4
,-13,21,0,19,21,5,12,-2
,16,-21,-26,-24,-9,-4,-10,-10
,-16,-26,13,9,-7,1,7,12
,23,6,-2,-1,0,-2,-9,-9
,-47,-3,-22,1,10,1,-1,-8
,23,-21,-7,-5,-4,4,21,18
,-8,23,20,9,-7,-3,-8,-27
,-3,-43,-22,-8,-5,-13,-25,2
,26,27,19,-14,-7,-3,30,32
,3,13,-6,20,9,5,10,3
,-9,-12,-4,-1,-5,-4,-13,-17
,-7,-2,-7,-8,-4,-4,-13,-5
,2,9,22,46,3,4,-16,-19
,-3,5,-25,-49,-1,0,6,24
,12,9,8,35,9,6,0,-8
,-41,-5,-14,-25,-3,3,-4,-11
,6,-19,10,2,-15,-10,-8,-1
,5,-1,-2,-6,2,4,13,14
,3,-12,11,-6,-5,-9,-15,-8
,9,10,-3,-10,0,-5,-5,-1
,7,4,-15,17,10,11,28,12
,9,22,29,33,-3,-2,-1,-2
,28,-14,-22,-37,1,1,-2,7
,-1,-3,1,6,8,-7,3,-15
,-3,1,3,-40,-21,-11,-25,4
,3,0,-6,11,-9,-1,7,-2
,5,30,23,42,24,5,-2,-3
,2,-28,-11,-9,-18,-7,-1,1
,-2,-8,-7,-25,-3,0,-3,-17
,-33,2,3,-4,-4,-5,-27,3
,21,-9,3,-23,-7,-7,14,16
,8,22,0,-7,8,12,23,-2
,-2,-26,17,42,-6,-9,-19,8
,-7,32,-23,-53,16,10,24,7
,-18,-29,-13,18,-10,-6,-3,-11
,21,10,14,-15,-3,0,1,16
,-5,14,-2,-18,3,4,-9,-12
,8,-26,-5,39,15,6,3,-5
,0,3,-3,-44,-7,-13,-18,-13
,14,-25,-23,26,12,11,0,7
,19,26,18,-4,-1,4,21,16
,0,21,19,15,-11,-6,-2,-12
,8,-2,-13,-4,7,5,-2,4
,-17,0,6,-12,-15,-3,1,-12
,-2,-14,-9,32,24,-6,-16,-1
,-16,-2,-5,-19,-2,2,16,17
,18,3,-2,4,-7,-1,6,-7
,-12,18,17,-12,-4,-5,-6,-10
,-19,-15,-16,0,-7,3,0,11
,27,10,17,11,7,0,7,0
,-9,2,-3,24,3,0,-30,-22
,4,-11,-20,-38,-5,-5,-9,21
,-7,7,12,27,7,3,-1,4
,17,-15,-5,25,-4,-2,-10,-21
,-5,23,26,8,-16,-1,21,19
,-22,-26,-34,-21,17,2,-8,-17
,53,37,2,-56,-16,-4,0,3
,-43,-36,-20,6,-6,-4,-4,-13
,3,-10,-5,21,3,-4,-9,21
,-8,-4,24,16,-9,-10,3,-11
,8,-15,-26,-25,3,-2,-6,-6
,-48,22,18,5,2,0,12,-3
,12,0,-6,-11,-5,-1,-15,-19
,10,4,13,27,7,3,20,41
,3,-35,0,46,7,1,1,-11
,0,16,-25,-47,-3,-4,3,3
,-17,-23,-8,-8,0,2,-15,-5
,20,23,1,4,-6,9,13,-15
,-9,15,19,-7,-18,-10,-1,10
,6,-15,0,0,15,3,17,6
,10,8,-9,-12,0,1,-7,-5
,-3,1,5,10,-10,-2,9,9
,-43,0,-7,10,8,-3,-18,-32
,-10,-19,-7,-8,-18,-9,-13,17
,28,18,-3,1,21,17,33,17
,-13,-2,16,40,10,0,-9,-17
,-15,-12,-11,-3,-9,-6,-12,-6
,56,28,36,3,-12,-2,4,-2
,-36,-30,-58,-32,19,1,-26,-19
,19,9,-8,-1,-8,-3,15,17
,3,-10,0,-7,7,2,-11,-8
,13,2,6,1,-3,-8,-3,5
,-4,3,26,20,-12,0,5,10
,-10,-16,-14,2,2,-2,-15,-24
,8,5,-20,-29,14,7,24,18
,-6,5,9,-7,-14,-9,-38,-31
,-21,-13,25,74,-2,-2,7,12
,0,18,-29,-51,4,0,-2,-10
,29,20,13,22,0,3,8,7
,-21,-26,-7,10,3,9,12,8
,16,11,-14,-11,-5,-3,-13,-13
,-15,-12,3,-11,-10,-5,-4,11
,21,21,6,-18,-6,3,13,0
,-15,7,-4,6,7,5,-11,-14
,-21,0,23,-5,-16,-13,-1,-4
,12,3,-5,10,2,-2,3,22
,16,3,-10,-13,6,6,26,12
,-12,-14,-6,37,8,0,1,12
,17,6,1,-13,7,3,2,-5
,-38,-4,-14,-9,-13,-5,-13,-19
,-20,-2,8,4,0,2,-4,9
,0,5,-2,-29,-8,-4,20,2
,-6,-21,5,-19,-7,0,-6,-2
,6,23,10,60,22,3,30,4
,-13,-11,3,14,-15,-9,-26,-11
,4,-12,-27,-20,6,-1,-5,3
,22,21,4,-17,-5,-3,9,17
,1,-13,18,-3,0,2,-11,-9
,-17,0,-11,-34,-14,-6,-16,-6
,-3,-1,23,22,4,-4,6,-8
,20,14,-16,-4,13,0,14,19
,14,14,22,22,2,8,-25,-12
,-11,-26,-20,-12,4,-4,9,-4
,1,3,-8,-4,-6,1,-1,6
,-13,15,18,-17,-9,-6,-6,-6
,-4,-20,-12,5,3,1,3,-10
,5,-8,4,1,-6,-1,14,16
,-47,-2,-1,25,5,2,-8,-28
,-2,-22,-15,-15,-5,0,-23,-19
,17,13,2,-33,4,4,35,42
,-13,-1,11,36,-7,-2,-5,-11
,16,-2,3,-72,-5,-4,17,-18
,11,-6,-20,27,-4,1,30,11
,15,15,22,42,13,2,-8,3
,-19,-31,-44,-39,7,1,-37,-24
,23,12,15,1,-11,-4,8,-11
,-24,6,2,7,5,-4,-1,4
,1,-9,-14,-12,-11,-6,-31,-5
,-11,13,41,34,-8,0,-11,14
,34,19,-25,-17,9,2,-57,-15
,-11,-5,1,-3,-7,-4,-17,7
,-14,-4,5,-19,-9,0,21,5
,-30,9,-2,15,9,0,1,-15
,4,-44,-23,18,-1,-3,-2,21
,19,16,16,3,17,3,9,-4
,-1,-12,-9,21,-1,-5,-35,-14
,35,43,18,-14,-8,-6,10,17
,-24,-29,-3,-30,-13,0,19,1
,-16,-6,-5,-7,-4,-5,-33,-9
,-3,-21,-12,-7,8,7,42,8
,9,-4,1,-2,5,2,-1,-5
,-9,10,2,33,1,2,15,3
,-6,-11,-2,-14,-10,-4,-7,-13
,12,9,17,16,-6,-2,10,20
,9,-15,-24,-45,-6,-4,-4,-21
,0,15,15,25,20,14,15,22
,-11,-8,-12,-1,-9,-2,0,-11
,-6,12,5,-5,-1,-4,-21,-37
,10,-16,4,-9,-2,1,13,26
,-1,3,-12,40,16,4,-8,-4
,0,3,7,-2,-6,-2,-9,-11
,-5,-1,-19,-15,2,0,8,9
,0,-1,11,4,-6,4,17,1
,-4,1,15,-7,-13,-7,-4,0
,27,8,-26,-11,10,5,26,15
,-22,-9,-10,-17,-12,-6,-2,-10
,20,10,13,18,12,1,-22,-23
,7,6,-3,-5,-7,3,12,23
,-5,-5,20,6,-6,3,-11,-4
,12,-2,-6,23,-6,-2,8,4
,-14,-11,-23,-2,16,3,-2,-18
,15,-10,13,7,-12,-9,3,29
,13,11,-21,-60,-3,2,5,-9
,-21,8,2,-15,-8,-9,-22,0
,20,0,-9,-2,14,7,25,12
,-9,0,-5,4,-3,-4,-19,-21
,-1,-13,15,-11,-12,-8,8,15
,19,25,16,25,16,5,-17,-14
,-12,9,-10,41,6,-2,-1,13
,-3,4,4,-16,-2,2,29,-1
,6,-25,-7,-16,-13,0,-8,6
,4,18,16,1,8,1,-14,-24
,0,-4,6,-14,-10,-2,27,23
,2,-4,-5,-5,0,-1,-9,-14
,12,23,14,-1,9,-3,-4,6
,-36,-21,-18,24,-12,-3,7,-5
,-20,-33,9,-7,-10,-11,-32,-15
,12,12,-10,-17,-5,-4,-7,-3
,6,1,6,17,4,5,4,-16
,0,-21,-11,-10,1,-3,-12,10
,-14,11,5,-31,-9,-5,4,3
,14,4,2,70,26,4,-21,0
,1,7,18,28,0,2,33,11
,15,-11,-24,14,18,3,3,-3
,11,0,-14,8,-7,6,-7,-1
,-22,-5,22,-14,-18,-12,-12,-14
,-8,2,-24,-39,10,3,3,13
,-23,-7,7,-2,-9,-1,6,-1
,12,24,4,-4,0,-1,-3,-16
,8,6,-2,-19,-3,-1,2,-2
,4,-21,-2,25,-10,-12,-24,-6
,6,-16,3,-26,-10,0,27,17
,-32,0,2,19,7,1,-24,-15
,17,1,9,3,0,4,20,-1
,-7,8,8,13,-3,-8,-16,9
,16,17,-4,-38,9,2,11,13
,17,-10,13,-5,-14,-3,-9,-7
,7,-10,-31,25,9,0,10,32
,-16,-21,-3,-3,3,7,-10,-28
,13,5,10,25,8,-3,15,13
,-9,-14,-18,-30,-6,0,1,5
,-19,33,9,-8,-10,-10,-16,-28
,15,-9,0,-28,-13,-9,-2,1
,-8,-9,-32,-2,17,11,-10,1
,21,-12,9,8,-5,-7,-9,-10
,-1,-1,7,-59,-6,3,38,35
,10,8,0,68,16,6,4,-8
,-22,8,7,-21,-21,-17,-37,-27
,17,5,8,32,12,8,47,25
,-9,-13,-5,-30,-2,0,-26,-18
,-3,4,-12,30,-1,0,-8,13
,-5,11,7,-25,-2,-2,21,8
,2,-11,15,43,-5,-2,-10,-22
,12,16,-25,-44,6,3,0,24
,-36,-2,-2,-17,-2,-2,1,-24
,-32,-19,1,13,-3,0,-9,-2
,33,12,-4,-29,-14,-3,11,13
,0,-6,2,0,-2,0,8,-6
,-16,0,-12,-14,9,-2,-2,-2
,24,12,8,25,-8,0,-16,-18
,-20,11,18,1,-4,-1,5,27
,-9,-12,1,33,7,0,-8,-21
,1,9,1,-32,-1,5,-2,4
,3,-30,6,19,-12,-8,15,7
,-12,5,-20,-12,2,2,-10,0
,7,26,13,20,7,1,15,12
,0,19,14,21,-9,-8,-9,-5
,19,13,15,-17,10,7,-2,14
,-78,-28,-22,-33,-1,-5,8,-15
,-19,-12,0,8,-10,-3,-20,-14
,-11,-1,17,-19,3,0,12,8
,17,-4,-4,-34,-11,-2,-6,-16
,20,15,3,56,13,4,1,4
,0,-26,7,-3,-4,0,2,-10
,-11,-15,-20,6,-9,-6,-11,-4
,5,11,6,-6,7,5,4,3
,0,-8,4,11,2,0,11,2
,17,16,-8,2,-6,1,11,22
,16,17,19,7,1,-2,-15,-29
,-4,-21,-11,7,1,0,3,11
,26,6,-23,-28,-2,-5,-25,-9
,-41,-17,2,1,-3,-1,-5,-13
,8,-2,-7,8,-4,-3,11,7
,-16,13,1,-26,1,-2,4,0
,60,13,24,29,-6,0,-11,-3
,-29,-5,-9,33,12,-3,-4,10
,-2,8,15,8,18,5,19,16
,5,-23,-29,-8,-8,-3,-8,3
,-5,3,0,-8,-6,1,0,-15
,32,-2,-4,-35,-13,-6,-7,0
,-21,5,1,18,6,6,21,0
,22,10,9,6,-11,-2,1,1
,-36,-3,-6,-14,8,-6,0,8
,2,-8,-3,16,3,3,5,-10
,-20,-15,17,-19,-14,-11,-14,-6
,18,3,-44,-9,9,9,-1,-3
,-30,8,3,-24,-11,-3,-7,-7
,7,-20,10,6,-3,-4,10,6
,32,9,-21,15,10,8,-1,0
,-23,-13,17,-7,-10,-4,-7,4
,6,16,-4,5,8,0,7,0
,-24,-18,-17,13,-3,-3,-8,-5
,16,-1,-3,-22,-14,-7,16,17
,-30,27,28,21,2,1,-8,-13
,25,-20,-14,-38,-17,-3,-14,-3
,-4,18,-6,25,28,7,-14,-21
,22,-17,-2,17,-1,4,-11,8
,-9,6,-4,-6,-12,-13,-26,-17
,-5,-5,-6,-7,5,2,29,30
,-7,5,15,-14,-5,1,-11,-18
,16,11,-19,-1,1,0,-7,1
,13,2,3,-19,11,3,18,-2
,-21,-8,5,37,-13,-6,-29,-29
,6,-13,-4,-32,0,-5,21,31
,-13,9,0,0,7,7,9,-7
,24,-1,-6,17,10,-8,-11,10
,27,6,0,1,-6,-3,-3,-6
,-43,11,-3,-18,-6,-2,-7,-4
,-5,-28,9,5,-6,-2,-19,-28
,-6,2,-4,1,-10,0,18,26
,3,-23,5,10,14,6,12,4
,37,28,-17,-19,-2,-2,-13,-7
,-30,-10,1,-11,-3,-5,-4,-10
,-13,-22,-4,21,10,7,7,13
,-20,14,6,-24,-10,-11,-13,-13
,3,-18,-2,23,5,9,19,13
,33,11,-13,-2,0,-8,-2,14
,-2,5,5,6,-8,-4,-7,-15
,-4,5,5,6,5,4,8,6
,21,-12,13,7,-4,-7,-8,-9
,-15,-13,-29,-6,1,3,-13,10
,4,8,-4,-55,-7,2,27,0
,3,-2,1,-20,-7,1,2,8
,-22,-17,-1,-1,-3,-10,-25,-35
,16,15,11,-13,10,17,34,16
,-64,-36,-8,11,-4,-3,2,1
,5,6,-14,1,9,4,9,6
,4,15,21,1,-12,-6,-13,0
,11,-9,-3,-1,-2,-1,-9,-9
,24,27,9,-1,0,1,3,0
,2,5,-1,8,-1,0,-10,-9
,6,4,6,-12,3,3,8,9
,4,-1,-16,-4,-3,1,10,13
,3,-4,6,29,-1,3,1,-2
,-6,13,7,1,1,0,3,1
,13,10,-15,7,-1,1,-12,-9
,2,24,8,-13,-1,-7,-40,-36
,11,-20,18,10,-11,-4,25,25
,2,4,-29,-21,5,6,21,10
,-10,-16,-20,-6,11,3,-3,-4
,-10,-16,15,33,-7,2,4,4
,20,42,9,-27,-3,-4,-8,-19
,-13,-9,-20,26,13,-2,-7,-1
,-6,-11,8,20,-7,-2,2,12
,-11,-20,-18,-16,5,-2,-8,-16
,15,12,15,0,-14,-6,-19,-14
,3,-12,-5,-5,-3,-4,3,20
,8,-3,-3,28,5,2,-6,-8
,-17,-6,-12,-21,-1,1,14,22
,-11,-3,-5,-38,-6,-7,-29,-36
,23,16,10,6,10,6,7,4
,-1,-19,-1,10,-5,2,16,18
,33,19,11,28,8,2,11,4
,-40,-31,-11,2,15,7,-11,-7
,0,8,9,2,-11,-12,-17,-14
,-18,-6,-6,-24,-14,-4,-13,-27
,-3,-3,-21,-9,-1,-6,9,20
,1,27,5,19,5,1,-5,2
,-4,-34,-2,-13,-6,0,2,-3
,23,21,0,20,3,1,8,15
,-13,3,14,-34,-14,-11,-3,-12
,-3,-4,-24,7,19,6,1,-10
,-6,-7,14,3,-10,-2,-3,27
,9,19,-14,-26,2,-2,-7,-25
,3,6,24,69,20,-5,-9,21
,19,-9,5,-4,0,13,13,4
,-23,-19,-21,4,-3,-4,4,-3
,31,25,20,-28,-11,4,6,-3
,-25,-8,-3,3,-2,-6,-14,-10
,7,-18,4,14,-5,-2,4,4
,31,17,-7,-22,-2,-1,-2,3
,-30,-5,9,34,9,-3,-13,0
,-19,-15,-16,-20,-10,-1,15,3
,31,6,-6,-6,-7,-6,4,9
,6,-4,6,-4,4,5,8,-5
,15,10,-6,-7,3,-3,0,8
,-11,-1,6,5,-3,0,-13,-25
,-30,-11,2,-38,-21,-8,0,10
,-11,-25,-1,26,19,1,-9,-29
,-4,-2,-6,-29,-4,10,61,57
,28,21,11,20,-3,-2,-4,-17
,-40,-24,-14,15,-1,-1,-4,0
,-17,10,11,-5,8,3,-23,-18
,27,10,6,6,0,-3,-10,-3
,-4,2,-7,4,-1,6,28,13
,-22,-17,-14,-31,-8,-6,-21,-32
,-3,8,7,11,-5,-6,13,14
,-6,-20,-22,-5,1,-3,-17,1
,17,17,14,-20,-5,-3,-12,3
,-8,9,1,28,3,-5,-19,-29
,-17,-5,-7,-24,-7,2,14,18
,-6,0,1,22,0,-4,19,5
,13,-5,9,9,8,3,-10,6
,13,-18,-9,14,5,3,10,13
,-7,-5,-2,-11,15,12,-11,-25
,3,-9,17,-12,-20,-13,-5,5
,5,3,-34,-16,-8,-5,-14,-9
,-4,25,24,9,9,1,9,7
,21,-6,-15,24,3,-4,-20,0
,-11,-14,-3,-19,3,9,8,-19
,-30,-21,3,12,-13,-13,-27,-2
,24,17,3,-23,1,-5,14,25
,3,9,-11,2,-15,1,24,15
,-7,-7,0,-15,9,-1,-8,-6
,1,-10,1,-6,-2,0,-3,-21
,14,0,-4,-24,-18,-12,-16,-3
,-4,-5,5,-4,19,4,10,7
,-18,0,-5,25,1,2,-10,-13
,12,5,8,1,-2,1,10,9
,4,15,6,16,3,5,2,1
,-19,-16,-24,-27,-2,-2,-10,-19
,7,1,2,0,-11,-8,4,17
,7,5,-13,-32,4,4,-3,-6
,-29,2,3,12,8,3,-2,-6
,-4,17,8,10,-11,-2,13,22
,8,-22,-29,-40,-8,-13,-43,-22
,-1,-10,8,21,5,9,30,29
,2,-7,1,22,7,3,-2,-14
,8,22,10,-1,2,0,10,9
,-11,10,-4,10,5,1,-8,-6
,-20,-12,-9,-25,-5,-3,-12,-11
,-2,-3,-6,8,-5,-4,-13,-3
,2,4,27,-14,-13,-6,7,-2
,-7,20,-13,18,18,3,2,5
,-23,-7,-2,2,-1,6,2,-23
,26,-8,-7,-12,-4,-12,-26,-9
,-7,22,13,-1,-8,2,32,42
,-3,11,34,16,-2,2,-16,-8
,-6,15,-16,-25,-7,-4,-3,-9
,7,-10,-8,36,10,-1,-5,0
,19,-19,-4,-8,-4,-3,-14,-7
,13,10,-2,-4,-8,0,13,5
,-27,4,9,24,17,6,0,7
,11,-6,4,-19,-7,0,12,3
,2,-19,-20,3,-8,-9,-6,-12
,-2,29,30,2,-23,-3,0,-5
,0,-12,-22,14,46,10,19,16
,30,16,-4,-31,-11,5,14,16
,-9,-17,1,22,8,2,-25,-24
,-1,-15,4,55,23,5,-9,-15
,29,6,19,-4,-20,-14,15,25
,-27,-7,2,18,12,10,12,-7
,-2,16,6,-21,-10,-4,-1,-1
,0,-43,-17,-36,-13,-6,2,8
,-14,3,13,30,0,-3,-29,-19
,-4,-11,-4,-16,-13,-12,-4,3
,11,-8,-7,2,11,7,-7,-24
,-1,16,-7,-1,9,4,4,14
,10,-5,-3,-8,-4,1,-7,-3
,1,-1,-5,-11,-4,1,-6,-1
,-12,4,17,19,-14,-6,16,9
,-10,-5,-11,1,8,2,-6,-19
,6,6,-1,-10,-11,-9,-9,-1
,37,2,-2,-21,-21,-5,18,24
,-27,-15,-21,48,50,8,-9,-4
,-9,-19,6,4,-10,-4,3,-21
,18,21,-13,-39,-12,-6,5,17
,-32,2,1,-15,-2,-2,-12,-23
,10,-4,9,14,-9,-10,-11,18
,-7,2,-1,-23,-2,8,16,18
,16,3,9,8,6,0,5,-8
,-15,-3,-3,7,15,7,-7,-9
,3,13,-3,-57,-23,-2,-7,1
,-17,-7,-20,42,8,-6,-16,-27
,11,-14,2,-33,-11,-7,12,15
,0,19,14,13,12,10,22,17
,-43,-17,4,16,-6,-7,0,-20
,3,-21,2,-59,-25,-3,13,13
,-10,-15,-20,42,22,3,-3,-10
,12,12,2,12,2,-2,-16,6
,14,7,-11,-25,-4,-8,-28,-16
,1,-11,3,5,-7,-4,12,33
,-24,-16,1,-7,-1,6,3,-2
,29,7,9,2,-8,-8,-13,-5
,-9,-12,0,-4,-1,2,2,-20
,-5,19,-9,-12,-2,-6,-14,7
,22,-9,3,18,4,4,14,6
,-11,4,1,2,2,2,4,-1
,18,5,-9,-25,-17,-6,-8,-12
,15,2,12,21,5,-2,-3,-2
,-51,-2,-9,-56,-13,5,16,16
,-20,-12,5,45,23,-1,-3,-3
,18,19,-2,4,-1,-2,5,5
,-26,-31,-3,10,4,1,-12,-19
,-10,23,5,-10,-9,-1,1,-6
,-7,7,5,-4,-13,-3,18,6
,-1,-17,-6,9,16,5,-4,-14
,16,8,-14,20,13,4,6,24
,0,-9,8,27,-9,-7,-33,-39
,-10,6,1,-36,-12,0,23,30
,13,-10,-23,-14,8,3,3,2
,4,-2,0,-19,-8,-3,-8,-5
,-8,13,12,-4,-11,-5,3,-8
,-12,-9,3,38,18,1,-18,-23
,-14,-2,15,19,-1,-2,6,23
,-13,7,-1,-6,5,4,5,-15
,-2,-28,-22,6,-8,-6,4,-8
,-2,-6,8,-26,-10,-2,-8,-1
,-5,16,-6,8,-5,-1,13,7
,29,13,1,-9,1,-5,-9,-23
,-35,-16,21,-5,-5,-3,-18,19
,15,-13,-25,17,10,4,-10,-8
,-5,4,14,-11,2,1,-12,9
,-45,15,6,13,8,6,1,2
,34,-1,13,23,5,2,-12,-24
,30,5,-28,-54,-7,0,20,23
,-32,-8,3,12,-3,4,18,-3
,6,-20,-4,-18,-5,-11,0,2
,24,25,16,9,-10,1,-3,1
,-31,-14,-23,-2,19,5,-1,-5
,36,-1,1,6,-3,-5,-7,-6
,5,-5,-12,-24,-7,0,10,15
,-3,-4,-7,-2,-5,-3,-10,-17
,16,18,28,21,-7,-11,-15,-4
,-7,7,-27,-87,-14,-6,-11,-11
,-5,-32,-3,70,22,7,25,9
,-12,5,-14,-47,3,2,13,20
,-4,13,15,45,-1,7,-6,-18
,38,-13,1,0,-2,-7,-5,10
,-8,7,9,-7,-12,0,-11,-6
,0,19,8,37,10,4,2,-3
,-6,-24,-20,-54,1,-3,2,4
,-25,3,16,54,-14,-6,-23,-32
,-27,-12,-17,-47,5,0,3,8
,7,2,-2,8,-3,2,34,15
,1,-17,2,0,-4,-1,1,19
,6,19,10,10,4,4,4,-10
,-1,-5,9,3,-7,-1,-13,2
,-14,5,-16,-23,3,2,0,-22
,3,6,7,-2,-6,-4,14,19
,9,-14,-4,-22,-7,-1,8,4
,25,3,8,37,1,1,-2,12
,35,7,11,17,14,4,4,13
,-10,15,-11,12,6,5,3,-5
,-12,-26,12,2,-4,-5,-13,-7
,-29,16,-12,-17,1,-2,-9,-11
,13,-9,-17,-19,-4,-7,-5,10
,5,4,-10,-1,2,-4,3,-20
,-2,14,16,34,-12,6,8,35
,12,0,10,-28,3,-3,1,-14
,6,2,-7,12,13,5,3,-2
,-25,-21,-3,-29,-13,-14,-29,-23
,-10,-7,-7,-12,-6,5,31,11
,26,10,8,24,18,0,3,7
,-8,-2,-8,8,5,-1,-2,-11
,8,1,6,3,-2,4,-7,12
,-26,20,16,6,2,2,-3,-18
,20,-4,-36,-45,-16,-3,8,6
,-12,-16,18,-11,-6,3,4,11
,5,0,-5,16,-9,-6,-19,-17
,3,7,-5,4,16,5,2,1
,10,0,3,9,-2,0,9,14
,-11,-13,-3,-10,-4,-6,-15,-11
,18,4,5,16,-7,-4,11,11
,17,16,-6,-12,7,0,-23,-12
,-2,-3,1,-11,-10,1,13,-5
,10,-8,1,10,-11,-11,-3,-3
,-29,-13,-8,12,25,10,17,9
,9,-12,-10,11,12,-2,-16,-19
,-5,34,1,-56,-14,-5,-4,7
,-7,-11,7,52,-2,-6,-10,-8
,-25,-9,-2,-7,-15,-3,-12,-14
,8,-10,-18,2,22,10,22,29
,31,15,13,6,-1,4,-8,-15
,-28,-1,5,-3,-8,-5,1,9
,8,-7,-10,-32,-9,-4,-5,-9
,-10,6,9,11,-3,3,1,1
,3,1,7,-3,1,3,-4,-4
,5,37,-7,-16,-5,-5,-11,-3
,-7,-14,-9,0,5,2,4,16
,15,-16,-3,-26,-15,-16,-4,-1
,-31,-1,15,40,5,-3,7,0
,20,-1,-8,-6,5,3,-14,-8
,-17,10,5,-2,-2,-2,3,-1
,17,3,-16,-15,-3,-3,10,9
,-26,7,13,-15,-8,-4,-28,-20
,-26,-46,-14,-13,-2,1,9,14
,4,21,10,11,-3,2,16,2
,7,-4,2,40,4,0,6,0
,-8,8,8,36,4,-10,-18,-20
,1,-8,-7,-22,-13,-2,5,4
,4,-2,-17,-40,15,1,2,-7
,-15,4,0,24,-4,-6,-27,-7
,10,-7,-13,-30,-4,4,-2,-9
,-4,-8,30,63,2,6,27,19
,29,-23,-32,-42,9,3,-1,3
,-26,19,-1,-21,-8,1,7,0
,2,-11,3,20,-3,-7,-29,-31
,-11,5,-3,-16,-6,-2,9,7
,24,5,20,27,-4,-3,8,18
,1,-12,-14,-34,-6,-5,-12,-10
,-8,4,-6,17,-11,1,28,11
,-3,1,2,21,16,3,-19,-12
,7,24,9,4,-3,-4,-8,-9
,18,-8,5,-28,-11,0,10,7
,-20,-13,2,16,10,-5,-11,-2
,10,2,-9,-21,1,0,-1,-1
,8,-7,17,86,-5,-5,-23,-13
,-17,21,4,-27,2,4,21,15
,-1,-31,-29,-27,5,13,27,10
,3,-3,-1,7,5,-3,-26,-27
,0,11,5,-6,-8,-4,-10,1
,-9,-6,25,10,-11,-8,-13,-17
,13,4,-15,-14,-4,-4,-6,8
,28,8,-1,7,13,2,17,18
,-35,-2,8,-3,-15,-4,-4,-6
,32,2,-8,-19,0,0,-3,4
,-45,11,10,64,22,7,9,-3
,9,-12,-14,-56,-20,-4,-21,-18
,-8,7,0,8,9,3,9,-4
,2,8,37,66,13,-7,-7,7
,7,-11,-49,-57,2,6,1,3
,-21,2,-2,6,4,6,11,11
,2,-13,10,-24,-6,1,3,-11
,-12,-6,-32,-25,-6,0,-9,4
,13,3,26,18,-4,-3,6,-3
,-33,3,-4,10,2,-5,-22,-15
,5,-11,-1,-16,-12,-6,6,5
,15,-6,3,33,3,3,6,2
,-4,1,3,-2,-7,-4,-12,-9
,10,-19,-9,-5,3,1,-10,-5
,-1,12,18,-9,-2,5,10,6
,-5,-9,-16,4,17,5,10,-2
,33,-3,-15,-2,-6,-4,-3,18
,27,30,10,18,0,0,9,7
,-31,-41,5,-1,-6,-4,-16,-16
,-2,13,-8,-11,6,3,-2,-3
,15,-4,18,-7,-1,4,4,0
,17,10,-6,-7,4,-4,1,7
,-18,3,-18,-15,-7,-3,-16,-3
,-20,-14,-10,-17,-9,-4,15,-3
,-21,10,12,7,-10,-6,-14,-1
,4,-10,4,13,1,3,10,7
,21,7,-10,4,11,2,9,6
,-12,-6,15,-6,-17,-6,-14,-40
,-4,-6,-20,-28,5,3,9,22
,2,25,16,32,-8,1,28,18
,-12,-15,-11,17,19,4,8,-12
,10,-19,-19,-18,-2,-5,-2,4
,3,23,25,-8,-11,-1,-2,-5
,-4,-7,1,-17,-10,-8,-23,-7
,-10,14,4,2,9,2,5,8
,-6,-27,-7,16,4,2,-21,-16
,-4,21,1,3,0,-2,-2,-1
,-6,-24,-4,-4,-7,2,12,12
,-1,12,11,-26,-12,-4,-7,-6
,4,-3,9,33,6,0,-6,1
,-12,9,-14,-4,6,5,10,3
,1,-7,-1,-34,-6,-5,-21,-16
,-1,4,-12,14,-10,-3,3,0
,-5,2,13,52,22,6,0,5
,13,13,10,-14,-7,-9,6,13
,-6,-4,-14,-10,1,-2,6,-13
,7,-1,-7,-28,-9,2,-14,-4
,-5,-12,0,-4,-4,4,31,9
,-10,-6,-4,22,2,1,-26,-10
,-6,16,7,-11,2,0,25,15
,18,3,18,-29,-20,-4,-6,0
,8,8,-28,7,17,6,14,10
,13,-3,2,35,14,1,-3,-3
,-39,-22,1,1,-8,-2,-11,-12
,24,6,-6,-6,7,2,-5,1
,-9,7,9,15,-7,-8,0,4
,19,4,15,-25,-13,-1,-6,-5
,-8,-2,-21,-9,5,0,-17,-9
,1,20,13,34,7,9,48,25
,-10,-8,6,-35,-16,-2,-25,-16
,-6,-25,-14,9,-2,-3,2,-3
,11,12,21,9,-8,-10,-20,-23
,0,-1,-21,-23,19,2,1,26
,3,23,-7,-1,-1,3,5,-7
,1,-9,1,7,-3,-1,8,9
,-5,4,4,-68,-10,2,-8,-12
,-5,-18,-6,73,12,-1,-19,-10
,9,-1,5,-6,-5,-7,-5,5
,-13,-12,8,14,-10,-9,-1,-9
,18,13,-28,-25,8,6,3,17
,2,-11,5,-5,-6,6,18,6
,4,7,-14,-14,4,3,-16,1
,7,-7,17,5,-7,5,9,1
,5,-2,12,49,10,2,23,19
,-12,10,-34,-52,3,0,-8,-5
,-32,-14,16,-1,-10,0,-4,1
,-3,12,-3,-12,-4,-7,-13,-14
,5,-8,-9,24,1,3,5,2
,5,-8,-5,-43,-13,-10,-12,-9
,6,2,1,2,-9,-5,1,-12
,5,8,7,32,8,2,-9,8
,-8,-8,-4,51,8,-3,9,-2
,0,2,4,-9,-2,-4,-9,-3
,-3,-8,-7,-43,-16,-6,-7,-4
,5,-10,-4,-50,-8,-1,13,15
,6,24,9,47,1,-2,-37,-39
,-1,-13,-2,19,8,0,23,28
,1,0,2,5,9,12,0,5
,12,-17,-12,-4,6,6,18,8
,1,-10,9,-15,-13,-5,9,-13
,-4,7,-1,-9,-7,-2,12,4
,3,10,4,15,9,4,26,2
,9,-5,0,7,-6,-3,10,-7
,-4,-1,-9,-27,-5,-2,15,15
,7,-1,-6,41,11,2,-4,-21
,-3,14,1,-14,0,-4,23,-2
,-10,-9,3,-21,-11,-2,10,12
,39,-3,-20,-6,21,4,18,1
,-60,2,-7,-5,-2,-5,-6,-11
,2,-16,0,34,4,-4,6,2
,6,10,4,18,4,-1,-24,-4
,25,7,22,9,2,6,13,20
,-7,-6,-15,-15,3,-3,-51,-19
,14,-1,4,-28,-8,2,-36,28
,-24,7,-1,5,-10,-9,-42,-10
,-4,-6,2,16,15,9,-17,7
,-22,-3,6,-5,0,1,-6,-22
,10,7,11,30,-4,-9,-28,0
,-9,-29,-34,-55,-1,-1,-16,-21
,9,17,6,-5,-5,-2,7,20
,-3,4,32,19,-7,-3,1,5
,-20,-25,-19,-9,-2,-2,-5,-11
,44,23,-7,42,21,8,10,-6
,-21,-20,-3,-21,-10,1,21,9
,27,-19,-6,7,6,1,5,1
,8,-3,14,6,-3,-6,5,-1
,4,7,-2,-19,-10,2,20,23
,-21,-2,-4,-9,-1,-6,-17,-24
,17,19,6,17,-3,3,17,7
,-2,-9,-8,-51,-19,-5,-3,-4
,-11,4,10,11,-2,-4,1,-7
,-19,2,-2,8,-2,0,1,18
,5,-4,-9,-2,1,-6,2,-1
,-3,12,-2,11,3,2,-8,-5
,-15,-28,-3,-21,-7,-3,4,-3
,-16,-4,3,-57,-18,-12,-19,-20
,27,2,-4,74,16,6,9,5
,26,14,1,-2,1,-4,-4,-4
,-30,-8,13,9,1,-2,8,-8
,5,-3,-26,-29,-15,-1,3,25
,8,4,4,-10,-3,0,11,-3
,-5,1,-5,-11,-1,-2,-5,-10
,-6,3,-1,2,-6,-4,-14,-10
,-5,-8,8,6,4,2,-20,-20
,-21,3,-9,-9,-6,-5,1,-7
,-21,15,3,14,3,-2,-9,-6
,1,7,-3,-18,-4,2,28,43
,8,2,-11,28,10,-5,-5,-10
,8,-19,3,-14,5,7,2,8
,-23,-15,17,6,-18,-10,-8,-5
,2,4,-32,-23,19,0,-12,-37
,6,12,6,48,4,4,4,8
,8,1,4,-15,-10,-2,-4,5
,-9,-5,-11,-19,-6,-3,24,6
,8,-3,9,2,0,1,1,4
,-12,7,-1,-11,-4,0,-4,2
,2,1,29,2,-9,-2,-10,-15
,-4,-5,-17,26,37,10,6,5
,4,6,-6,17,0,0,0,2
,12,-13,-5,-2,-5,-3,-5,-19
,-4,-4,-3,-4,-4,-7,-19,3
,-23,-1,12,-23,-17,-1,5,-8
,23,-2,-22,19,13,9,22,24
,-6,11,18,-2,7,3,4,14
,-21,-8,-16,-22,-9,-2,-2,-11
,14,-10,-7,-14,-1,0,-10,4
,1,14,25,38,5,2,0,-1
,-12,-8,5,-12,0,0,5,-12
,9,3,-15,-11,0,-2,2,17
,7,11,3,8,4,-2,-9,-12
,-17,-5,18,-1,-12,-2,10,3
,11,-16,-9,17,10,-2,4,3
,-3,20,1,-1,8,1,-8,-9
,16,-2,-5,0,-1,2,-17,-21
,-10,-4,-8,-19,-3,-9,-8,-7
,22,18,19,1,-12,-1,23,28
,-1,-32,-7,7,0,-2,-13,-10
,15,-5,-2,-5,9,10,11,-2
,-15,11,8,-1,-14,-8,-27,-8
,-11,-1,-6,-17,17,5,5,-2
,-6,-3,3,42,7,2,-1,-1
,-11,-10,1,-20,-13,-3,5,10
,16,12,-7,9,9,4,-9,-1
,-10,-7,-1,-26,-15,-1,3,-6
,12,5,7,-13,-18,-14,-17,-17
,2,8,-9,12,6,5,29,38
,-21,-8,13,-11,-2,0,-20,-22
,-3,4,-8,35,-1,-4,-18,-12
,10,10,-5,-49,-4,5,30,19
,4,1,6,-15,-8,-4,-2,-3
,10,4,-16,-3,8,-1,-4,-19
,-29,-12,1,21,7,5,14,20
,-5,9,12,18,-7,1,-3,-11
,-13,-24,-2,-30,-9,-3,-2,5
,28,13,10,-13,0,-2,-6,2
,-23,-6,-9,51,12,-3,-14,-17
,2,-14,-17,-22,11,5,3,5
,12,18,6,9,-1,1,2,18
,-16,-17,0,-11,-11,-4,-4,-14
,-2,5,8,-28,-10,-8,-18,-26
,5,-12,-5,6,-1,-4,1,8
,-2,12,-13,5,-3,4,14,7
,11,2,5,2,-4,-1,5,14
,4,-8,-7,-24,-8,-5,-2,1
,-15,20,19,-5,-12,-7,-17,-17
,19,5,1,37,22,1,-27,-17
,-7,-8,-7,14,8,5,26,20
,-8,-11,-8,-12,-3,6,-2,-2
,16,25,10,-1,2,1,0,-3
,-15,-1,3,2,-11,-3,4,4
,3,2,15,70,10,1,-1,-8
,-13,-5,-18,-93,-1,-11,-18,-1
,25,-15,-3,34,5,9,16,9
,-2,-3,7,21,-4,-3,22,18
,-11,10,-6,-4,-4,1,-5,-16
,19,4,11,4,-11,-5,15,13
,-17,-13,-10,-21,-8,-9,-8,3
,1,-3,-8,-15,6,3,-1,-11
,-16,-8,1,-6,-4,-2,-3,-14
,13,-1,-6,-18,-6,-3,-5,-13
,13,20,12,15,4,7,20,20
,-26,-19,7,26,0,0,-8,-3
,-5,-22,-36,-55,-2,2,13,5
,-8,8,-1,46,16,-1,-14,-8
,17,-6,-6,-1,-11,-10,-13,-6
,-17,18,17,11,-2,0,3,7
,1,12,-26,-32,2,3,19,9
,-4,-15,3,-10,-2,2,9,3
,-1,7,-6,46,14,-2,-7,-21
,11,-5,-3,-41,-5,-4,-27,-2
,4,-12,10,1,-12,-7,11,18
,3,19,16,37,8,4,6,-2
,-13,-15,-11,-28,-11,-8,-8,-8
,-1,-2,5,28,11,6,-7,-17
,19,-6,-6,16,3,-2,-12,4
,-9,11,8,-1,-9,-8,-10,-10
,-14,-24,-4,-8,-2,3,2,2
,15,3,7,-19,-6,-12,-15,0
,7,9,-4,-8,-7,1,5,-1
,2,2,-3,17,15,5,20,12
,-17,-32,-15,-9,-5,1,-1,5
,4,41,17,1,-3,2,4,-4
,-11,-26,5,-10,-4,-9,-41,-40
,22,17,7,18,2,0,4,24
,-5,14,7,2,6,11,28,20
,10,-23,-15,1,3,2,-5,-13
,9,16,20,-12,0,3,6,18
,-14,-23,-16,-16,-12,0,-14,-15
,5,-3,-7,4,0,-1,-8,-3
,7,-3,-8,-12,-2,-6,3,4
,-18,-5,3,15,1,0,-3,-13
,0,-12,0,-19,-11,-3,-7,-1
,-4,9,6,1,-5,-5,7,14
,-3,-12,-14,-27,3,0,3,-9
,-7,8,-9,41,11,3,-5,-9
,23,13,-7,-10,2,-1,7,9
,0,15,12,-2,-7,-4,-5,-11
,-12,-6,-7,18,-1,3,25,25
,-5,3,6,-3,-4,1,-8,-3
,5,0,19,8,-19,-8,1,-11
,-23,-9,-34,1,33,12,-6,-3
,6,1,-4,-18,-8,-9,-2,-7
,-5,-5,12,-14,-6,-5,-2,5
,-19,25,3,29,-3,-2,-8,-16
,19,-14,-12,2,6,2,16,18
,-13,9,-1,-1,2,1,5,-4
,7,-1,1,1,7,8,21,16
,0,-16,-4,-33,-17,-6,-11,-4
,-15,-5,17,23,-10,-6,-17,-18
,20,17,-7,4,17,5,-1,2
,-27,-11,-14,5,-6,-2,-1,8
,4,11,1,-2,1,2,8,13
,-16,-5,5,-12,-4,-7,-10,-14
,11,-15,1,-1,-6,-4,-7,-11
,1,-9,-10,-10,1,-2,0,-2
,-4,-1,-4,-1,0,2,-2,4
,2,8,11,31,19,5,7,-2
,11,12,4,12,-9,-4,-11,-3
,-6,0,19,9,-23,-8,-3,-1
,-25,-29,-43,-15,36,10,-1,-2
,20,-3,8,10,0,4,20,21
,2,7,0,17,3,7,33,12
,4,-3,-1,-5,2,-10,-28,-13
,13,19,20,-2,-14,-5,-7,-15
,-4,-4,-8,-23,-14,-3,-30,-19
,-24,-2,-9,-12,1,5,18,7
,2,-3,1,4,-5,-2,-10,8
,-19,-27,2,-6,-5,1,10,9
,19,29,9,10,3,-1,2,2
,-6,-7,-3,-32,-7,-2,-11,-6
,16,6,20,38,-9,-6,-5,-17
,3,8,-22,1,31,12,15,27
,-9,-11,-7,-17,-7,-1,3,-7
,-4,-25,6,-5,-17,-8,-6,-18
,-9,-6,-24,24,26,3,7,1
,41,4,12,28,-1,0,4,-4
,-8,14,7,-19,-14,-1,11,5
,-20,-28,-9,8,6,-2,-4,-3
,61,26,7,-6,-9,-4,-8,-14
,-36,7,11,-11,-17,-10,-17,7
,-9,-37,-13,-18,5,4,1,-4
,16,56,11,-7,-12,-5,-11,-1
,22,6,-5,-52,9,9,27,33
,-2,-6,10,58,2,-3,-26,-39
,0,-6,16,-8,-20,-7,3,16
,-1,10,-25,-21,9,1,-2,3
,-19,-19,-30,-40,-4,-3,-12,-4
,-4,3,9,-17,-10,4,13,-5
,-1,17,10,7,9,-3,-27,-18
,4,-16,5,40,-10,1,2,-4
,-10,8,7,-16,-6,0,13,13
,-14,-27,-20,-28,-11,-13,-2,6
,7,5,-11,1,3,4,0,-4
,-10,8,11,19,7,-2,-12,-6
,-42,-5,-3,-12,-10,-6,-16,-26
,16,-18,-1,-11,-6,4,23,29
,-1,7,-26,6,7,1,14,1
,13,7,9,10,-6,-3,4,9
,-4,-18,25,33,2,4,3,5
,-12,2,-49,-54,11,5,14,5
,2,-2,0,-23,-4,-1,2,1
,-3,-4,-6,-1,1,-2,-7,-6
,20,6,6,17,4,3,4,1
,-3,-3,19,40,2,1,9,-3
,14,-4,-22,-33,-6,-5,2,13
,-1,4,8,-3,-7,-2,-8,-22
,3,8,8,11,13,4,-3,24
,-9,-2,5,0,-2,-2,-3,-5
,14,3,2,5,-6,-1,-8,1
,-2,-1,-3,-2,6,-2,0,-26
,-11,-4,-24,-26,2,3,-12,-2
,29,14,18,50,7,1,19,22
,-21,1,15,11,-3,-5,-7,-7
,-3,-12,-27,-46,2,3,2,6
,-8,1,7,4,-10,-7,-3,-17
,-5,-11,11,-25,-9,-8,-20,-24
,-1,-22,-17,9,3,-2,-5,-3
,13,37,10,1,8,1,0,10
,3,-7,-14,10,-10,-4,1,2
,13,9,12,30,4,3,-21,-11
,-11,7,13,11,-6,-5,15,14
,-7,-16,-2,-43,-6,3,-10,-26
,-4,0,10,21,-3,-6,4,32
,-10,-3,-27,-35,13,11,14,-2
,6,5,23,51,-11,-5,-7,1
,-10,-20,-37,-11,17,4,3,4
,-11,27,20,-4,-3,-6,2,-8
,2,-8,-18,-18,-7,-10,-17,-20
,-7,12,10,-23,-4,5,3,9
,24,-12,16,28,0,-1,2,24
,-3,-22,-6,-3,1,-2,15,-9
,-1,11,-2,6,-1,0,-14,4
,16,14,9,-16,0,-4,0,-7
,-14,-1,14,1,-12,-4,-3,11
,-2,8,-10,20,24,12,9,-8
,-1,-6,-2,-13,-9,-2,-29,-25
,-7,-6,-3,-2,1,-1,10,25
,-21,15,5,-16,-11,-2,10,-1
,6,-22,5,16,-3,2,0,11
,-24,14,-9,-40,-1,-4,-5,-8
,-8,-6,-5,46,9,1,-13,-8
,-4,-16,-21,-30,5,7,26,23
,-19,-16,-5,7,-8,3,4,-13
,20,23,14,0,-10,-9,-16,2
,-17,-33,-20,-49,-15,-3,-19,-22
,7,-2,8,64,31,3,-16,-11
,15,-9,-2,-48,-8,-2,19,26
,50,14,-1,42,9,2,-2,19
,-52,-1,13,14,5,0,28,-6
,26,-7,-15,-22,-4,3,-5,4
,-3,34,25,2,-2,-1,1,-4
,-3,-3,-6,43,5,1,9,4
,-3,-6,-3,-2,2,-3,-8,-17
,0,-8,8,13,-6,0,6,11
,12,-4,-4,-31,-5,-5,-15,-28
,-29,-3,-5,-8,3,2,20,20
,13,-11,-2,10,2,0,-26,-12
,8,17,-1,2,-9,-2,24,2
,-2,-2,-7,-11,-2,-10,-18,-1
,-10,-20,4,-4,-5,-1,-3,-18
,18,7,5,4,1,-2,-4,15
,-2,-10,-4,10,-1,-4,3,6
,-19,27,1,-27,-6,2,-17,-22
,-15,-25,-10,-3,-6,0,16,13
,-12,17,8,-7,0,3,-5,-17
,-5,-5,6,12,0,-9,-13,21
,15,-4,-14,15,11,9,12,0
,17,13,14,-16,-11,2,23,-4
,-9,6,-6,6,4,-3,13,24
,9,-2,17,44,19,12,2,-20
,-12,-31,-8,-1,-5,-5,-33,-10
,11,5,-9,-12,4,7,13,20
,19,14,10,-22,-8,-4,-7,-2
,-25,-14,4,15,-11,-10,-14,-11
,5,-1,-19,-20,10,0,0,4
,-4,6,-6,-21,-7,-2,-4,-4
,2,-12,-12,23,2,-1,3,-5
,-8,7,2,-5,-6,-10,-13,-3
,0,2,7,-13,-3,2,9,10
,3,3,1,0,-12,-2,-2,-9
,17,3,-7,-12,4,1,-11,-12
,-5,-14,-19,-8,-1,-2,-8,0
,21,17,8,34,5,0,21,23
,-5,-15,-7,2,12,1,-12,-15
,26,14,10,-27,-10,-1,-8,-21
,-16,-4,1,3,-8,5,25,25
,-11,-9,-2,-8,-2,-2,-7,-11
,0,-4,6,3,-2,-8,-13,9
,28,-22,-4,-1,-6,4,15,6
,-46,37,16,-9,-8,-6,-22,-24
,8,-12,-30,-1,2,3,25,10
,-18,-8,7,29,11,0,-3,-19
,6,1,-15,-17,5,0,-12,1
,3,-7,5,-6,-15,-10,-5,-5
,5,-7,11,-3,-7,-4,-15,-10
,-7,12,0,14,1,-6,-10,1
,-12,9,-20,-6,4,2,21,13
,24,13,9,-7,3,-3,-27,-32
,-18,-20,0,35,-2,-3,12,20
,10,14,17,-20,-2,7,8,12
,-7,-11,4,36,6,5,-7,-3
,35,12,4,-13,-3,1,24,11
,-1,6,3,16,4,4,-12,-5
,-12,0,2,-33,-10,-3,-1,-12
,0,15,6,23,-11,-6,-3,5
,0,-24,5,42,20,5,-1,-6
,4,4,-21,-69,-8,-6,-24,-16
,-3,-5,1,15,0,0,13,16
,-19,-21,12,-6,-6,-7,-8,-10
,-5,-12,-15,-6,-11,-9,4,19
,5,2,-9,28,13,6,13,4
,-8,16,9,-10,-5,-8,-3,-10
,-1,3,-3,-11,-1,-2,-4,-3
,-16,-20,-1,-17,-13,-3,0,3
,10,-3,1,-12,-5,-6,-3,-2
,-9,9,3,27,7,6,-15,-6
,6,5,6,23,18,10,15,7
,-1,-19,-13,-2,0,6,4,8
,12,20,4,-12,-10,-10,-10,1
,-13,-14,-21,-27,-1,-1,0,-1
,-9,5,8,-34,-12,-4,-4,-4
,4,-6,-5,20,10,4,-4,-7
,-13,4,7,15,3,-6,-27,-14
,5,-20,15,24,-2,-5,5,10
,-7,-9,-14,-21,-2,0,5,4
,0,14,5,12,-8,-1,-2,-3
,-10,0,-10,-21,4,8,4,-19
,18,-11,-7,-5,-10,-6,-12,-9
,-1,11,2,-2,-2,-4,11,12
,5,-7,-7,-24,2,3,3,7
,-6,9,17,21,1,7,9,-19
,-1,-5,-4,-10,0,-7,-29,-15
,-17,0,-2,-7,-4,2,14,26
,11,4,0,0,8,0,2,1
,-10,6,2,-31,-8,-2,4,6
,-7,-3,3,26,5,1,0,-6
,18,3,-20,7,13,2,-29,-20
,1,16,14,-12,-20,-9,5,13
,-35,-28,-17,-19,-2,-1,-5,-13
,5,-3,2,40,1,1,13,8
,2,-4,-8,-11,-3,-2,3,-12
,-8,10,8,30,4,0,-12,-4
,4,-3,0,0,-13,-3,-1,-7
,-9,-1,0,-46,-9,-10,-7,-5
,6,-5,-28,25,19,8,16,13
,8,2,1,-22,-2,-2,5,11
,-2,9,8,13,-4,-1,-3,1
,-1,-8,9,-1,-6,-3,7,8
,-7,-3,1,11,1,-2,-21,-29
,-6,-10,-7,4,-4,-8,-28,-25
,9,8,-3,6,2,-1,22,41
,9,8,-6,-17,6,9,5,2
,4,0,7,-19,-13,-4,10,14
,4,-16,-8,-5,4,4,6,-6
,1,-4,3,19,-4,-1,-10,-9
,5,4,-15,-47,2,-2,-25,-14
,-7,4,5,10,-9,3,23,18
,-29,-27,-7,15,25,0,-13,-11
,10,9,10,22,16,9,17,10
,12,-5,-1,-25,-10,1,-1,7
,-7,-10,-24,2,6,-3,-21,-5
,12,7,-4,-2,-4,5,25,13
,1,-8,0,18,-2,-2,-5,-24
,-18,-3,7,21,3,2,-2,-9
,13,10,13,-25,-9,-7,7,4
,-10,7,0,-31,-9,0,5,5
,-7,-10,3,34,-3,-4,-6,5
,-6,-9,-10,-6,2,3,-7,-19
,22,29,3,-29,-3,-6,6,17
,-10,2,-1,15,10,8,-12,-13
,-11,-8,-8,-70,-13,-3,4,6
,-8,-25,5,84,7,3,12,-5
,-3,-5,16,-10,5,1,-6,-8
,8,8,-1,8,0,4,22,17
,8,4,2,16,7,5,12,7
,0,9,-15,-28,-17,-13,-17,-5
,-5,-29,-2,24,8,2,11,14
,5,12,14,-36,-5,1,-2,-9
,-1,1,3,17,-9,-10,-13,-12
,-16,4,-7,-38,5,2,7,6
,-3,-18,-17,18,0,2,-16,-10
,-1,10,18,-4,-18,-5,-12,-13
,12,0,-18,-11,11,-2,12,21
,-11,13,-2,42,9,-2,4,-6
,-5,-12,1,-36,-6,2,-7,-13
,7,2,-10,20,-1,-2,1,13
,-11,-11,10,-12,-7,-4,-19,-21
,26,12,6,-18,-11,-5,11,26
,-4,1,2,15,11,6,26,8
,-24,-16,-26,-21,0,-1,-11,-7
,4,0,-10,-3,7,-3,2,-4
,7,8,19,3,-4,-1,-17,-9
,-9,6,5,24,13,1,8,4
,24,2,-2,-7,-2,-2,-7,-9
,0,2,7,-8,0,-2,-24,13
,3,-12,-4,19,4,1,27,2
,1,24,7,26,14,-1,-18,19
,7,2,-6,5,-5,-2,5,-12
,11,-8,-10,-3,-1,4,23,-1
,-25,15,16,-11,-7,-2,-8,5
,-8,-28,-23,-4,-10,-4,1,-6
,-7,-13,-3,-4,0,-6,-11,-12
,-5,1,-5,-2,-6,3,10,5
,9,5,0,5,1,-4,-13,-6
,-3,-1,10,-1,-13,-7,-4,-14
,13,-3,-6,-30,-6,-2,-1,-7
,-3,4,-17,15,6,3,3,16
,11,-15,-4,-6,-1,-2,8,-5
,-21,-1,9,-14,-7,0,-5,-15
,5,-6,10,31,0,-9,-17,-16
,12,3,-13,-2,1,5,23,35
,-10,16,16,-7,0,6,6,-23
,10,10,-10,24,4,-2,8,22
,-23,19,-3,-26,-14,-2,-11,-13
,-4,-31,7,22,4,1,-3,-24
,-13,-4,-12,9,5,-3,-9,9
,7,-13,0,-38,-14,-2,-6,-16
,10,10,-2,15,7,2,12,18
,-9,4,16,1,-2,-1,-24,-11
,17,2,-8,-20,-8,-4,4,15
,-7,-3,12,1,-5,-2,5,-12
,-1,-6,-5,-6,6,4,8,6
,4,14,15,6,4,-2,-19,-14
,-3,-24,-1,15,-6,-3,21,18
,8,25,4,-18,0,0,-3,4
,-9,-9,-26,19,10,-1,11,9
,-13,-3,8,-15,-2,0,0,-13
,7,-2,-1,27,17,9,-20,0
,6,7,0,-8,-5,-2,8,-5
,0,-10,4,-17,-15,-7,-8,12
,9,12,-2,-5,-7,-7,1,-12
,-18,-7,-13,-8,12,5,-4,0
,12,-18,3,1,-12,-3,-7,1
,11,26,6,16,8,3,-1,13
,-10,-9,-11,1,3,8,29,9
,-15,7,4,-37,-11,-1,-22,-25
,-2,-3,26,35,-10,-9,-17,-16
,8,-12,-38,-40,8,0,12,23
,13,-2,4,7,2,3,12,19
,9,5,5,18,-1,1,-3,-10
,4,0,2,8,4,-3,-10,-9
,-6,-17,25,12,-10,-10,-16,-8
,28,4,-19,-27,-7,-2,-5,-1
,-43,4,-2,-20,-17,-8,16,-1
,25,-4,-6,22,11,0,-20,-8
,2,1,7,-9,1,1,-2,-10
,-12,-12,16,26,-4,-1,8,12
,14,17,-12,12,14,6,16,-2
,9,-3,-14,-23,-10,-5,-23,6
,-24,15,9,30,11,5,25,12
,10,-7,-8,-18,-8,-10,-30,-38
,21,0,-12,-28,3,4,15,16
,-33,-16,11,40,7,9,32,19
,10,-17,-34,-39,6,2,-12,-4
,-21,18,18,30,-5,-7,-18,-11
,-4,0,0,4,-1,-1,-13,-17
,-2,-4,-12,-39,4,2,8,-5
,-6,8,11,30,-5,2,4,0
,-2,-6,-2,-5,3,1,6,8
,7,4,-1,-28,-9,-9,-1,0
,-21,-17,-3,21,1,-3,-3,6
,3,2,4,-5,-2,5,-5,-7
,9,6,-3,-36,0,2,-7,-3
,13,-5,-2,31,-6,7,13,15
,1,13,0,-47,-9,-7,-5,1
,7,-4,6,-16,-9,-3,0,-7
,-16,-4,-16,17,3,-6,-7,13
,8,2,14,46,27,18,17,13
,-5,-4,-1,-4,-2,-4,-9,-23
,5,6,18,9,1,1,-7,-1
,-3,-5,-7,-31,-17,-10,-5,5
,-1,-9,-8,-24,-10,-6,1,1
,-5,11,10,41,0,5,14,3
,39,22,-19,-23,3,-4,-11,-12
,-51,-10,9,5,1,8,16,-2
,5,-22,-2,-34,-1,-9,-23,-4
,-6,2,0,12,-3,-2,1,7
,1,-12,5,56,8,-1,-5,-5
,14,15,-8,19,3,-3,-19,-22
,-11,-26,-13,-12,-4,-4,-3,21
,4,6,6,-33,-5,4,20,4
,-30,-3,16,7,-6,-2,5,4
,11,-3,-21,3,23,8,27,10
,2,-7,12,22,7,-4,-20,-29
,5,4,-15,-14,-8,-6,-19,6
,-16,7,13,-2,-3,0,4,2
,17,7,22,7,-6,-1,1,12
,-29,11,-8,4,10,2,4,-1
,-16,-26,-27,-16,6,-1,-10,-20
,3,-14,-9,4,-7,-4,4,14
,1,-11,17,3,-4,5,13,15
,27,19,-3,-10,-4,1,3,-1
,9,20,-10,-6,11,3,0,-2
,-22,-8,17,60,-10,-5,10,-8
,-5,-22,-40,-12,14,1,-25,-18
,9,6,15,5,-17,-3,46,38
,-5,-3,7,-17,6,8,-7,-22
,-8,0,-4,-33,-14,-12,-32,-28
,-17,-16,-1,-33,0,-7,7,34
,8,18,-6,35,10,2,-6,-10
,16,-9,-2,-6,-14,-3,-4,-12
,-8,0,11,42,19,14,11,12
,-21,1,-1,-25,-8,-7,-10,-21
,-2,4,3,0,-9,-4,-4,4
,-2,-1,7,29,-1,3,0,1
,7,-5,-24,-97,-8,-2,2,-1
,-7,-6,9,43,-3,-1,-6,-11
,-7,-10,-15,16,3,-5,-10,-21
,-16,28,9,8,-1,-3,0,19
,10,6,31,20,-8,1,10,1
,9,0,-48,-80,7,3,12,-6
,-7,-17,6,0,1,6,-1,2
,2,8,5,4,0,-4,-12,-18
,-14,-9,0,1,-3,2,6,31
,50,17,13,5,-11,1,-6,-23
,-17,-1,3,-11,-8,-2,3,21
,-5,-8,-4,20,3,-4,-12,-12
,11,-2,-23,-33,2,-4,3,6
,-41,-14,11,78,2,-1,-10,-14
,7,8,-9,-81,-10,-3,9,-1
,4,0,-5,38,-1,-1,2,2
,-19,4,5,16,2,-1,-5,-8
,26,16,23,2,-1,-1,-8,-9
,-15,-4,-22,-24,0,-5,-14,1
,5,6,5,-51,-21,-10,0,-22
,4,-13,-7,-13,-8,-3,0,11
,23,41,-1,27,9,-5,-14,4
,18,4,2,0,0,9,15,5
,-11,-2,4,-6,3,3,15,13
,-18,-21,-9,-14,-10,-9,-40,-30
,-9,-3,0,16,-8,-4,-12,-24
,21,-4,-2,-5,-4,6,35,42
,9,6,-19,-3,7,-2,-5,0
,0,-7,5,4,9,6,-4,2
,-11,-10,2,-7,-4,0,0,9
,8,2,3,-5,-6,-7,-15,-23
,-9,-1,15,30,-12,-3,-4,3
,-14,-2,-4,-35,14,2,28,4
,11,3,-10,-3,-7,2,10,4
,4,-3,5,47,15,-5,-29,-7
,13,-5,3,-4,-3,-3,13,16
,-1,7,-5,-26,-6,-1,4,-20
,-10,-6,7,-7,-12,-8,-7,31
,-10,-3,0,-6,-3,3,5,-17
,0,-2,4,4,-3,-7,-12,-15
,29,13,-5,0,2,3,3,16
,-19,-15,-6,8,6,4,20,2
,-6,-16,8,49,13,0,-4,-4
,14,2,-17,-31,-3,-5,-16,6
,18,3,3,-10,-3,3,8,-7
,3,19,11,2,-6,-2,10,12
,-17,-7,12,-15,-15,-5,-1,12
,0,1,-1,57,32,12,16,-8
,-30,10,-8,-12,-1,-4,-7,-16
,-32,-17,-6,-23,-8,-5,-1,19
,9,-4,-18,-19,8,3,-5,-20
,-7,-14,-6,-13,-3,3,19,31
,2,4,4,19,-7,-10,-21,-23
,0,6,21,19,2,-4,-18,-3
,-1,16,-19,-17,-1,-1,14,12
,-15,-11,-8,-42,-4,1,-10,-22
,-14,4,1,-5,-4,-4,-1,25
,5,-3,3,33,2,0,-4,-12
,18,10,-2,-30,-17,-9,-6,-10
,10,-21,4,51,25,9,13,16
,-15,-2,-19,-21,-7,-4,1,-2
,20,26,17,10,15,13,-4,-24
,-32,-9,-16,-28,-16,-5,-6,11
,-40,-19,19,17,4,-8,-11,-10
,14,4,2,18,-5,1,2,1
,8,-23,-10,-36,-4,-6,4,4
,7,21,17,17,-8,-5,-18,-28
,8,13,-1,-21,-8,2,10,22
,1,-33,-9,15,7,0,8,1
,-9,18,9,3,6,2,1,-2
,9,-3,11,25,7,-3,-26,-36
,4,13,3,-30,-17,-7,9,28
,-11,2,-12,-3,11,10,14,3
,3,-6,-11,-1,-3,3,5,-2
,15,11,18,33,-2,-7,-23,3
,-46,1,-9,-13,7,13,14,-20
,32,2,-8,14,3,-1,-2,1
,14,-23,-10,-15,-3,-2,-2,19
,-21,7,22,23,17,7,3,-5
,25,-1,-25,-39,-15,-1,-2,-3
,7,1,17,11,-8,-2,14,5
,13,4,3,-9,-3,-2,5,19
,-1,11,-4,6,6,-3,0,0
,14,1,5,3,2,-4,4,12
,-7,-13,1,-2,1,3,-17,-30
,-11,3,-14,22,-3,-2,19,12
,-17,-11,3,-7,-4,-1,-19,-38
,-12,-11,3,-33,-13,-10,-3,19
,0,1,-7,4,5,5,1,0
,-7,-6,1,-5,-5,0,-9,-15
,-2,-13,-9,-19,-5,-2,-1,6
,15,19,1,17,-6,-4,-7,-14
,20,0,8,16,-1,-8,-3,13
,-15,8,17,5,-8,-4,5,-4
,6,-25,-35,-24,21,13,16,12
,-5,-5,-9,-2,-1,1,4,3
,-7,-3,-7,-51,-2,0,-9,4
,-1,1,1,6,-7,-1,-6,-12
,9,12,1,26,-4,-2,-6,-3
,-3,3,10,18,0,5,7,8
,1,8,2,12,-3,-4,-12,-2
,-2,-6,-11,-30,0,-4,6,-6
,1,-22,2,7,-7,-5,-4,0
,-6,17,3,2,3,-3,-7,-7
,3,-5,-2,-2,-7,-1,-12,-12
,-7,6,8,-9,3,8,22,8
,1,0,-2,6,-4,-6,3,24
,5,-4,-7,-11,3,-1,2,-13
,-4,5,14,8,-6,-6,-15,5
,15,8,1,13,-2,-2,-4,8
,-13,-8,-20,0,9,4,10,-5
,-2,-7,-14,-12,-3,0,-1,2
,-3,-5,18,5,-7,-6,-3,-13
,-6,-13,-47,-27,15,5,-16,-2
,26,2,14,16,-6,1,26,22
,-8,-22,-5,15,8,3,-16,-15
,-1,19,4,-8,-8,-2,14,0
,5,19,-4,18,11,0,-27,-24
,-19,-4,6,13,-1,-3,-6,13
,23,21,2,-6,4,7,9,-5
,1,0,-3,14,-4,-1,6,19
,-16,-20,5,-23,-1,0,8,1
,11,7,-12,-24,-19,-9,-17,-21
,-14,-9,11,20,13,3,-9,3
,-3,-5,-15,0,8,7,9,2
,3,0,21,20,-10,-11,-15,-9
,-16,-2,2,-13,-4,0,11,3
,14,-3,-4,-18,-1,0,-5,-1
,14,23,10,5,-6,-4,10,-2
,-8,-18,-14,-9,14,8,11,18
,17,9,30,31,-6,-1,23,4
,-9,11,-16,17,18,2,-9,-8
,-10,-20,-8,16,4,-3,-13,3
,37,-6,-7,-5,-7,-7,11,-1
,-41,-26,-12,-10,-9,-1,-7,3
,38,30,12,-11,-7,1,-2,7
,-11,-2,8,-33,4,8,13,-7
,-5,14,10,46,5,-5,-14,2
,-8,-5,-4,-9,-5,-5,-2,-5
,15,-8,0,-8,-14,-4,13,-5
,-10,0,-21,-11,-4,-7,-11,-9
,0,-15,-11,-47,-8,7,3,15
,1,18,1,13,15,3,-21,-21
,-13,-7,9,39,4,6,31,26
,-1,-9,6,-7,-7,-4,-11,-22
,9,15,-5,-7,-6,-2,-21,-24
,6,7,1,-5,3,12,43,38
,-19,-14,-1,6,7,-6,-27,-14
,12,4,7,-1,-1,2,12,16
,-6,-16,-13,-13,-2,-3,-7,-3
,1,-18,-8,-7,-5,3,1,-2
,4,14,12,-8,-10,-6,-12,-16
,-12,6,-4,4,4,1,-3,-12
,-8,-19,4,17,-6,-7,-2,14
,20,2,0,-3,-6,-4,12,19
,2,-12,-29,-32,5,3,-3,-3
,-6,10,-1,9,3,1,-6,-2
,-14,4,8,-13,-5,-6,-1,-21
,4,-17,-8,1,0,-5,-21,-14
,-4,7,14,2,-11,-6,-2,1
,0,-9,-3,7,-2,0,7,5
,-5,4,-3,0,3,2,7,-5
,-1,4,-1,-6,2,2,-6,-3
,-11,-4,2,0,-4,-4,-4,-3
,1,-3,-6,7,-1,-9,-7,1
,-3,0,8,1,0,-8,20,2
,-2,4,1,-3,3,-1,-8,-7
,-5,-3,15,0,-8,-28,-8,-6
,4,0,-13,12,11,69,16,13
,0,3,0,-6,-8,-44,12,8
,-9,-3,-21,-25,-11,-19,-60,-14
,1,-3,-6,2,6,43,19,0
,-2,-3,6,0,-2,-15,3,3
,-5,5,14,2,3,16,13,2
,0,3,0,1,5,-19,1,-6
,-5,-4,-3,-5,-9,-37,-16,3
,0,-1,8,10,7,-3,-4,2
,-3,1,-9,1,-6,-2,-4,-7
,3,0,6,-4,2,-13,-4,1
,-4,0,-6,-7,-4,28,-10,-1
,2,1,1,2,-1,-27,-4,0
,-1,1,7,8,5,11,7,0
,1,0,-18,-12,-4,-1,16,0
,-3,-1,0,2,-3,21,-14,-4
,-2,-3,-4,-1,-2,-19,-2,-2
,-1,2,3,-1,-4,-19,0,4
,-2,0,6,5,-1,3,7,-6
,-2,-2,-3,-1,-1,-44,-3,-1
,-1,0,1,4,6,82,29,6
,0,1,-4,-4,1,11,-14,1
,-2,2,2,2,0,-50,-38,-6
,-6,-7,-6,-6,-15,-29,3,-8
,2,-1,2,1,10,22,26,6
,-2,0,-5,-12,-1,-10,12,-2
,0,2,3,-4,1,13,-17,1
,-2,-3,-2,-1,-6,-29,-16,-2
,-2,-3,-4,-4,-8,-37,-25,-3
,-1,-1,-2,-1,0,18,11,-1
,-1,-1,3,4,-4,-10,9,-2
,2,2,0,4,2,13,3,3
,-1,0,-4,1,-2,-6,4,-1
,0,0,-2,2,0,6,-9,-1
,1,-1,3,8,7,19,9,2
,0,-3,2,1,5,21,10,4
,-1,-2,-2,-9,-5,-13,-7,-1
,-3,-3,-1,-9,-11,-16,-19,-6
,1,0,1,3,11,21,14,1
,-1,0,0,13,16,18,13,2
,-3,-1,-2,-7,-11,-31,-16,-3
,0,-2,1,0,-4,5,-5,2
,2,-2,4,8,4,19,17,2
,2,-3,3,-6,-7,1,0,1
,1,-3,11,28,12,-10,-6,-1
,1,-2,4,-15,-1,5,1,2
,-1,-1,-4,-10,-9,5,11,0
,-1,-3,-1,-17,-8,-9,-4,-1
,0,0,-6,0,3,-6,-5,-2
,2,1,1,19,-2,4,1,0
,-4,0,-1,-5,1,-1,0,-3
,0,1,-25,-21,-4,5,4,0
,-1,-4,-7,-10,-5,-4,-2,0
,-3,-1,-5,-8,1,3,-3,0
,0,-1,2,21,9,1,3,0
,0,-2,9,11,-3,-3,0,2
,-1,-1,21,4,1,0,0,1
,0,-1,-17,8,-7,-4,-5,-2
,2,-7,-32,-9,20,3,1,1
,2,3,2,7,-4,1,1,1
,-2,-7,-17,-5,-3,-8,-6,-2
,-2,4,-6,-36,-2,7,-2,0
,-2,8,36,-16,-22,-2,1,-2
,-1,-5,-38,10,16,6,2,2
,-1,2,29,5,-6,-3,-1,1
,-2,-3,-4,19,8,3,-1,1
,-1,-3,-14,-10,-8,0,2,0
,-1,0,6,-14,-6,-5,-2,-1
,-2,0,-15,-12,-8,-3,-2,-2
,0,-2,-1,2,10,6,3,1
,-1,0,8,18,-6,-4,-1,0
,0,1,22,-22,-8,-5,-4,-2
,0,-1,-17,37,8,4,0,0
,2,2,20,-16,-7,-6,-1,1
,1,-4,-22,3,11,8,3,1
,-3,5,21,13,2,2,-2,-1
,-1,-4,-3,-26,-6,-5,0,1
,-3,-4,2,9,-2,-3,-1,-1
,-1,1,15,-3,-9,-1,1,-1
,-1,0,-11,-11,-3,-1,-1,-2
,0,-1,14,-2,3,-1,0,-2
,-1,1,-4,8,-4,-2,-1,-2
,-1,-3,12,8,11,2,0,-1
,-2,-1,-31,10,5,2,2,-1
,-1,0,3,9,1,1,0,1
,-1,-2,0,3,-3,-3,-1,0
,-1,-5,-37,-68,-25,-5,-2,-3
,-1,-2,26,17,3,2,-1,0
,-2,0,-2,16,1,-2,0,-1
,0,-2,-13,-20,1,-4,-1,-1
,-1,3,11,15,5,3,-1,0
,0,0,58,68,4,0,0,0
,1,-3,-81,-77,-17,-4,-1,-1
,0,0,-10,-33,-5,-2,-3,-1
,1,2,-6,-18,-9,-3,0,0
,1,-2,-12,3,1,0,-1,0
,0,-2,32,63,13,2,0,-1
,-2,0,2,1,1,0,-2,-3
,1,-5,-33,-38,-8,-3,-6,-1
,-2,-3,1,14,-4,-3,-1,0
,1,0,-5,-8,1,-1,3,-1
,0,-1,3,11,4,-1,0,-1
,-2,2,21,38,5,1,1,1
,-1,1,-7,-27,1,2,-3,0
,-3,3,13,5,2,-3,-1,-2
,1,2,-6,-12,-3,3,0,1
,-2,0,15,28,-1,-2,0,-1
,0,-3,-12,-23,-10,-4,-2,-1
,0,-2,3,-16,-1,1,-3,-1
,0,-2,3,26,9,5,1,0
,0,0,5,-10,-1,-3,-3,0
,0,0,-13,-7,-7,-2,0,-2
,0,0,2,6,3,-3,-2,-1
,-1,-1,5,12,-3,-1,1,-3
,1,-1,2,9,-1,1,-1,-3
,-1,-2,-11,-18,-3,-5,-5,-2
,0,0,2,-6,-1,-1,2,1
,0,-1,2,11,3,0,0,0
,-2,0,8,17,4,1,-1,-2
,1,-4,-12,-13,0,-1,1,-3
,1,-1,2,1,3,5,1,0
,0,-1,-2,-8,-4,-1,-3,-1
,-2,1,-1,-8,-1,-2,0,-1
,-2,0,-1,-2,0,-3,-3,0
,-2,-2,-3,-8,-9,-2,-2,-3
,-1,-1,3,-4,-5,-5,-2,-1
,-1,-1,1,18,6,2,0,0
,-1,0,9,1,-5,-1,0,-1
,0,-3,-16,-14,5,3,-1,0
,-1,-2,-4,-11,-10,-2,-2,0
,-1,1,3,18,6,0,3,1
,1,1,-2,-2,-1,1,2,0
,1,-2,5,4,-3,-5,-1,0
,0,0,3,7,8,-1,1,-1
,0,0,-6,-18,-11,-3,-1,-1
,-1,0,5,17,7,2,0,0
,-2,1,7,26,8,1,-1,-3
,0,-1,-8,-12,1,1,-1,-1
,-1,0,0,2,7,0,-1,0
,0,-4,-3,-4,-8,-3,-4,0
,-1,0,3,-10,-10,-2,-3,1
,0,0,1,2,4,-1,-1,0
,-2,-2,0,6,-4,-1,3,-1
,0,-2,-4,0,6,0,3,-1
,-1,0,0,3,-3,0,1,0
,-1,1,-1,-11,-5,-1,0,-3
,-1,-1,-1,0,-3,0,-3,-1
,-3,-1,4,-2,-1,-1,-2,-2
,-1,-1,-11,-19,-3,-1,-2,-1
,1,-1,-3,10,1,0,-1,-1
,2,0,-2,-14,-3,-1,-1,-2
,-1,-2,-1,19,5,0,0,-1
,2,0,4,1,-2,-2,-1,0
,1,-2,-3,-3,1,1,-1,1
,4,2,0,5,3,0,0,1
,3,2,3,-13,-8,-3,-2,0
,0,-3,-1,7,5,-1,1,0
,-2,-1,-5,2,-2,-2,0,-1
,-1,-2,-3,4,-4,0,-1,0
,-2,-1,-6,-11,-5,-1,-2,-2
,-1,-2,1,-2,3,3,-2,-1
,0,1,2,14,7,0,-1,0
,-3,1,-1,-17,-1,-1,0,-1
,-1,-1,-2,3,-5,-2,-1,0
,-3,0,-5,-17,-9,-1,-2,-1
,-3,-2,6,32,-2,-2,-1,0
,-2,-2,-7,-13,-2,-1,-2,-2
,0,-2,-5,-17,1,-1,-1,-3
,0,1,3,3,-1,0,0,1
,-2,2,1,-4,-1,0,-1,0
,-1,-1,0,7,1,-2,0,-1
,-3,0,3,8,-3,-2,-1,-1
,-1,-1,-8,-8,4,-1,1,0
,-2,-1,3,-6,-2,-2,0,-1
,0,0,3,13,8,1,-1,-1
,0,-1,0,-2,4,1,1,-1
,1,0,-6,-6,-11,0,-1,0
,0,-1,-3,-1,-5,-3,-1,-2
,-1,0,2,1,1,-2,-1,-1
,-1,-1,-9,-8,3,3,1,1
,-1,-1,5,-1,-2,-4,-2,-2
,-1,-1,-3,-7,-4,-1,1,-1
,-1,1,-1,4,1,-2,-1,-1
,-1,0,-2,-4,-2,-2,0,2
,0,0,3,0,-5,-2,-2,-1
,0,-1,-2,-8,0,0,-1,0
,0,-1,2,0,1,0,-1,-2
,0,-1,-1,8,7,1,-1,0
,-2,-3,0,-1,-1,-3,-2,-2
,1,-3,1,3,-2,0,-3,-2
,-1,-1,-5,-7,-5,-1,0,-1
,1,-1,-3,-1,-2,-1,-3,0
,-2,1,-1,-4,-3,-1,-1,0
,0,0,-1,-10,-2,-1,0,-1
,0,1,-1,0,-2,-2,-1,0
,0,1,-1,0,-1,-2,0,-1
,-1,1,3,0,1,-3,-1,-2
,-3,-1,2,7,2,0,-1,-1
,-1,-2,-4,-7,-7,-1,-1,-1
,0,-1,1,-4,-4,-1,2,0
,-1,-2,1,5,3,-2,0,-1
,-1,-2,-3,0,-1,0,-3,-1
,-1,-2,-1,-6,-4,0,-1,-1
,-1,1,-2,-4,1,1,0,-1
,-1,0,-1,5,3,1,0,-1
,1,-1,0,-5,0,1,0,0
,-1,-1,0,1,2,1,-3,0
,0,-1,0,-3,-3,1,-4,1
,0,-1,-3,2,-2,1,-3,-2
,-1,-2,-3,1,-2,-2,-2,-1
,0,-2,-2,4,2,-1,0,1
,-1,-1,-1,0,-3,-3,2,1
,0,1,-1,-2,0,0,1,1
,0,1,-1,-5,-1,-2,0,-1
,-1,0,-1,7,1,-1,0,-1
,-3,-1,0,-1,-4,-2,-1,-2
,0,-3,-1,-3,-3,-1,1,-2
,1,-1,0,-6,1,-1,2,0
,0,-1,3,-4,-1,0,0,-2
,-2,-1,-1,3,1,0,-1,-3
,-2,1,-1,-4,-4,-1,-2,-1
,-1,-1,1,-5,-2,0,2,1
,0,-1,-1,7,1,0,-3,0
,0,-1,0,-3,-1,1,0,0
,0,0,-1,-1,3,0,0,-2
,-1,-1,0,-1,-1,0,1,0
,0,-1,-1,-4,-3,-2,-4,-1
,-1,1,-3,-1,-2,-1,-2,-2
,0,-3,-2,-4,1,-2,0,-1
,-1,0,-2,-2,-1,-2,0,-2
,-2,-1,-1,1,1,1,1,-1
,1,0,-1,1,1,0,-3,-1
,-1,-1,0,3,-1,-2,-2,1
,-1,0,-2,1,-4,-3,-4,0
,1,0,0,-5,-2,-1,-2,0
,-1,-1,-2,1,2,1,-1,0
,0,0,-4,0,-2,-1,-1,0
,-2,-1,-2,2,-1,0,1,-1
,-2,-1,-1,-1,-4,-4,0,0
,1,-1,0,-3,0,-2,0,-2
,-2,0,0,-1,-1,0,0,-1
,-1,-1,-2,8,2,-2,-3,-2
,1,-2,0,-9,-3,1,2,-2
,-1,0,1,-1,2,-1,1,0
,-1,-2,0,0,-3,-1,0,0
,-2,0,-1,-5,2,-1,-2,-1
,-1,-1,-3,0,-4,1,-2,1
,-1,-1,-2,-1,-2,-5,0,-1
,-2,0,-1,2,1,1,0,-1
,-1,-2,-2,-3,-1,-1,-1,0
,-2,-2,-2,0,0,-1,-1,-1
,0,0,-1,-1,-3,-3,-1,-2
,-1,0,1,0,-1,0,-2,0
,0,0,3,0,1,1,0,-1
,-1,-1,-1,3,1,0,1,-1
,-2,-1,-1,-3,-2,3,-1,0
,1,-1,-3,-2,-3,1,0,1
,0,1,-2,-4,0,0,-2,1
,-1,0,-1,1,1,-2,-1,0
,-1,-2,0,0,-1,-2,-2,-1
,-1,-1,1,3,0,-2,-2,-1
,0,0,0,1,-3,-2,-1,-1
,-2,-1,-1,-5,-4,0,0,-1
,-1,-2,-2,-1,2,2,2,-2
,-1,0,-1,-8,-2,0,3,-1
,0,-3,0,5,-2,-1,1,-2
,-1,0,-1,-2,2,-4,-1,-1
,-1,-1,-3,2,-5,1,-2,0
,-2,0,-4,-1,2,-1,-1,-2
,-2,-1,-4,-4,1,0,0,0
,-1,0,-1,-2,0,-1,0,-2
,0,-1,-2,0,-1,-1,1,-2
,2,-2,-3,-3,-4,-2,0,-1
,-2,-1,-1,0,-1,-1,0,0
,0,-1,2,1,0,-2,0,0
,-2,-1,5,-2,1,-1,0,-1
,1,-2,-1,2,2,0,-3,-2
,1,-2,-4,-6,-3,-1,-3,-1
,-1,-1,-4,-1,4,3,-1,0
,0,-1,-3,-3,1,3,1,0
,0,-2,0,4,1,1,-1,2
,0,-1,1,-3,-4,-1,-1,0
,0,-2,2,1,1,1,-2,0
,-2,-2,3,2,1,-2,-1,1
,-2,-1,-1,0,-3,0,2,1
,-2,1,-3,-3,-1,-3,1,0
,0,-1,0,2,-4,1,0,-2
,-1,1,-2,-2,1,-4,0,-3
,-1,-1,2,-2,-3,-4,0,-1
,-1,-1,1,2,5,2,-2,0
,-2,-2,1,-7,-4,-2,-1,-1
,0,-1,-1,-2,-1,0,-2,0
,0,-2,-2,-3,-3,-2,-2,0
,-1,1,-2,0,-3,-1,-3,-2
,-1,-2,-1,2,2,-2,-1,-2
,-2,-1,-3,-2,-4,1,0,0
,-1,-1,0,2,3,2,-2,-2
,1,-2,-1,-11,-2,-2,-1,0
,0,0,-1,12,1,1,-1,0
,0,-1,0,1,-6,-6,-1,-1
,-1,-1,1,-2,-3,-2,-1,-1
,-1,0,0,0,1,1,1,0
,0,0,-1,-4,-2,-1,-2,-1
,0,-1,-2,0,3,0,-1,-1
,-1,-1,-2,0,-2,-1,-2,0
,-1,0,-2,0,-2,-2,-2,-2
,-1,0,-4,0,-4,-1,-1,0
,1,0,1,-9,0,1,-1,0
,0,0,0,4,3,1,-2,-1
,-1,-1,0,3,0,-2,0,-1
,-2,-3,-2,-4,-3,-1,-2,0
,0,-2,-1,6,-3,0,-2,-2
,0,-1,-1,-2,1,2,0,0
,-1,1,0,-2,-1,-3,1,0
,-1,4,1,-3,0,-2,0,0
,0,-1,-1,0,0,2,0,0
,-2,0,0,-1,2,-2,-1,2
,-2,-3,-1,4,2,2,2,0
,0,-2,-1,-3,0,-2,1,-2
,-1,-1,-2,-3,-2,0,-2,-1
,1,-2,-2,-1,0,-1,-2,-2
,0,-1,-1,0,-4,-2,-3,-1
,0,-3,-1,-2,-5,-3,0,-1
,0,-2,-1,1,-1,-2,-1,0
,-1,0,-1,-2,-1,2,0,0
,-2,-2,2,0,2,1,1,-1
,-2,0,1,-14,2,2,0,1
,-1,-1,0,10,2,-2,-1,-1
,-1,0,-2,4,-4,-5,1,0
,-1,1,-1,-3,1,-2,-3,1
,-2,-2,-3,-2,-7,-2,-2,-2
,-1,-1,1,-5,0,-2,-2,-1
,-1,-1,0,0,3,0,0,-2
,0,1,2,5,2,2,1,0
,0,-1,-1,-1,-1,2,-1,0
,-3,1,-2,-5,-3,0,0,-2
,-1,-1,-4,-1,-5,-2,-2,-1
,1,-2,-2,2,-3,-2,0,-2
,-2,-1,-1,-1,-3,-1,0,0
,2,1,1,-6,-2,0,0,1
,0,-2,0,6,7,0,0,-3
,-2,0,0,-1,-3,-1,-1,-1
,-1,-1,-3,2,0,-2,0,-1
,-3,-2,-1,0,0,0,0,0
,-1,-1,-1,-9,-5,-2,-3,0
,0,-1,-2,1,3,1,1,-3
,-2,0,0,1,1,-2,1,-2
,-1,-3,-1,-1,-1,0,-1,-2
,-1,-1,-2,-10,-4,0,0,0
,-1,-3,-1,2,-3,-2,-3,-2
,0,2,3,1,4,0,-5,0
,-2,0,1,1,1,-1,-2,0
,-2,0,-1,1,-2,-2,0,0
,0,0,-2,10,3,0,0,1
,0,-2,-4,-1,0,0,1,-1
,0,-2,-4,-2,-1,-3,0,-2
,0,0,-2,-3,-5,-1,0,0
,-1,-1,-2,-9,-6,-3,2,0
,0,-2,1,4,-2,-1,2,0
,0,0,-1,-4,-1,-1,1,-1
,-2,-2,4,6,4,0,-3,-2
,-2,-2,-1,-4,0,0,0,-1
,0,-1,-2,-2,-3,2,-1,-1
,0,0,0,-2,-2,0,-1,-1
,-1,-2,-2,0,-1,0,0,-1
,-1,-1,-1,1,1,1,-1,1
,-1,-1,-2,-2,-2,-2,-3,0
,-2,-1,-5,1,-2,-1,0,-1
,0,2,-2,1,2,0,-1,-1
,0,-1,-1,-6,-4,0,-3,-1
,0,-1,0,-3,-2,1,-2,-1
,0,0,0,1,1,0,-1,0
,0,-1,0,-4,0,-2,-1,0
,0,0,-1,-6,-5,-1,-2,-2
,-1,1,1,2,5,0,2,-1
,-1,-1,-3,1,-5,-3,-1,-1
,-1,-1,-2,-3,-4,1,0,-2
,-1,-1,-2,0,-4,-2,0,-1
,-1,-1,0,-3,1,0,-2,-2
,2,-1,0,5,3,-2,-2,0
,0,-1,1,1,2,0,1,-1
,-2,0,0,-3,-3,-1,1,-2
,0,1,-1,9,3,-2,-1,1
,-1,0,-2,-5,1,0,1,-1
,-1,-1,-2,-5,-7,-2,-2,-1
,0,-1,0,1,4,-1,0,0
,-3,-2,-1,0,-7,-2,0,-2
,0,1,-1,1,0,-1,-1,0
,1,-1,0,-3,-1,-2,-1,0
,-1,-2,0,-4,-2,-1,-2,-1
,0,-2,-1,1,-2,-1,-1,0
,-1,-1,-2,-1,-1,0,-2,0
,0,-1,-1,-2,-1,0,-2,-1
,-1,0,-2,-3,-1,-1,-1,0
,-1,-1,0,2,6,-1,-2,0
,-1,-1,1,4,-2,-3,-1,-1
,-1,0,0,1,3,-2,1,-2
,0,1,-1,0,0,0,-3,1
,-1,0,-2,-5,-3,-3,-1,-2
,-2,0,0,-4,-1,2,-2,-2
,-1,0,-2,2,1,1,1,1
,1,-2,-4,0,0,0,0,-2
,-1,0,2,-2,-1,0,1,-2
,0,-2,-1,3,0,-2,0,1
,-1,-2,-1,-1,0,0,0,1
,-1,-1,0,-1,2,-2,1,-1
,-1,-2,-2,0,-2,-1,-1,-1
,-1,0,-2,-2,-4,-1,1,-2
,-1,0,-3,-4,-1,0,-1,-1
,-2,-1,6,1,-1,0,0,2
,1,1,-4,2,3,-1,-2,-1
,0,-1,-2,-3,1,0,0,-1
,1,-3,0,1,-2,-1,-2,-2
,-1,-1,-2,-1,0,-1,-3,-2
,-1,0,2,-4,-4,-2,-1,1
,-1,-2,0,-1,-1,-1,-2,0
,-1,-1,-4,1,-1,0,0,-1
,0,-1,0,0,0,-1,0,-1
,0,-2,2,0,-1,0,0,0
,0,1,0,-5,-3,1,-1,-1
,-2,-2,0,-1,-2,-2,-3,-1
,-1,-3,-3,1,-1,-1,-1,-1
,-3,0,-6,-3,-3,0,-1,-2
,0,-2,-2,0,1,-1,-1,-3
,-1,0,1,0,0,-1,0,-1
,-1,-1,5,-4,-3,-1,-1,0
,-1,-2,-4,-3,1,-2,0,-1
,-3,-2,0,0,-2,-1,-2,0
,-1,0,2,2,2,0,-1,0
,1,0,-2,4,3,0,-4,0
,1,-1,2,1,-1,-3,-2,-2
,-1,-2,-3,-1,-2,4,0,-2
,-1,-2,-6,-3,1,0,1,0
,-1,0,-3,-2,-1,0,-1,0
,1,-1,0,-1,0,1,1,1
,0,2,4,-1,-2,-2,1,-1
,0,-2,-4,-4,-4,-2,2,-1
,-1,-1,-1,-1,-1,1,-3,-1
,-1,0,-4,-1,-3,-2,0,0
,0,0,8,1,-2,-4,2,1
,0,1,0,1,1,0,0,-1
,0,-1,5,-1,-1,0,15,2
,-4,-2,-22,-5,3,0,-13,-1
,-3,-5,-1,0,1,1,-6,-2
,-1,0,4,0,-1,-3,4,1
,0,0,3,-1,-4,-7,-7,-3
,0,-2,1,-1,-4,-8,-2,-3
,1,3,-2,1,7,16,10,1
,-1,-2,-4,-1,-1,0,-7,1
,-1,-2,-12,-4,-2,-9,-11,1
,3,2,16,1,-3,-13,-10,5
,-13,0,-6,-4,-5,5,8,-18
,3,0,4,2,4,17,9,3
,-2,1,5,5,3,-5,-4,-2
,0,-6,-17,-3,-2,3,-24,7
,3,-2,7,2,1,0,16,-7
,-1,2,6,0,-5,-17,-24,1
,2,2,17,2,-1,-5,4,1
,-2,-4,12,-2,-5,-4,23,4
,-2,-1,-6,-1,3,9,-10,-3
,4,3,-16,-3,0,-5,2,2
,-9,3,20,8,1,0,-12,-10
,-3,-11,-41,-7,0,-30,-7,-4
,2,1,15,9,1,30,9,20
,-4,-10,-45,-17,-8,-28,-18,-20
,7,-4,-4,0,-1,31,2,3
,0,6,-7,-3,-3,11,33,-3
,-1,-3,2,-6,-2,-20,-6,-2
,0,-3,-7,-1,1,12,-9,4
,-2,0,4,-4,-3,-18,1,0
,-1,2,5,0,-1,-5,-22,-3
,5,4,12,4,-1,-9,17,3
,-2,-3,4,1,-1,4,-6,-2
,-1,-7,-21,-1,0,-4,13,-1
,1,1,14,4,5,10,-8,2
,-2,-2,9,-4,-4,-9,2,0
,0,5,-1,5,1,3,18,1
,-2,-4,-11,-2,-1,23,7,0
,-1,-2,-13,-3,-1,7,7,1
,-1,0,-8,-8,-6,-27,-20,-3
,-3,-1,31,6,1,28,4,0
,1,6,15,5,1,-4,-4,2
,-3,1,6,-2,-2,0,5,-5
,-3,-4,-13,-1,2,-11,-22,-1
,-1,-2,-6,-8,-3,-8,8,1
,0,2,-8,-1,3,-3,-3,1
,2,3,16,3,-1,7,6,-3
,0,0,-13,2,6,8,-3,0
,0,0,1,4,0,-1,9,2
,-1,-1,4,-6,-6,-3,-3,-2
,-1,1,9,7,-1,-1,1,-2
,-1,-1,-6,-5,-4,-11,-15,-2
,-2,-1,-6,-3,1,9,3,-1
,0,-5,-12,-6,-1,-3,6,1
,-1,1,6,4,-1,3,1,-1
,2,0,3,2,-4,-5,-3,0
,0,-2,0,-2,0,-4,-1,-2
,0,1,7,-3,-7,-3,-7,-1
,1,1,4,1,0,0,0,1
,0,-2,-9,-3,-2,4,2,-1
,-1,0,-4,-2,0,-8,-4,-1
,-1,-2,-11,-3,-5,-2,2,-1
,0,0,0,-4,-2,-1,-3,-2
,0,-2,-4,4,5,1,-1,3
,-3,2,5,6,0,-1,0,-2
,-1,1,-3,2,2,-2,-1,-1
,-1,0,-2,-2,-1,3,2,-3
,-1,-1,-9,-6,-2,-1,2,0
,0,-1,9,3,-3,-7,-5,0
,0,0,-5,0,1,6,2,0
,-1,-1,0,-2,-3,0,-4,0
,0,0,7,0,-1,1,1,0
,-1,-1,3,-2,-4,-4,-3,0
,-11,0,-12,-3,4,-4,-3,-6
,6,-3,-5,-2,2,1,-2,0
,4,0,2,1,1,1,2,3
,3,-1,3,2,2,1,0,1
,-8,-8,-4,-4,-6,-5,-5,-6
,-4,1,7,0,1,-1,2,-1
,11,0,-22,-4,-2,-1,3,2
,8,1,-8,-9,-2,1,1,5
,-7,1,3,2,1,-1,1,2
,-3,-1,29,7,-1,0,-4,-2
,-8,-4,6,2,7,0,-1,-4
,1,1,-2,0,-2,-1,0,-1
,4,0,-13,-4,0,1,-2,1
,-2,-2,-15,-1,-1,-1,0,0
,-2,2,9,3,-5,0,1,0
,-6,-5,4,1,2,-2,2,-2
,8,0,0,-2,-2,-7,0,0
,2,2,-2,-3,0,3,1,-1
,-2,1,2,0,2,1,1,-3
,-6,-5,-8,-3,-1,-4,-1,0
,-15,3,-15,2,-1,-2,-4,-2
,1,-6,18,3,0,-4,-5,1
,10,1,-16,-2,-1,3,0,-2
,15,6,18,-1,-2,2,2,2
,-1,-6,19,2,-1,2,7,4
,-17,-12,-18,-6,-2,-3,-6,1
,0,-3,-7,-9,-4,0,2,-5
,7,3,16,6,-2,-2,1,-4
,-5,0,-7,-1,-4,2,2,-1
,1,4,2,2,5,0,0,3
,2,-8,5,0,0,-2,-5,1
,-1,1,-8,-2,-1,-3,-2,-2
,23,12,22,6,4,-1,-5,2
,-18,1,-24,-5,-8,-6,-1,-6
,-8,-4,-2,-2,-2,-3,-1,1
,1,-4,-10,-1,0,1,0,0
,14,10,10,4,-1,0,-1,2
,13,1,-8,-2,-2,-2,-7,-13
,31,11,6,2,-3,-7,6,-2
,4,5,13,2,-1,6,6,20
,-58,-40,-23,-11,-3,6,-1,1
,11,-19,-19,-2,1,1,-2,-5
,11,26,22,1,1,1,2,-6
,-14,-10,2,11,4,-1,-13,-24
,51,2,4,-5,-5,-8,9,34
,18,22,21,0,-2,0,-21,0
,-48,-60,-65,-6,3,10,-8,2
,65,71,26,4,-8,-11,5,-13
,-64,-34,-13,9,12,4,-27,-1
,-13,17,25,-3,1,9,34,-7
,-8,21,23,-3,-6,-16,-44,-16
,63,7,-20,3,4,9,50,12
,-61,5,13,1,-6,-11,-10,-31
,7,-15,-52,-34,0,-6,-26,37
,-46,-1,22,4,-2,6,75,47
,16,41,23,-16,-5,-3,-9,11
,20,-26,-24,9,-10,-13,-72,-61
,-4,-9,-2,16,-1,10,51,38
,16,-3,2,-10,-9,-5,-57,-31
,-25,-40,-39,-13,9,-3,57,68
,0,17,0,18,14,12,19,0
,-20,1,20,10,4,-6,-41,-31
,17,-16,-21,4,12,-3,-2,-6
,-20,-18,17,-7,-8,-5,-33,-23
,16,18,-11,-33,-7,2,0,5
,-2,-19,-9,-2,-3,4,3,-12
,-2,26,27,3,-5,-1,7,-3
,-40,-14,3,5,-4,-4,-31,-18
,5,-7,-16,-24,-2,-3,24,11
,6,2,14,24,3,5,-1,-9
,11,-4,-4,3,-2,1,13,12
,15,-22,-21,-2,-2,3,-21,-16
,-19,31,12,2,-1,0,31,32
,-42,-19,5,0,0,-3,-12,-31
,-27,2,-19,-6,-15,-10,-14,-2
,-27,-12,-25,-21,-6,3,-2,-17
,56,30,35,-5,0,2,2,3
,-36,-1,-11,6,-8,-5,1,-3
,9,-20,-21,1,9,9,0,-2
,-29,-24,14,15,-7,-15,-20,-35
,4,-11,-4,-14,-8,3,29,12
,30,12,9,-3,-10,-8,5,34
,36,34,36,11,18,3,-3,-13
,-28,-6,-5,-5,-11,-7,-21,-2
,-13,-42,-51,-24,11,3,7,-5
,-14,-2,1,-9,2,1,0,2
,16,5,-3,12,-4,-2,-14,-11
,-22,3,17,40,18,13,4,13
,8,29,10,6,-10,-1,13,-9
,19,11,9,-5,-5,-4,-7,-2
,-26,-21,-30,-39,-6,-4,-10,-7
,18,18,18,3,3,5,26,36
,-42,-46,-8,5,-9,-7,-49,-48
,36,20,-8,-6,-2,-2,50,33
,16,16,32,11,-2,3,-7,-16
,5,-10,-13,5,-1,-8,1,5
,-19,3,-16,1,9,8,11,11
,38,-1,-29,-8,0,2,-12,-20
,-27,0,6,3,-11,-9,-35,-12
,-12,6,6,12,17,11,63,28
,27,16,6,-39,1,0,-29,-29
,-54,5,36,87,-8,-16,-13,2
,27,-31,-58,-36,21,18,40,32
,-22,-7,-1,6,-6,-2,-13,-20
,46,23,1,-13,1,4,22,13
,1,-6,23,-29,-2,3,-9,-37
,-16,-24,0,13,-24,-10,13,34
,1,30,34,17,27,4,-16,2
,29,-3,-11,15,2,-2,-7,8
,25,7,-11,-8,2,-4,-2,5
,-46,-14,8,2,4,-1,5,-8
,18,-1,-6,-39,-10,-5,-30,-22
,27,-11,12,50,-10,-6,19,40
,21,0,-25,6,23,15,29,22
,1,11,29,21,-1,1,25,2
,41,12,-12,-34,-9,-3,-33,-35
,14,-17,3,-71,-12,-15,-17,13
,-83,-39,-36,31,-6,3,-7,-19
,18,15,22,4,6,10,26,43
,1,-6,-9,14,1,1,-5,-24
,16,18,11,-1,0,-4,-8,-1
,-13,-3,-14,-44,-16,-9,-17,2
,9,-11,1,1,-10,-7,-15,-25
,-45,-18,-34,-20,-1,-4,1,23
,-10,18,38,37,7,6,2,-9
,8,-23,-19,-3,14,-7,-15,7
,-60,29,4,14,-8,-6,-12,-23
,-14,-51,1,-14,-11,2,-31,-22
,-2,-33,-30,8,4,0,-20,-33
,6,19,24,-32,-11,1,38,46
