,17,-5,32,16,38,-53,23,51
,-6,11,26,4,-23,8,-123,45
,-2,0,-45,-6,4,49,-15,63
,-21,-5,-27,-18,-33,-111,-111,13
,13,11,30,22,24,82,36,-4
,-30,-3,9,-13,9,48,-34,-3
,-26,-4,-57,10,13,4,118,-75
,-25,0,14,2,16,62,127,50
,-22,11,20,-24,-46,-4,-128,-50
,17,0,-3,4,33,14,45,37
,35,7,30,28,25,14,101,30
,-7,-12,-8,-9,-1,-38,30,-6
,3,-6,-17,-12,-28,49,-92,23
,30,5,6,-5,-18,-76,-28,-13
,-20,8,31,-5,13,85,-53,-63
,-7,1,-64,-2,-25,-33,-74,-25
,6,-1,44,19,61,-58,-6,47
,10,-2,-110,-19,-7,25,84,-47
,-4,-7,48,0,-1,70,-87,-2
,-10,7,33,13,6,-10,-36,-23
,6,-3,-32,-7,9,71,74,13
,46,-3,0,-6,-14,-54,-124,68
,-17,14,85,-4,-16,-81,57,-3
,-9,11,26,7,-2,77,13,-67
,24,-17,-84,-3,19,-24,18,70
,3,9,0,6,22,43,-97,27
,14,7,8,4,-30,-19,-5,-72
,4,-5,26,-11,-10,-58,1,58
,-15,-1,-39,-3,19,0,-32,59
,-29,-9,-21,-8,-18,-3,117,-73
,32,7,12,2,7,57,77,67
,-9,-11,23,6,29,-12,-58,95
,-23,0,-47,1,-34,31,-10,-79
,-2,1,37,-4,-22,-15,-21,-79
,-17,-8,-74,2,9,-62,16,-34
,21,-6,30,0,23,59,0,40
,6,4,-40,-6,-28,-68,104,-55
,-27,-6,70,-5,-35,0,52,43
,-41,-11,-28,-14,-9,-19,-100,94
,0,14,76,4,17,-29,63,-48
,1,-12,-74,-10,9,-37,-93,-34
,2,0,-1,5,-22,-32,-45,24
,11,10,65,1,17,20,43,7
,12,-5,-89,-8,-17,-6,1,-47
,-41,2,69,3,13,33,73,-18
,-12,0,-32,3,32,-2,-54,-3
,0,-2,13,-1,-10,-10,-123,-34
,-46,-2,-55,22,8,38,-41,50
,22,11,45,8,-15,-12,76,-58
,-9,-2,-25,-8,18,-49,-68,-38
,-6,-9,-69,-10,-17,-92,-69,-30
,13,-4,-9,-11,-21,18,-3,-30
,12,2,35,3,0,-34,-128,46
,-12,-12,-27,4,4,34,-26,-50
,28,13,30,-3,13,31,-84,-69
,-2,-6,2,-3,-26,-12,-30,-4
,-7,-4,2,5,15,24,-14,57
,9,8,20,1,-6,-35,-11,-34
,-17,-1,-4,-2,-9,0,22,31
,23,-2,-15,-10,13,-13,28,19
,17,17,56,-6,-15,80,103,-22
,4,10,14,6,6,-15,-29,-9
,-4,-10,-51,-6,15,30,-45,2
,-14,-6,-7,-4,-13,-27,-71,25
,18,8,24,3,-2,50,-52,18
,-16,-10,1,4,17,-15,57,10
,27,-3,-1,-6,-29,14,-28,-31
,1,-5,11,-16,-12,-35,-2,35
,7,3,-11,-6,8,18,39,0
,8,-3,-2,33,23,36,-88,49
,-3,-2,-13,-5,-6,-47,60,49
,20,-4,-4,-2,8,28,-2,39
,22,10,-24,-2,-1,37,-14,60
,0,-11,-2,-16,-17,-39,-64,-6
,7,15,72,12,7,-34,-24,23
,6,1,-52,6,-8,18,40,-58
,-3,-8,24,-7,-15,-87,-93,42
,4,4,-80,1,42,32,116,13
,7,0,9,-6,-18,-75,-91,33
,13,0,-23,-4,-11,-3,-47,37
,32,9,38,19,21,32,72,9
,-15,1,17,5,-6,-16,68,69
,5,2,-2,-9,-8,111,127,2
,-11,16,31,12,23,4,2,61
,-59,-29,-53,2,13,-11,-115,80
,-27,-13,16,-11,-15,-31,1,10
,69,9,-23,8,-5,-11,-15,-47
,30,7,19,-11,-5,-24,-19,-48
,-19,-10,-13,-3,-6,49,27,-17
,-2,-13,-79,-28,-5,-4,106,-20
,-27,-7,16,2,1,31,-124,29
,-5,5,40,17,-13,-34,27,-26
,41,-6,-6,1,17,24,66,-43
,7,13,-13,-12,-29,-107,-120,-87
,58,10,40,1,16,93,46,60
,0,5,-43,4,17,19,-15,-40
,-7,2,55,3,10,-22,-19,19
,-2,-2,34,-1,-22,-58,45,2
,-39,-14,-32,-2,10,76,90,32
,-14,2,16,2,-3,-2,-47,-78
,46,4,-35,-10,-9,-9,43,26
,83,10,42,16,18,78,-38,30
,-12,6,23,6,-2,-18,-115,-2
,34,4,40,-3,-4,-33,10,35
,-39,-19,-89,-5,0,48,71,-20
,21,4,35,3,-1,11,-103,38
,-27,3,-6,7,0,-80,-21,8
,-16,-22,-7,-17,-13,-9,-29,-58
,-13,9,10,5,-11,-64,-34,9
,-16,7,1,6,11,38,-89,-15
,25,-7,-4,0,7,-15,-48,-77
,-6,1,0,1,-6,-3,-6,-6
,-15,-7,-1,-15,-19,-72,-42,55
,-22,1,-2,-3,-12,-43,6,-50
,-73,-27,-19,0,31,43,-3,69
,25,7,9,17,-1,7,127,85
,37,4,28,5,5,6,-122,51
,42,-1,-71,-9,-1,92,104,-26
,-14,5,36,-5,1,-37,-17,10
,10,-7,-23,-8,16,104,8,-49
,-22,-10,11,-2,-8,-53,-128,-74
,-31,-4,22,1,-8,-56,-43,-44
,-11,-2,-5,9,12,-80,-73,-5
,10,-2,-10,3,7,106,35,51
,16,7,18,0,-18,-75,-50,-13
,-3,3,-11,-3,-2,24,42,-10
,31,13,-4,-11,-26,65,35,-55
,14,-4,9,0,7,-90,-39,57
,-29,-7,-23,-3,17,-15,23,-105
,-6,0,32,13,-1,31,-11,59
,18,-2,7,-8,-13,-6,15,26
,-6,1,-10,-17,-17,-13,-19,13
,22,7,28,-3,-1,-38,82,-30
,-87,-32,-30,-6,6,41,90,53
,21,10,-38,3,7,13,-15,-5
,23,7,28,4,-20,24,-5,-13
,-28,-1,3,-3,22,36,-37,-11
,13,9,9,-2,-9,-44,-120,-63
,-6,-10,4,-13,-11,-28,-30,35
,-38,-9,-12,3,-2,-41,45,3
,-20,-4,17,5,-13,33,-77,25
,-1,2,28,7,19,-19,-8,-1
,-20,-7,-49,1,-14,-4,84,-10
,5,3,11,-3,4,-31,-57,-43
,-3,-5,17,-2,-5,20,-43,10
,6,13,1,-2,12,12,-45,0
,-9,-23,-43,-5,-9,9,15,-75
,-41,-13,-22,-15,-16,-54,70,87
,17,6,-3,2,24,48,70,-58
,11,10,21,2,-4,-19,-16,-14
,9,7,19,6,-5,-8,-58,58
,-14,-6,28,-1,-34,-67,-93,54
,-36,-9,-35,-6,16,-10,-91,-36
,56,15,20,8,3,6,-67,-38
,-15,6,-2,3,-3,16,-34,9
,-28,-10,-44,-13,-2,-10,59,-10
,18,7,44,5,-13,5,8,2
,-2,-10,-41,-2,13,46,5,34
,-2,-5,31,0,-2,-24,37,45
,56,15,15,3,-3,29,-79,-94
,-5,1,6,-3,-1,29,48,82
,5,-7,-8,6,3,-2,-18,-19
,-49,-9,47,6,9,-2,3,60
,-20,4,-44,10,35,86,-18,-32
,-17,-2,-14,-2,-2,-19,23,7
,19,-5,5,-9,-24,-37,-114,-51
,28,11,29,2,-12,-34,42,-96
,36,-2,-11,-3,11,-16,-109,-32
,7,1,-49,-5,-12,81,61,-71
,-19,-11,-4,-10,-11,-38,2,35
,49,7,-10,-5,3,-66,71,-18
,-38,-11,3,5,17,94,84,-5
,4,1,8,12,11,12,48,54
,23,-1,-8,6,12,10,32,-21
,-17,4,28,-11,-9,-22,-49,78
,38,11,27,7,2,-19,18,-38
,-21,-10,17,5,-1,-20,-112,-1
,-19,5,-27,4,3,22,40,-65
,0,-12,-22,-10,-14,-70,-56,36
,-3,7,9,-2,8,57,-62,-45
,4,-1,-30,-14,-10,-36,-20,-7
,-1,0,40,11,0,-3,-34,28
,-10,-3,24,5,5,68,88,-92
,31,-16,-110,-21,-18,-86,-85,-79
,3,-1,40,-2,-9,-15,-40,-25
,-43,-3,-5,2,7,0,106,-36
,-14,5,27,5,-4,7,1,4
,-32,-8,20,-2,-8,85,126,11
,-51,-13,-23,-11,-30,-93,-65,-90
,21,-4,7,6,21,18,11,96
,2,3,-9,2,11,-20,-42,-54
,19,8,2,1,1,-55,-83,82
,35,13,29,-7,-16,-73,-67,-60
,-21,-9,-37,-12,-5,40,80,38
,-18,0,15,1,-1,14,-75,-21
,-14,-3,-30,-6,-7,-9,-17,49
,3,-3,1,-1,1,29,26,19
,14,2,22,3,-14,-72,-63,-3
,19,-3,-38,8,28,45,10,-62
,-2,3,35,4,-14,-95,18,-27
,17,6,4,14,16,71,18,-10
,-3,-9,4,-20,-24,-36,-57,31
,5,-6,-51,-18,-22,-20,20,-48
,-24,-3,28,4,17,15,-70,-24
,14,-2,9,3,-4,-50,80,63
,72,7,3,3,8,-45,-100,-31
,-8,2,-8,-2,3,92,-31,67
,23,6,6,-14,-6,-20,-59,-41
,7,8,10,13,4,8,-13,-23
,-12,-3,-13,1,7,29,14,15
,14,6,34,7,-23,-87,-9,6
,-27,4,47,12,-1,49,78,18
,-5,-18,-107,-24,14,15,118,120
,16,21,5,4,26,-2,102,-82
,-13,-1,-10,-6,-17,4,-16,18
,4,-2,13,-7,-7,-28,102,81
,5,3,-3,0,-19,-21,14,-47
,-46,-12,-4,-3,3,-35,85,0
,4,2,40,14,13,27,-54,-60
,3,6,-29,-7,3,1,7,-32
,-13,2,20,17,22,49,25,-70
,12,-26,-75,-10,-26,-15,-122,-77
,-6,0,-4,-14,-16,-65,-20,-20
,-2,-8,-26,3,26,54,72,16
,-27,6,19,-4,-11,4,20,-41
,-20,-7,23,-1,-2,41,-36,-3
,-10,-9,-20,-5,-10,-47,45,86
,-27,-15,-31,-10,-12,-83,-128,-55
,47,12,11,-4,-5,9,80,-13
,-2,17,32,5,-7,1,-111,41
,32,4,-13,-9,-7,-11,127,70
,-1,2,-57,0,1,-8,-45,-56
,61,6,8,10,10,12,-113,-42
,-38,-3,16,-8,-33,-17,90,57
,30,3,1,4,46,84,-61,38
,16,-2,26,8,-15,-62,-68,93
,-7,-15,31,-9,-18,11,-128,39
,29,13,-59,3,-2,-35,79,48
,-49,-6,5,-3,16,49,-72,-86
,6,1,32,7,15,-9,31,-11
,-28,-3,-3,-2,-14,-32,-96,-10
,-8,1,23,-9,-7,-55,54,30
,-21,-11,-31,-2,-10,98,58,34
,13,-16,1,-1,7,-56,110,41
,13,8,5,6,23,78,-49,70
,-41,-1,26,-9,-12,-35,-86,42
,-22,7,0,0,3,20,-28,-113
,20,0,2,3,-3,58,16,38
,-17,-7,28,-1,-3,-80,4,98
,46,13,-11,10,19,51,-73,-88
,20,2,21,-16,-40,-73,37,-3
,46,11,59,11,22,89,64,54
,-21,-5,-76,6,11,-25,48,5
,24,6,72,7,3,4,-69,0
,-4,-5,-47,-8,-13,-128,-92,8
,6,13,34,11,2,33,50,-51
,19,6,-2,2,0,-1,-76,-5
,21,6,15,-1,10,48,127,-35
,16,0,4,7,-18,-3,-72,-19
,-29,-4,-20,-12,7,-13,-20,-31
,-58,-8,53,19,15,14,43,-66
,-18,-7,-52,-12,-17,-30,-63,-1
,10,-5,-27,9,19,-5,-15,35
,37,12,36,10,-12,-39,-22,-14
,-14,-16,-44,-11,-3,-18,-48,-64
,0,-9,4,-8,-3,92,-17,-62
,9,10,1,-1,5,106,12,-43
,-12,-13,-11,-6,-5,-15,-15,35
,37,19,39,8,22,-20,20,11
,-5,-16,-37,4,-12,-13,95,77
,24,15,22,5,2,-28,80,-19
,-34,-24,-34,-16,-16,1,-112,-6
,2,14,13,-5,-21,15,8,-54
,33,2,6,-7,-3,-61,0,-5
,40,8,23,9,2,-29,22,2
,-3,0,-51,-2,5,-10,-17,-11
,7,1,27,6,3,25,84,7
,-23,-3,0,-1,-12,-1,-128,-60
,6,7,48,4,5,-77,2,6
,-7,-13,-87,-26,-32,-18,-17,70
,-4,-9,-12,-1,35,70,53,0
,0,3,24,3,2,-20,-43,52
,-22,-7,31,4,7,-2,-86,42
,-32,-2,14,24,26,64,24,31
,3,5,-30,-13,-12,9,-49,50
,-8,0,30,4,-1,34,118,29
,-21,-7,-66,-10,-9,2,-61,-22
,14,12,50,10,-4,44,49,-2
,21,-12,-49,-16,-1,-63,-20,18
,-41,-2,26,17,34,66,-2,-49
,4,-2,-10,2,5,-3,-13,79
,30,14,26,-3,-22,-104,42,-87
,13,-8,3,-5,-19,22,37,11
,3,-2,-8,-1,6,0,45,12
,-18,-15,-46,-1,6,1,-49,-21
,7,8,41,2,-1,-11,-11,16
,-20,0,-5,-8,-18,-52,-36,-31
,-18,-8,-23,-14,-17,9,-82,-54
,-12,-10,-3,-11,-7,7,19,-13
,-10,0,1,5,27,37,80,-45
,13,7,46,13,2,22,-98,24
,-22,-9,-56,-1,3,-60,-82,17
,21,3,9,5,-1,20,9,18
,3,1,1,-4,-3,15,-5,15
,0,0,8,-10,-37,-61,-40,16
,5,2,6,8,0,-2,47,27
,2,-5,7,13,20,2,-23,-32
,14,-3,2,-14,-9,-44,-70,30
,6,-6,-52,-8,2,-21,-25,-81
,49,10,14,-5,0,51,69,28
,-3,12,65,10,-9,-19,-16,-74
,7,-10,-45,-11,-2,32,-118,-53
,0,-3,7,5,11,46,78,-79
,36,7,1,4,3,-25,-77,46
,-28,-18,-37,-6,-6,29,57,-43
,-32,-2,25,-6,-16,-67,34,-45
,21,-7,-11,-9,10,33,-54,72
,-9,-3,17,6,6,-12,84,-81
,9,0,5,4,4,-52,-22,80
,17,7,-13,11,11,73,47,-31
,0,10,39,-1,-12,-50,29,9
,-23,-12,-10,0,4,-18,-109,-18
,2,-14,-24,-22,-22,-7,99,-9
,-33,7,33,4,0,-11,-95,-4
,-40,-9,-39,15,11,-21,2,-27
,-38,-1,-27,-3,19,18,42,-22
,-11,5,46,-9,-3,57,-20,38
,-9,-10,-9,3,7,6,62,4
,-9,-9,-64,-5,-9,-6,-23,56
,10,12,23,3,-9,1,-55,-47
,-8,-2,-11,3,-1,-20,-69,-17
,-16,-10,12,-8,-3,37,29,1
,-12,1,7,-6,6,-44,-21,36
,3,3,6,7,1,-14,28,17
,3,2,-25,-2,18,29,84,23
,4,4,13,5,-12,-20,25,4
,14,6,37,-4,-20,-50,-41,-92
,30,-15,-22,-13,-4,28,8,20
,-20,1,-8,8,2,18,-41,-19
,-4,-7,-11,2,5,-47,-88,-34
,6,-2,-9,4,22,35,127,23
,-8,10,72,-5,-25,-64,-6,-11
,-3,-9,-54,-12,-5,5,-42,-21
,16,1,-19,-9,-25,33,49,23
,12,-3,-6,-2,16,43,-61,32
,-14,1,16,16,-9,-85,-44,-33
,-2,-3,-3,5,14,21,26,-72
,21,12,0,-6,-8,-19,14,45
,-21,9,52,14,4,51,-19,2
,24,-7,-72,-9,15,-8,15,-16
,-33,0,26,3,-12,-12,11,-72
,-6,-6,-19,-10,-5,-33,-31,-26
,11,7,27,3,-15,34,95,-10
,-4,1,-10,7,29,94,0,33
,-17,4,-5,7,25,24,73,62
,68,10,15,8,-2,-37,-34,-24
,-1,1,-15,-3,-9,2,77,38
,7,0,-1,-1,4,14,84,9
,33,2,25,1,-19,-89,-72,-1
,-30,-2,37,4,5,18,47,-25
,9,-15,-85,-20,8,-26,-11,1
,-16,2,50,6,-6,24,-55,11
,11,-2,-16,-8,-1,-37,-29,60
,8,-4,-48,4,8,-77,-116,-22
,-26,-5,24,-5,-5,49,-68,-5
,-20,-1,9,-8,-21,-7,37,-7
,-20,4,7,0,0,-9,-45,-18
,-40,-14,-2,3,-6,-34,44,-23
,-3,2,17,4,5,-31,45,-3
,-38,-24,-74,-20,-14,-7,35,92
,30,0,12,-7,-5,42,-44,68
,7,4,-9,2,7,7,2,1
,7,-1,32,1,-8,-6,26,-13
,-16,-9,-15,-6,-7,-97,-43,44
,29,10,10,7,9,53,60,-60
,-10,-9,-31,0,12,49,-105,-2
,-12,-5,-26,-10,-22,-6,-1,-24
,-27,9,24,2,-1,4,-93,10
,-9,0,12,-5,15,5,-46,57
,7,11,20,14,9,-17,54,4
,11,7,19,4,-8,53,-26,21
,20,-11,-26,-15,-3,-18,87,11
,2,3,17,13,10,45,-4,-31
,-6,-10,-17,-6,4,11,3,65
,-9,1,16,-8,-22,-92,22,-45
,-10,-7,-29,-4,3,44,0,-20
,17,-4,-7,-10,-12,38,37,0
,-27,-3,5,0,-3,-10,19,-8
,-45,-1,5,9,15,-48,-128,-32
,-1,7,16,3,2,27,3,-73
,-15,1,6,2,-5,-50,-29,-15
,-10,-10,-9,-5,-11,0,16,9
,11,0,1,1,1,-16,-15,24
,16,-1,-28,-8,4,55,-12,22
,10,11,-2,5,-2,-14,14,-41
,-1,-3,-6,-9,-10,3,-47,-9
,35,8,32,9,4,-30,38,-43
,9,5,-13,7,26,54,-24,-26
,16,-11,-16,-3,-7,-35,106,68
,19,14,15,0,-2,37,-2,-7
,-25,-4,-6,-7,-25,-4,-103,-60
,-15,5,34,15,23,13,59,52
,-4,-3,-21,13,13,46,-8,-104
,-12,-1,42,-3,-2,-33,-76,61
,-13,-9,-62,-11,-8,-25,-4,9
,-18,1,17,-5,-12,3,-83,33
,-1,-3,-22,-2,0,-5,29,19
,-6,1,1,-5,-18,-55,-99,-20
,-8,-1,14,1,10,43,60,57
,22,3,-25,-9,-13,-54,30,-41
,-9,-8,11,-1,-5,-48,-23,43
,-2,6,6,4,9,54,-69,-63
,-1,5,-4,3,24,7,-19,9
,31,-3,5,9,-3,16,9,-9
,-20,-5,9,-5,-14,-3,-22,55
,-26,5,-12,8,10,34,84,-52
,13,0,-2,8,4,18,100,102
,-3,-20,-41,-3,-6,-18,-17,-52
,11,1,10,-13,-14,-15,-68,1
,-12,-10,-11,-3,9,59,14,48
,-22,5,9,3,12,2,-96,-35
,-10,2,37,5,-11,-53,-67,8
,0,-2,-22,-2,11,85,100,54
,8,-5,-8,-8,-4,-28,-9,26
,33,-4,-1,-2,-4,-61,-80,-36
,30,6,23,-4,-16,-16,-88,49
,-17,6,-4,4,4,6,-38,-48
,-23,-3,-15,7,20,11,-18,-3
,-12,-4,-5,-9,-15,1,12,6
,7,3,16,0,0,-49,9,-24
,7,-6,-19,-3,-3,-35,-7,13
,-3,-4,-36,-25,-34,-86,-43,4
,0,-5,25,8,31,83,44,-9
,4,10,42,22,10,16,-21,1
,-4,2,9,0,6,-32,-79,-32
,40,-6,-11,4,-2,-48,-56,-51
,-1,-6,-44,-20,-25,7,21,24
,-17,2,20,-7,-8,0,19,-43
,11,3,14,12,18,32,110,18
,4,5,23,-6,-7,-41,-78,10
,-31,-14,-29,-11,-9,8,41,0
,10,9,27,5,-2,22,27,55
,-5,-1,-36,-8,-14,-73,-66,-52
,-2,-8,-15,6,9,37,-12,62
,12,4,4,10,18,57,43,12
,-34,-3,5,1,2,47,-74,-54
,3,2,24,-3,-23,-24,-86,4
,-6,6,14,0,14,40,93,-8
,39,4,-1,6,6,11,-29,-66
,11,-3,-11,-1,-5,-40,-69,16
,11,2,-7,-13,-3,13,-51,8
,-10,13,43,7,4,5,16,-10
,-1,-11,-15,-6,-17,-5,-37,35
,4,-6,-28,-4,-1,3,44,-12
,-3,0,18,3,-3,-7,-13,18
,25,-1,12,1,-4,-17,-27,76
,28,16,5,5,7,-9,112,8
,-56,-11,-35,-5,9,22,-6,7
,19,8,26,2,-5,22,0,-37
,-20,-17,-39,-17,-14,-14,52,-51
,-14,4,58,8,15,-30,-18,-56
,0,1,-59,-2,9,47,-38,-14
,-21,-1,27,-4,-12,-1,31,-11
,-13,1,8,7,13,-13,-40,-37
,-15,-1,-17,1,-7,-3,55,19
,26,5,50,-12,2,-30,45,-87
,1,-13,-57,6,13,5,-33,18
,22,5,4,7,-8,35,89,36
,15,4,-3,-3,-15,-40,-128,-41
,35,-1,23,2,3,-14,121,70
,-6,-4,-4,0,3,44,16,3
,5,1,-12,8,12,17,21,-20
,-11,-1,-11,-13,-8,-32,-72,2
,8,4,-5,-2,-15,-18,-43,58
,2,7,0,-3,-2,-19,51,24
,13,9,8,5,11,45,-19,-15
,9,-14,-45,-6,1,34,48,-15
,8,0,4,2,-5,-14,-128,-18
,4,2,19,3,4,-33,25,-21
,1,-1,-39,-10,-17,-34,6,-4
,9,3,15,-2,11,40,42,54
,1,0,-19,3,7,-12,-35,-68
,24,0,10,0,-9,-15,80,-4
,-10,-1,13,-3,-15,18,-33,-15
,-5,-5,19,-3,-2,-1,-14,5
,0,-5,9,3,22,-47,120,54
,7,4,8,11,3,62,-48,-12
,-9,-7,-20,-4,-6,-58,-39,-5
,14,-1,23,-1,-7,57,-26,-48
,2,-5,-48,-9,-7,38,53,8
,-17,-14,-19,-11,1,-17,-35,13
,-5,-6,30,3,4,10,22,56
,3,7,-2,6,-4,-43,26,10
,24,3,23,5,-2,20,-9,9
,-14,-2,-13,-5,0,2,-94,-55
,-23,2,23,-1,4,29,13,-41
,-10,0,-11,-4,-3,-27,4,40
,-14,-5,0,-3,-11,-8,-39,-42
,3,-3,-28,-4,-22,-27,-81,31
,-10,2,22,3,35,33,127,25
,33,9,12,8,-3,-14,-10,30
,-23,-9,-14,-3,22,8,121,-36
,-34,-9,-3,9,8,35,3,79
,-17,-2,2,-6,-28,-31,-71,-101
,-38,-8,-25,4,1,-10,-64,-35
,-10,3,-11,-11,-12,13,-47,9
,21,-13,26,-13,1,-17,3,-12
,10,-5,-18,0,-1,-20,-3,4
,-10,-7,0,-2,-17,-13,6,47
,-6,-2,-9,2,2,-21,-13,-35
,-2,1,0,2,2,-26,3,7
,4,-2,23,4,-11,13,68,28
,9,-10,-69,-7,39,5,-89,8
,-15,2,31,2,-12,-13,37,-31
,-8,4,-38,-4,-8,-38,-3,-3
,-26,6,1,0,-5,-6,57,7
,-14,10,52,10,-9,3,-71,-8
,18,-4,3,-8,12,56,-26,9
,-6,-5,-44,-5,-3,-7,-3,-13
,50,16,37,8,-5,25,-11,-18
,0,-12,-24,-3,5,-25,-6,-57
,7,5,19,-2,0,12,-37,1
,-17,8,12,4,-8,-15,-18,-42
,-11,-11,-20,-6,7,-19,59,-18
,-13,14,18,6,-6,17,70,-57
,5,-5,-16,-2,-11,-25,-76,4
,-14,0,24,-2,-1,2,13,36
,13,2,30,5,-2,-47,-119,-5
,21,-4,-47,-13,1,76,103,116
,-7,-11,-57,-12,-21,-29,13,-21
,19,6,29,6,12,41,13,15
,28,-3,-10,-3,16,4,65,53
,2,7,16,13,5,-45,-27,67
,6,-2,-14,-1,-2,15,-56,25
,5,6,33,-9,-6,-5,16,32
,6,-3,-10,1,-9,-47,-25,77
,7,2,-14,-7,12,94,13,-62
,-19,1,7,-3,-6,-42,9,39
,4,-4,17,12,-7,25,-29,-78
,-6,-1,-12,-1,18,6,-102,-48
,-13,-12,12,-1,-15,-45,86,43
,5,4,-11,-3,1,8,18,7
,-16,3,56,1,2,-1,-71,-3
,19,-3,-54,-9,-16,11,81,-45
,-9,-5,7,3,15,-1,-70,-32
,16,0,15,4,0,17,-78,1
,18,-6,-15,-11,1,-51,92,-9
,-1,1,-31,-2,-11,32,-54,25
,29,1,13,-15,-13,-58,-23,8
,19,0,-36,5,5,-9,-16,4
,23,1,-8,10,29,15,-7,51
,-14,0,34,7,-8,17,-14,-75
,-21,-1,12,3,-7,0,-10,28
,-8,-4,6,-6,-27,-49,19,20
,-21,0,5,-11,3,3,78,19
,37,5,-8,-3,19,65,-29,-49
,-29,-4,-1,8,-12,-22,3,4
,4,7,36,11,4,-2,4,6
,0,-7,-43,-5,-2,1,15,20
,-48,0,6,-3,-3,8,-35,-6
,-17,-6,-7,-12,-5,-48,-4,-34
,-11,-4,9,-1,-1,36,67,5
,-3,1,1,1,4,28,22,-21
,-10,-2,12,-1,3,-8,-93,13
,24,-6,-28,-7,-16,-32,-20,-30
,1,9,13,11,17,68,-39,-6
,-12,-2,16,0,-12,-35,-82,-39
,11,-5,-43,-10,-1,-15,127,-16
,9,6,24,3,2,11,-89,-31
,-12,-10,4,-5,12,-26,-128,34
,9,1,-9,2,-9,-8,104,72
,28,16,56,12,3,-29,-12,19
,-1,-3,-24,7,7,15,19,-31
,-33,-7,-28,-11,-20,18,-45,-22
,-8,-5,0,-14,12,-1,34,-19
,-6,5,4,5,3,32,11,35
,4,7,25,3,-7,5,10,28
,-16,4,31,15,18,13,30,28
,-18,1,-58,6,3,-3,-20,-43
,-8,-17,-13,-13,-7,7,-35,24
,-5,3,24,0,-1,1,-14,-9
,-35,-8,-35,-12,-26,-19,33,-10
,-30,4,48,9,-1,-19,26,-18
,-10,-4,-33,-3,7,6,62,18
,9,-6,5,-2,14,31,-61,19
,21,8,13,5,-11,-30,-52,-24
,6,-9,-62,-13,1,20,53,13
,3,13,21,13,0,15,-40,30
,-37,-6,-19,-5,-2,-46,-27,39
,57,10,54,10,25,38,86,66
,12,3,31,10,-8,-4,-76,8
,-8,-22,-65,-21,-21,-50,-27,-20
,1,6,14,-2,0,22,29,35
,-6,0,6,0,1,7,16,-38
,-14,0,-2,0,1,-20,-73,29
,5,-1,15,4,1,23,89,82
,-10,-2,-6,-3,-6,-16,45,-23
,-48,-1,-17,-5,6,-17,1,-6
,9,-1,33,7,0,8,-78,-21
,-15,-1,-11,-7,-8,-47,-15,-14
,12,-10,-44,-2,4,36,34,-23
,-11,-4,9,-9,-14,-32,23,57
,11,3,-17,-1,2,5,-21,-15
,2,11,89,14,0,-26,-89,-31
,-3,-13,-71,-14,8,21,43,80
,11,4,16,-6,-10,6,-7,8
,7,3,-4,1,-2,18,57,-6
,18,-8,-53,-3,3,16,-10,-12
,-4,8,34,4,-7,-29,-17,-30
,10,-3,13,10,11,-29,-39,-20
,11,-22,-61,-24,-8,61,34,-62
,-9,5,18,8,9,11,73,11
,-16,2,28,9,-7,-13,-16,-27
,-8,-11,-20,-3,9,1,-60,-48
,15,9,31,3,-13,10,49,10
,-6,-9,-17,-8,4,3,-40,-19
,30,5,23,7,13,-13,-25,10
,0,-13,-56,-5,-10,-37,-48,-34
,-12,1,-1,-3,-16,-36,-62,-80
,-4,4,17,-2,-14,-11,-54,12
,18,1,-28,1,14,3,69,14
,24,5,19,8,12,26,-27,6
,19,5,11,3,0,-32,33,75
,-14,-7,-11,-3,-6,14,-20,-13
,-24,5,46,-10,-17,-28,-56,-59
,-8,0,-18,-8,-12,-27,46,1
,1,-10,-30,3,12,23,-56,6
,-22,-5,35,5,6,-1,54,87
,5,3,-9,8,-5,2,-73,5
,-12,-2,-30,-10,3,-9,25,-13
,-9,-6,23,-6,-11,10,46,58
,5,8,-39,2,5,-1,-38,-24
,-9,-13,24,-10,-26,-50,-86,-35
,-19,-5,35,5,-1,-33,-29,-2
,-31,-8,9,-2,10,-6,-28,11
,-3,2,-22,-7,-10,10,38,13
,-14,11,43,5,11,11,56,15
,-23,-12,-20,3,2,38,-14,-42
,-21,1,-6,-1,11,0,-126,-24
,-32,-4,28,2,-2,1,59,50
,11,5,-36,-3,7,58,-10,-35
,5,12,23,2,-4,3,69,25
,-3,-3,-42,1,4,-3,-35,-31
,5,2,37,6,-10,10,-8,0
,-3,8,19,-1,-3,-55,34,25
,6,-2,-41,-2,-9,54,49,6
,30,16,35,6,14,-6,-70,-3
,27,-4,-36,-1,3,-19,-102,-39
,-2,-10,1,-4,0,28,42,67
,20,8,17,-5,-6,4,-6,28
,-29,-8,-13,-4,-14,-32,-15,-78
,4,-5,1,1,11,11,-86,-34
,5,-3,-29,4,1,11,78,31
,31,-6,-31,-11,-5,-16,75,18
,2,3,35,3,-5,33,22,47
,15,5,-8,-2,-2,20,12,-25
,-5,-3,29,7,14,-21,-19,-21
,-2,3,5,1,-3,-4,-34,-3
,-26,-3,-1,6,9,-47,28,-27
,22,-4,8,0,-1,34,91,85
,32,8,-19,-4,-8,6,5,-57
,1,4,5,-8,2,24,17,-37
,16,4,25,-1,-1,-25,1,78
,5,6,-66,-11,-3,-2,-22,3
,-5,-16,-9,-1,-8,25,-98,-39
,-4,-5,5,-3,1,-8,78,9
,-1,0,14,-2,3,23,-20,48
,-36,3,40,10,9,-28,-24,-55
,-6,-8,-58,-2,-2,-10,12,23
,5,11,42,8,-4,-36,29,-24
,-6,-6,-24,-4,-11,1,-14,4
,6,-4,0,-4,-2,-20,-64,-60
,-22,4,-2,-4,-9,25,5,-16
,-18,-9,-21,-6,-6,2,-64,-24
,14,3,-12,2,8,-33,14,-32
,0,2,19,1,-8,-18,-2,41
,8,6,32,2,-3,25,79,-14
,-14,0,-6,3,23,7,-9,-6
,15,1,-12,-1,-10,1,-4,14
,30,-6,-29,-5,-1,6,64,3
,2,0,22,-3,-9,-33,-23,35
,11,1,13,4,8,26,94,14
,6,-2,-39,-4,-7,11,5,-5
,-9,-1,25,2,-11,-69,-66,-14
,-6,-8,-36,-1,11,35,34,-2
,-2,9,67,6,13,18,33,29
,-2,-7,-46,-10,-12,11,-23,8
,4,-1,11,5,15,1,-46,-82
,-10,-4,-8,-2,4,-23,-14,57
,5,5,-10,8,-11,-22,-95,-15
,-26,-5,32,-9,-6,16,32,-3
,-37,1,-27,-3,-2,4,80,-41
,-1,-10,-11,-2,3,21,-17,7
,-1,-2,22,3,3,1,-95,0
,6,-2,-30,-1,2,-2,117,-10
,18,0,17,-6,-7,-3,53,27
,-5,8,50,9,1,-23,-23,-19
,-8,-11,-74,-20,-7,-1,62,8
,6,4,27,8,7,-2,-62,-7
,-20,-7,1,-4,-2,-3,-32,-34
,4,7,31,11,6,40,-84,-32
,22,-12,-31,-16,-18,-20,66,-40
,3,-2,-2,-4,-9,39,14,0
,5,0,-19,2,26,17,83,33
,44,9,12,3,-13,-47,-14,4
,-3,1,25,9,10,21,-52,52
,4,-5,-38,0,2,-5,-8,-73
,-9,-8,-26,-5,-7,42,-63,8
,-16,-5,-20,-5,6,-16,90,-8
,-29,-7,-30,-8,-3,-9,-20,-43
,-3,5,47,-1,-16,-55,-12,13
,13,5,-1,-3,-13,27,-20,24
,18,-4,6,3,19,3,-12,-17
,2,0,6,6,-5,-14,-51,28
,7,1,8,-2,2,30,1,-13
,-2,-6,2,-3,-9,-11,9,6
,-17,2,5,-3,-7,-10,-37,16
,29,-1,-26,-12,-5,-16,-25,18
,1,-1,1,7,1,3,-11,-6
,15,5,28,6,12,14,6,11
,13,4,-7,-8,-6,-3,108,-3
,4,-5,-18,3,6,33,-46,0
,-1,-1,-15,-5,1,-26,-43,-8
,-5,1,2,-2,-3,14,71,29
,11,5,16,5,-10,-40,-36,-34
,-21,-5,2,5,-4,-22,-22,-33
,-18,11,17,1,6,-15,58,5
,-17,-13,9,9,9,27,-99,35
,5,3,-3,0,-4,-34,0,-24
,-13,-6,-48,-19,-12,-22,91,-7
,4,-4,11,1,16,24,-11,-37
,-25,-1,-24,-8,-7,-38,-14,-20
,4,10,41,3,-5,-16,-107,-19
,12,1,-7,5,8,16,60,32
,-8,1,6,0,-4,-8,-7,34
,38,6,-27,-3,2,7,26,0
,-14,-4,17,-2,5,89,68,-19
,-12,6,31,11,-1,-60,-36,-22
,2,-12,-4,-10,-4,9,-3,78
,-8,2,19,4,-6,-9,24,-16
,-8,-8,-79,-13,17,84,-16,-53
,12,-4,7,-5,-22,8,-45,25
,5,-3,4,14,13,-14,46,-21
,-15,5,16,1,-8,-52,17,-12
,-27,5,-2,-4,-10,-27,-2,49
,-14,0,31,6,8,9,-46,-2
,15,-2,-20,-5,2,68,73,19
,6,0,-11,-13,-4,30,20,-18
,-9,-4,17,6,3,-19,-15,67
,2,12,36,5,2,13,-35,-8
,8,4,0,3,5,13,-34,-3
,-14,-21,-76,-10,-6,-38,-43,17
,-2,-8,-5,-9,-11,-31,-4,-31
,-17,2,14,3,-1,-9,19,0
,-2,0,34,3,-3,-10,26,-14
,-6,5,6,-2,-13,-34,-75,-1
,9,-12,-26,-7,0,0,-28,52
,-5,-10,-19,-11,-3,27,19,73
,4,5,-15,1,-2,-22,-119,-81
,5,6,36,4,-2,-52,11,41
,-11,5,22,9,20,20,-37,-25
,-28,-4,-1,3,1,-27,-89,26
,14,-2,-27,-8,-12,-14,-107,2
,-1,0,18,2,-9,-18,-62,-40
,14,-4,-49,-4,-7,7,-110,11
,-26,1,3,-5,4,7,18,-20
,30,0,4,0,-4,-22,-12,15
,25,8,19,7,6,45,-69,-2
,10,-16,-18,-12,-6,-16,4,-34
,17,0,-23,-8,0,-7,116,-37
,-24,2,15,7,9,78,42,34
,33,4,12,-2,-2,-58,55,-16
,-7,5,15,-2,8,38,7,7
,3,-6,6,1,-12,-10,-91,-1
,13,-4,-27,4,26,10,66,78
,-9,2,10,2,-6,8,-89,-12
,1,3,29,9,4,-29,127,110
,21,-4,-36,-3,-6,26,0,41
,-13,1,3,-14,-7,8,-86,-45
,-2,3,5,9,4,44,66,-5
,28,-11,-54,-8,-10,-26,-88,-24
,14,9,43,15,12,32,-9,37
,5,2,7,-2,-3,-32,45,-27
,-14,-4,-36,-7,3,-28,18,16
,-5,4,37,7,-11,-33,37,-36
,-14,-13,-32,-10,-1,23,-40,23
,7,3,7,2,-3,-20,16,-37
,-2,-4,2,4,5,9,-96,-4
,-5,0,4,-1,3,27,118,53
,-6,-1,5,2,-5,-71,-85,-70
,3,-3,-18,-1,-2,-20,-53,61
,22,10,9,-4,4,45,-114,-62
,-8,4,36,5,-12,-79,-49,47
,39,5,-30,8,10,39,-36,46
,-4,-3,-26,-8,-9,56,-1,-27
,-14,1,12,0,8,41,114,-8
,-18,4,8,4,-4,-20,-94,-36
,16,2,31,5,-6,-104,63,36
,28,-3,-5,5,0,-33,-30,46
,9,-4,-44,-5,4,38,87,70
,-6,6,-2,1,11,127,1,0
,15,-5,10,-3,-4,-9,-25,-44
,-55,-7,8,-1,-5,-47,56,34
,-27,-8,13,-1,-8,3,41,33
,15,0,-7,-5,-6,-30,-2,-52
,4,-2,28,1,-1,-2,-49,-26
,-13,-2,-25,-12,-1,-1,35,-28
,-6,-7,0,-2,-3,-76,-88,-27
,-14,-8,-31,-4,1,73,-74,-23
,-12,0,14,-8,-2,8,7,26
,-25,1,31,9,-1,-40,6,-13
,33,0,5,-1,-9,-9,36,-36
,19,-5,-28,-1,3,26,-59,36
,-11,9,-3,3,2,27,93,-56
,9,-7,14,3,-3,9,-128,-15
,16,8,19,7,7,-2,-62,25
,-10,-4,-3,-1,-1,-20,49,20
,-7,-7,-47,-13,-2,-29,-37,-60
,9,-2,32,10,7,41,6,78
,2,4,28,-5,-5,-62,8,22
,-56,-18,-24,-4,-9,2,34,-29
,12,10,27,-6,-5,2,8,-51
,-22,-10,-7,-8,0,19,16,-41
,-24,-8,-8,2,1,-34,-65,-52
,-4,19,44,15,2,-20,6,-4
,-10,-16,-66,-9,-7,35,21,-19
,6,5,6,1,-1,-32,-19,15
,-12,-1,-15,-7,3,48,-3,-31
,21,6,25,-2,-4,48,88,43
,-16,-3,-20,0,14,-26,85,9
,2,1,-15,-1,-6,-39,-100,4
,-22,-2,13,3,3,30,83,38
,23,-7,-32,-1,14,40,43,54
,2,2,29,4,-25,-33,-118,1
,-31,7,24,6,25,29,102,28
,11,-9,-30,-7,3,-47,-24,100
,9,10,-16,3,7,38,68,-32
,-7,-4,6,3,11,40,12,50
,-15,4,9,-2,-9,8,-36,-21
,5,-15,-21,-6,-18,-79,15,58
,12,6,13,-4,-16,-109,-99,-63
,4,4,32,10,22,84,-45,15
,36,5,-32,2,9,83,111,5
,-13,5,22,-1,-7,-13,-72,19
,-8,-14,-7,-8,-11,-101,60,-7
,1,1,-12,-11,-14,-29,13,-22
,5,4,39,3,1,17,55,9
,8,5,-39,4,13,55,-65,10
,43,7,8,-10,-22,-113,68,-32
,11,0,-18,14,20,66,-52,78
,14,-2,-21,-11,-22,-111,-85,-7
,39,1,6,0,24,105,95,-6
,-8,2,37,7,-4,-58,-57,18
,12,-7,-17,1,13,64,-20,22
,24,1,-11,0,-1,-40,91,-69
,-38,-2,9,-5,-21,-33,-63,-28
,-2,-7,12,9,17,63,-16,-16
,13,-5,-31,-12,-9,-42,-47,-58
,-54,-7,5,3,1,46,15,-25
,-9,-4,-3,-5,-15,-103,-108,0
,-19,4,-10,-11,-5,12,-28,24
,-12,4,20,-3,-11,-96,20,25
,30,2,-15,0,-3,7,27,-75
,-25,-11,-2,-4,-10,-57,-79,-73
,13,-8,-10,-15,-11,-111,-75,10
,17,11,9,2,7,57,121,44
,-5,5,26,1,-9,-1,-128,21
,2,6,2,8,9,68,85,-58
,-23,-11,-29,-9,-16,-52,-25,-55
,-2,-9,18,8,8,34,-16,-32
,-22,5,9,-5,-22,-128,-15,-11
,9,2,-3,7,22,63,-26,24
,-15,-2,-22,3,7,28,-128,-29
,-11,2,3,-10,-12,-90,52,-22
,1,-4,13,0,-4,-10,-63,21
,-29,-4,9,-4,-28,-120,55,30
,19,-13,-65,-15,23,127,119,92
,37,10,6,6,9,0,20,-31
,19,-4,16,6,9,36,-15,51
,43,11,-20,5,7,106,31,-5
,18,12,58,2,-21,-86,-128,-53
,-17,-5,-34,8,26,68,53,57
,-59,-9,-8,-8,-14,-74,-49,28
,66,-1,-2,-3,10,75,21,-54
,-7,-5,-5,-6,-10,-52,-99,-78
,-32,-5,12,9,12,-31,-128,-20
,-3,-1,-14,-2,-17,-82,-122,9
,-14,8,2,5,7,96,115,44
,-12,13,8,7,-1,-21,-75,-27
,-5,-10,23,-5,-1,31,62,6
,19,1,-48,-8,9,15,32,-12
,-6,-11,21,-4,-14,-87,-83,24
,-8,9,-26,7,11,30,26,-12
,6,8,65,-1,-11,8,-44,38
,-9,-2,-13,1,-6,-46,45,-36
,-22,-3,-11,4,2,-54,87,-1
,-16,-2,32,6,13,28,31,43
,18,14,-14,3,7,39,9,-105
,12,-4,-13,-11,-7,3,-13,-13
,-6,-2,2,-4,3,-42,45,-21
,-5,8,34,16,10,54,-16,30
,13,-5,-29,-2,-16,-76,29,44
,19,-3,4,1,9,56,77,-49
,-3,5,34,7,-7,-27,-128,-50
,-18,-11,-30,-7,0,-80,-36,-47
,-12,5,17,-4,-14,-27,-14,6
,0,-6,-19,-5,12,36,-17,61
,-21,-8,6,-10,-8,-7,4,-8
,12,-7,-3,-3,-5,29,59,34
,-16,-1,32,-1,-14,-98,4,-25
,-3,-5,-29,-13,-5,-14,-78,-18
,-39,-6,7,3,0,-7,11,40
,-8,-4,3,2,-5,59,42,7
,14,1,-14,4,12,29,71,38
,-27,9,1,-2,12,28,-27,-68
,-16,-13,-20,-6,-5,13,-76,-57
,-14,0,19,6,5,21,-69,24
,-17,3,-2,6,-5,-28,-128,-22
,60,9,5,4,-7,8,118,-29
,18,19,8,8,22,83,-62,9
,-5,-27,-39,-14,9,22,66,28
,-69,-13,29,-3,-6,-50,22,-65
,-26,4,-26,8,-4,-26,-14,2
,-3,-10,0,-10,-11,-117,87,-1
,17,18,1,9,8,31,88,12
,4,-4,-48,-10,-8,-12,75,8
,-12,-7,9,-8,-1,15,22,-33
,23,7,12,2,-6,3,-59,10
,-6,-7,2,-4,-8,-57,-64,1
,8,-8,-28,1,-15,-84,-37,-8
,11,5,9,8,12,58,14,22
,29,2,-24,-20,3,3,-95,91
,18,14,30,3,-1,-21,-66,-75
,3,-7,-21,-16,-10,-40,-35,-21
,5,4,24,18,11,50,-42,20
,-9,-5,-16,5,5,-13,9,31
,7,-5,-36,-13,-35,21,14,-24
,5,4,20,8,10,33,-104,61
,19,-4,27,10,31,-38,51,-27
,-9,5,-14,0,-2,59,38,-17
,-7,-11,-5,-1,1,-11,4,3
,5,2,-39,-13,-17,-28,-15,-6
,3,14,36,-8,-5,7,-100,-8
,0,7,11,10,8,37,88,-32
,41,-1,-30,-10,-12,-106,-69,89
,0,2,1,-1,9,91,-4,-88
,-11,-10,8,0,-5,-14,-19,25
,-16,-8,-11,-6,0,38,45,57
,-18,7,11,1,-1,-32,-117,-73
,12,1,9,1,3,35,-42,63
,5,-2,8,1,-5,12,34,-94
,-4,-6,-32,-18,-13,-20,-81,-46
,-14,-4,-3,3,12,48,94,95
,11,-4,24,12,5,5,26,-20
,-6,-4,-34,2,-11,-20,-20,35
,1,4,27,2,-5,-39,-38,-18
,-26,-7,20,-3,0,-6,86,-29
,6,5,-8,-3,10,65,44,6
,3,2,13,1,-14,-38,90,82
,2,-2,-57,2,9,25,-30,-55
,6,-5,-28,-15,10,71,-50,-5
,13,-2,-5,6,-17,-47,-58,-7
,-7,-3,9,-9,1,6,53,88
,7,7,25,7,4,-17,-44,-29
,9,-1,15,6,-18,-8,40,-8
,-26,-8,-20,-18,-3,-23,-14,-67
,-14,-10,-12,-6,-9,-55,-70,6
,10,11,3,-1,-6,-16,29,15
,9,14,22,14,13,15,-34,-79
,-2,1,19,3,6,40,21,38
,-5,-1,-12,-3,-16,-3,-101,-13
,15,2,53,10,18,-12,32,-2
,4,-4,-55,2,2,-39,-11,21
,15,5,-27,-11,-7,-3,-1,32
,-17,-1,-4,-11,-5,-31,13,-42
,-4,-9,13,5,1,84,82,-14
,2,5,11,8,5,10,0,16
,-9,1,7,-1,-14,-45,8,-24
,8,-1,-7,4,8,41,-73,8
,-18,-8,-7,-10,-11,-92,26,12
,-5,-4,-8,-8,0,45,31,-39
,-1,0,-4,-1,1,3,20,11
,0,-6,15,3,4,2,-47,39
,-2,7,2,6,-5,-34,-37,40
,52,1,23,-3,-4,-3,-111,-51
,38,2,-7,3,6,8,78,15
,14,-7,-13,-5,1,-19,33,23
,-1,-1,4,-1,1,-23,-83,-47
,-19,-3,15,10,3,21,94,121
,-9,-8,-15,-6,-4,-3,-23,-30
,10,-1,6,-4,5,56,30,-41
,-20,-7,-3,0,6,28,28,26
,-4,2,17,-3,-9,-47,-127,74
,4,1,-3,6,-3,-46,-24,-22
,13,5,-4,5,6,46,-36,-21
,37,5,7,-1,-11,59,48,7
,-14,-2,20,-1,7,-39,-19,23
,7,10,-9,-4,3,-7,6,11
,-10,-13,-28,-16,-4,22,-3,19
,-13,-9,5,-3,-12,-74,-119,-34
,10,20,13,5,1,18,127,40
,-3,-13,0,2,-2,-14,-8,3
,-17,-4,-14,-2,-9,-9,3,0
,27,7,37,9,3,6,82,-49
,-24,-13,-47,-9,-3,-36,-33,-29
,-14,3,17,3,9,27,-30,-1
,-5,4,3,7,-2,-56,-4,17
,-31,-25,-26,-15,-20,-51,-62,-33
,31,23,41,14,20,56,94,-7
,-32,-8,-1,1,13,-2,52,35
,-28,-11,-49,-13,-4,-32,11,-46
,18,10,-13,-1,2,31,9,12
,-11,-16,-30,-21,-18,-19,-29,-41
,3,14,25,7,-1,-12,-86,51
,-2,6,79,13,1,-31,127,13
,-23,-7,-69,-10,9,73,-78,-5
,-14,-16,4,-3,-7,21,-70,-23
,-10,-1,19,3,-7,7,22,40
,-11,6,36,8,6,-32,-79,-40
,-1,-10,-74,-17,-2,18,-49,18
,-10,7,16,1,3,-27,43,-84
,7,-9,-16,-2,-2,17,-48,-39
,25,4,0,-3,-5,11,47,-28
,-40,-4,19,8,2,-31,1,-39
,-22,4,-2,8,7,7,26,16
,0,-2,-7,-9,-9,-48,-15,-12
,-7,-1,28,8,-6,1,13,-2
,8,8,3,7,9,31,15,2
,-4,-17,-40,-22,-5,16,8,-37
,-30,-5,-4,0,-7,-22,-5,-11
,5,6,9,4,2,40,73,-5
,0,-1,-11,0,6,-30,51,-6
,-15,21,49,7,-3,5,-24,-23
,-30,-8,-7,-9,2,14,8,1
,16,-2,15,3,7,42,-102,5
,-7,8,-36,1,-4,-18,76,26
,-2,-10,-1,0,0,-25,-24,15
,37,-9,6,1,-6,-28,-57,-10
,-2,8,-17,-4,-1,3,-128,-3
,7,-10,13,-2,-15,-95,85,-21
,30,-1,-32,-4,8,64,-34,10
,-2,2,-4,-1,-3,-21,-53,-45
,-11,11,13,8,6,27,-19,-51
,4,-5,-22,-10,-10,-66,-118,2
,-7,1,4,1,3,27,-62,-6
,28,3,10,4,9,56,48,61
,2,-11,-43,-10,-2,-1,73,45
,-56,-9,21,-1,-6,-12,-80,-35
,7,1,-3,-3,-15,-67,53,66
,21,25,31,11,3,1,-42,-32
,5,2,-23,2,1,-36,-37,2
,7,3,21,-3,8,56,-8,23
,3,-8,0,5,-6,-54,-128,2
,-3,-18,0,-16,-8,17,120,-15
,9,-21,-67,-2,3,20,-88,69
,36,19,46,3,-4,18,-11,55
,-8,4,-4,6,-1,-3,-27,-8
,-4,-6,-14,2,0,11,-56,-3
,-37,0,19,5,0,-48,-128,-86
,-23,-7,43,7,3,-9,59,2
,12,-8,-78,-23,1,32,29,15
,-9,1,6,3,3,39,99,-25
,-8,-6,-8,-2,-1,-17,-67,59
,-8,-1,11,0,1,6,127,-61
,22,5,17,3,-2,-4,-26,4
,-10,-8,21,2,-3,-9,-128,-97
,47,2,-2,-6,-4,-7,127,5
,-3,4,3,6,1,7,-81,-4
,-10,-14,-43,-19,-15,-57,-4,-35
,26,4,2,-5,8,33,-31,33
,-14,-4,-16,-8,-14,-63,-27,-2
,15,-6,-3,11,-2,14,-121,-6
,0,1,39,19,5,-10,127,8
,-22,0,-7,2,-10,-29,-69,42
,-5,4,13,1,1,-22,-46,-24
,19,16,4,6,10,32,-102,37
,-32,-21,24,-7,-1,-11,41,11
,-10,10,-22,-6,4,2,-6,47
,34,12,34,-3,3,26,1,55
,30,10,4,-3,5,25,48,-34
,-6,-6,-37,-1,-3,-25,-26,-3
,20,-3,-38,-1,0,1,48,-38
,8,7,-11,-2,7,52,95,-33
,-16,-10,16,2,-3,3,-4,30
,9,11,23,-2,1,76,-53,-13
,6,2,22,6,0,-22,-9,50
,-16,-9,-32,-11,-10,-3,21,-3
,3,-5,-2,-4,-2,-4,-6,-16
,-7,-4,-19,-1,-4,-18,-10,29
,-14,-3,1,-4,-4,-10,-44,21
,-9,2,27,5,-3,26,-2,-51
,12,3,-14,-4,2,-47,-70,23
,-36,3,31,12,15,3,72,40
,-16,-6,-45,-11,-9,7,-8,-21
,-9,1,39,2,-1,-27,-3,22
,15,8,-75,-12,1,14,-12,-12
,11,-8,21,1,-5,0,-15,3
,-3,0,31,8,-1,-41,-8,34
,13,-5,-32,-11,-3,25,-27,-48
,-6,12,50,-2,-12,-46,42,1
,9,-2,-12,-1,-2,3,-22,-7
,24,2,6,4,7,39,49,4
,20,5,19,-2,-6,-31,-61,46
,-17,-15,-42,2,1,-15,-10,7
,12,12,-18,-7,-2,8,-19,-40
,-11,-6,25,-3,-4,0,-38,-32
,-18,-10,-12,-4,-1,8,-1,8
,1,-1,16,3,2,19,35,15
,-1,8,-3,2,2,-8,6,-7
,-11,-7,-16,-11,-23,-80,41,35
,-8,8,-6,15,19,64,-5,-24
,-5,-9,-7,-6,-3,34,-74,35
,-10,-3,12,3,-15,-80,60,17
,9,-2,-14,-6,5,22,70,-11
,-27,-4,8,-1,5,24,-19,20
,3,-6,9,-1,-11,-1,5,6
,16,0,-17,10,19,63,2,39
,-9,-4,23,-8,-4,-9,3,-104
,-8,2,4,2,-11,-49,-44,-20
,56,7,62,2,2,-11,51,84
,14,7,-66,3,12,43,-69,-29
,0,3,-36,0,9,20,48,66
,15,-3,-21,-7,-5,-12,-65,-86
,-22,-6,-5,-14,-10,-55,72,8
,-29,3,73,4,-5,15,-83,-20
,10,1,-3,2,3,10,-61,5
,-6,1,11,2,-3,-36,-68,47
,6,-1,-30,6,8,59,-22,-43
,18,3,21,6,-1,-13,-18,-53
,1,0,7,1,3,19,-110,-32
,-21,0,13,0,-5,-2,98,20
,19,-1,-13,-1,6,17,-81,2
,-9,-8,-21,-9,-6,-15,59,73
,17,6,55,11,12,45,68,36
,13,-9,-71,-6,-2,-15,107,33
,6,10,28,3,7,9,-7,-26
,8,7,31,0,0,-14,90,25
,1,-2,-64,-13,-9,-52,12,-29
,-19,-9,26,6,6,63,50,60
,10,-2,-23,-1,2,50,-27,16
,-5,-13,-36,-10,-5,-13,-128,-61
,-7,2,21,10,0,-9,65,19
,10,8,-2,-2,0,-17,-108,-22
,-19,-8,6,1,-4,-22,-32,-4
,8,7,12,5,-7,-15,-128,-32
,31,4,5,2,4,19,-67,52
,20,2,14,0,0,-7,102,-23
,-33,-3,-12,3,1,33,4,43
,-14,-7,0,-4,2,9,65,-74
,-16,-3,-60,-4,-11,-43,-71,6
,-5,-3,10,5,10,42,-61,-49
,-33,-14,-6,-11,-11,-42,106,-33
,3,-5,2,6,2,-3,-78,-6
,-34,6,39,1,4,-4,81,32
,20,10,18,8,8,69,-16,-33
,-16,6,-31,-6,1,-5,75,-37
,-47,-26,31,-4,-3,20,-42,-34
,-27,-1,-36,-7,-2,6,-72,-32
,-14,-8,-9,-7,-14,-75,75,54
,31,21,74,14,7,15,-47,31
,12,0,-59,0,5,2,-39,7
,5,-5,4,-7,-8,-9,53,35
,-12,-9,-12,-6,-7,-5,1,-46
,4,4,-2,0,-5,-28,-63,16
,10,2,7,4,2,-13,-15,27
,-3,-1,16,8,0,-2,-112,12
,4,0,5,1,5,-10,25,-23
,-9,-15,-15,-5,-6,-19,108,38
,8,2,-9,-16,-7,1,-22,28
,6,8,17,5,2,12,-9,-30
,-6,2,12,1,-4,-10,-39,29
,0,-8,-15,-8,-2,8,-84,-46
,-9,-11,-10,-4,-2,-3,-1,-5
,17,-3,13,-1,-3,-35,-56,-40
,-21,-12,-58,-5,-8,-29,-12,20
,-4,7,-18,2,-8,-92,-128,-29
,-1,7,29,4,-3,-28,127,32
,16,3,25,4,7,0,61,7
,33,-1,6,0,3,-33,-66,0
,7,-3,-8,-1,5,-2,-62,-27
,6,2,2,-3,-3,-22,93,87
,-2,-1,-21,-2,-4,-3,-63,-30
,-1,4,-1,-10,-2,0,-2,13
,-3,-4,10,5,1,21,112,2
,-4,11,8,3,1,5,10,4
,10,-1,4,0,-2,11,-8,61
,-6,-12,-35,-11,-2,-3,4,2
,-7,1,1,4,4,9,-12,0
,2,8,2,4,1,48,-43,11
,-16,-13,-21,2,0,-9,119,-7
,2,6,40,7,-6,-23,-49,3
,-6,-5,-20,-16,2,33,10,-8
,7,1,20,3,-5,-73,-43,-27
,-4,7,1,-15,-5,10,18,-19
,6,-10,-6,1,14,75,4,-47
,7,-5,-8,-1,-13,-85,65,15
,23,6,17,3,6,7,-21,-43
,-14,-4,-18,2,8,45,-113,-39
,-10,8,24,8,-4,-12,112,19
,10,1,-4,-3,-5,-28,-11,21
,-16,-5,-19,-8,-4,38,-98,52
,-8,7,12,7,5,18,97,-2
,-3,-7,24,10,4,18,-51,14
,-14,-9,-48,-16,-5,19,-54,-15
,-1,-5,7,-2,-7,-23,22,24
,-24,5,-9,0,0,-11,-65,-66
,23,-10,4,-6,-5,-2,29,-36
,-13,-3,52,10,2,-45,3,0
,9,-4,-28,-1,10,78,47,2
,-9,0,16,1,-4,1,-7,-14
,-1,12,-5,-9,0,-15,-11,9
,9,-3,-14,2,-7,-24,-79,-9
,-2,-1,-7,1,6,29,-21,-48
,20,4,26,7,2,-1,-69,-8
,-4,0,-27,1,0,24,20,18
,0,0,-12,-4,3,28,-13,-17
,7,3,16,-4,-5,-44,-4,-71
,-1,-9,-33,-9,-7,-30,-6,37
,-26,6,30,-3,0,14,27,-6
,7,9,-14,3,6,25,4,-15
,-7,-3,6,2,-2,-28,56,16
,9,-7,-13,3,-4,-37,-51,-5
,-4,3,-9,3,-4,-23,-45,-6
,-14,-12,-5,4,1,19,45,-2
,21,13,35,8,-1,-11,-42,30
,-19,-4,-15,-1,-7,-1,37,31
,8,9,2,-2,-1,-8,-51,14
,-4,4,15,4,3,15,-51,-20
,7,-15,5,-5,1,-9,35,1
,6,0,-16,-6,1,20,72,-9
,7,-13,-27,-17,-3,-3,-21,30
,-1,6,22,-3,2,15,-4,45
,-6,4,-9,8,-1,-13,-60,-34
,-19,-7,10,-5,-13,-56,-5,7
,5,-4,-43,-3,3,10,9,-10
,10,6,4,3,0,30,37,-5
,-14,6,2,-3,-4,-25,-5,-21
,11,-2,6,-2,0,14,17,-25
,-5,-1,13,-9,-11,-20,-45,-8
,6,3,17,5,-2,-22,-28,-6
,-36,-10,-12,-3,-1,1,103,-10
,-2,5,-3,-2,7,-1,-61,-5
,4,-7,-28,6,-2,3,13,36
,-8,5,4,6,7,24,-39,-42
,10,-9,-23,-9,-1,25,17,37
,23,-1,21,1,1,22,18,80
,22,7,21,8,6,-3,-7,-76
,24,1,-8,-3,-11,-23,-2,12
,3,2,-11,0,-4,-25,-112,-6
,7,0,25,-1,-3,29,45,-24
,6,-1,-38,-5,-4,-23,-102,9
,-2,-5,22,-6,3,15,88,62
,3,-3,-17,-5,0,3,2,-19
,-3,9,-9,0,-3,-12,-85,-32
,-10,12,50,11,1,10,28,29
,-23,3,-24,9,6,12,33,-20
,-7,-1,-10,-5,0,28,35,6
,-17,-11,5,-5,-1,-13,-106,-8
,-1,2,12,1,1,17,39,28
,-4,-7,-32,-9,-9,-54,5,54
,31,6,34,9,6,20,-77,-81
,6,-1,25,-1,0,26,127,-55
,-6,-12,-41,-15,5,36,13,15
,-10,-2,2,-4,-3,-5,45,-27
,-27,-3,0,-5,-8,-59,-56,47
,12,14,-3,7,3,-10,59,5
,-12,-19,-17,1,-3,-40,39,-31
,-6,-2,23,1,3,20,-98,-9
,-22,-2,-11,0,5,-7,91,16
,19,0,19,7,13,87,-19,21
,-18,-1,-2,-10,-11,-82,-44,-49
,-12,-10,-14,-5,-7,-3,-55,-42
,-4,-9,-14,-3,4,62,51,24
,-32,-7,-1,-10,-15,-87,3,1
,58,7,14,8,8,0,-1,21
,6,-2,-18,4,3,17,-14,-4
,4,0,7,-3,-8,-15,-90,-6
,-7,-9,-5,3,2,14,81,3
,-26,4,1,2,-2,3,-1,31
,8,6,17,2,-3,-3,-40,-3
,14,0,15,5,0,2,-3,6
,-23,2,-48,-2,0,5,-21,8
,7,-8,1,-13,-6,-4,-32,20
,11,-1,28,3,6,4,21,76
,28,9,-17,9,6,-4,20,-80
,9,-4,20,2,2,8,-61,-18
,-9,4,19,3,-2,12,27,7
,-36,-15,7,-8,-2,-22,1,-38
,13,-1,-74,-13,-6,5,63,40
,-18,-11,-1,5,-1,-17,47,-47
,6,16,24,15,5,26,-32,-9
,-8,3,16,-4,-6,14,58,42
,-10,-4,9,4,3,-1,4,-26
,-4,-10,-33,-9,0,3,56,18
,-25,1,44,-3,-9,-21,17,-5
,3,-5,-11,-3,5,16,-28,7
,28,10,1,-8,-5,-12,-3,-41
,3,3,16,-1,-2,1,-9,3
,-7,-4,-18,3,4,26,-38,-3
,6,0,-6,3,-1,10,-20,-8
,-25,2,10,3,-4,12,61,29
,5,9,4,2,-4,-23,-47,-11
,15,-5,-2,1,1,-17,-102,60
,-24,4,2,-12,-5,28,80,-92
,-19,-3,13,-1,-9,-30,34,45
,7,2,0,2,9,46,-34,-18
,-10,-1,-14,-1,5,1,6,-26
,10,-2,-43,-8,-3,-12,-63,21
,13,-6,37,-1,1,3,-51,23
,3,-7,-12,-2,-4,-51,-95,-65
,-16,-11,-8,-4,-1,39,106,-36
,11,5,-20,4,-1,-24,-31,3
,-16,8,9,4,1,25,-2,16
,19,1,25,10,-2,-22,-58,16
,-15,-5,-42,-13,0,-1,-39,-48
,10,7,33,11,7,-13,42,9
,20,-2,-2,-7,3,39,72,3
,3,-3,-5,0,0,12,-35,15
,16,13,34,11,-1,7,85,47
,5,-10,-4,-3,-9,-16,-46,8
,-14,2,-24,1,4,-10,32,-62
,42,11,13,-6,5,0,-38,31
,54,-6,-16,-5,-7,-12,-26,-63
,4,-4,19,14,9,8,-107,-3
,-22,-14,-11,-6,-4,14,0,-50
,-18,-9,-9,-13,-7,1,7,4
,14,-4,-22,3,3,13,76,-49
,18,17,10,3,0,-1,-12,-35
,31,-1,25,5,-2,-14,-81,50
,-53,-16,-49,-6,-8,11,54,3
,-35,4,21,-4,0,-8,-86,4
,-1,1,28,3,5,13,48,28
,-9,-15,-52,-9,-7,-12,-29,6
,-21,2,-15,-13,-5,-8,83,-64
,-31,-7,-3,4,-6,-26,-97,87
,10,12,22,5,0,-20,-21,-29
,-18,0,-17,2,6,0,12,52
,41,13,31,13,3,7,-8,35
,-34,-13,-25,-5,-5,-28,-9,-27
,30,-3,-8,-12,1,-2,65,-38
,4,-3,-14,4,-3,-25,-45,3
,9,0,-6,-5,7,21,-86,90
,15,6,21,6,2,-11,73,-39
,-21,-6,20,8,-2,-5,-46,0
,10,11,-12,-2,-1,8,-5,-11
,4,10,52,1,1,17,-41,-3
,-10,-5,-14,-9,-12,-20,91,-13
,-2,-6,-10,-9,-9,13,0,16
,-1,3,1,2,5,25,-4,-22
,7,16,28,7,-4,-22,9,45
,32,7,-13,-10,1,19,53,47
,-7,-2,-3,2,-1,-43,27,5
,-18,-10,33,3,18,56,-2,67
,19,19,19,15,7,-12,15,-44
,9,4,9,-1,-9,-19,-79,-22
,0,-15,-73,-15,-9,11,32,12
,-11,2,31,-1,-2,-3,13,2
,8,-13,-35,0,10,-11,-100,62
,-12,7,22,14,6,21,64,-4
,-10,4,-9,-3,-8,-19,-44,-51
,-16,-5,9,3,-6,-16,-81,-18
,0,-11,-9,-10,-10,-1,54,-3
,-9,-14,-12,0,2,-8,-43,-18
,0,7,-6,2,0,-9,34,37
,11,2,-7,-10,-10,-53,-17,29
,-2,-15,4,0,-3,32,31,-23
,9,9,5,1,5,4,-42,-32
,18,-10,-3,-13,-1,19,0,30
,1,8,-8,2,-5,-26,-11,11
,22,-8,-7,-3,1,-19,29,-23
,-38,-8,-35,-9,-6,-29,-109,-16
,23,4,4,6,5,46,58,31
,7,1,12,3,1,-21,-9,-52
,-33,-3,12,1,-8,9,17,15
,-1,-4,-2,-3,-5,-1,11,16
,-21,0,-9,0,1,9,-128,-16
,-21,-6,15,0,-3,-41,123,53
,3,6,-24,0,-1,10,10,-2
,20,0,28,8,5,6,-5,54
,3,-1,-9,-2,-4,-5,-9,13
,-2,-5,-1,-6,3,-10,-42,14
,-23,-2,39,-1,-4,5,93,15
,8,0,-41,-5,2,13,8,9
,-27,-3,-13,4,-1,0,-18,-31
,0,-8,39,-1,-5,12,81,-6
,-19,-11,-88,-10,2,0,-19,1
,12,1,36,0,0,4,-17,27
,-3,-5,17,6,3,-14,7,21
,13,6,4,1,0,5,-52,-55
,-35,-9,-6,0,2,-11,-56,-21
,28,-7,-20,-2,-1,-14,101,30
,3,3,-10,-6,-4,-6,-55,-20
,2,12,14,5,-4,26,93,20
,-1,-10,0,1,-2,-16,-77,23
,-9,6,-30,-3,-12,-55,-83,26
,-43,-2,41,3,6,74,51,-76
,18,-3,-27,-7,-6,-11,-43,20
,5,6,-1,6,5,15,-3,-19
,26,7,10,-9,-2,-14,-19,-46
,3,-8,-11,6,-1,3,32,16
,-5,0,-16,-1,12,31,-18,42
,17,2,-7,-3,1,13,41,-20
,2,4,22,6,-6,-8,-41,30
,11,-14,-2,1,1,13,63,1
,16,2,10,6,4,-5,-128,-37
,26,-2,-1,-11,-13,-42,44,44
,-60,-7,-40,-13,0,4,-19,67
,19,10,34,0,-1,-3,68,3
,-6,-13,-64,-3,5,60,-48,-6
,7,13,14,4,4,-6,-87,-43
,-5,2,22,9,-3,3,15,-27
,-10,3,-19,-11,-8,-3,-46,2
,0,-8,17,6,-10,-48,57,0
,14,3,5,1,-3,35,-16,12
,-14,-3,18,4,2,5,-63,-26
,-15,-6,-23,-8,4,-24,-2,74
,0,13,35,1,-1,-7,-22,-43
,-15,-2,32,5,-7,-43,-46,-42
,12,-7,-42,0,2,15,67,19
,10,-4,-5,-4,-1,-2,-28,-7
,-6,0,10,-4,-4,-40,12,14
,-1,-5,-33,-8,0,3,-27,-78
,-9,-3,42,9,3,-2,-15,-12
,-15,-10,-25,-10,-12,-13,4,12
,31,12,1,-4,-11,-14,-11,32
,7,-2,11,2,9,32,127,-29
,25,1,11,-2,-2,13,40,-56
,4,0,-10,1,-2,-8,-19,-51
,2,6,12,0,0,-9,-24,-20
,-15,-8,-5,-3,2,-3,-29,26
,-5,4,27,7,4,30,83,28
,6,6,16,1,0,-11,-64,21
,-2,-5,-7,2,7,15,53,-39
,-16,3,-14,-1,-3,30,-11,26
,-12,-1,-6,-4,-2,5,-48,-14
,-7,4,-12,5,2,-27,-53,32
,-2,-9,-20,2,-1,0,75,-36
,36,8,0,-6,-1,3,-5,40
,22,-3,2,-7,-3,-12,-18,-80
,1,1,15,5,2,19,32,-14
,-4,0,-3,1,-2,-14,-85,19
,-10,-4,11,6,-3,-26,35,-19
,-3,-12,-20,4,8,11,9,33
,3,0,3,-9,-2,5,10,-11
,-22,1,-36,-11,-5,3,-1,6
,30,2,-2,9,6,-8,-18,19
,-31,11,10,-4,3,15,4,-15
,21,1,7,-1,-1,3,21,-21
,-11,-9,13,-2,-6,-11,8,36
,-29,-6,-15,-5,-4,12,24,-3
,-9,-5,30,8,5,20,49,-6
,-6,-1,-49,-12,-9,10,16,25
,4,-1,26,6,-5,25,4,-12
,6,-5,-2,-7,-13,-44,-54,22
,11,1,2,4,7,27,10,-1
,-10,-6,-3,3,7,0,-97,-19
,10,2,-4,-1,8,13,53,-21
,-10,-5,-16,-7,0,-18,-39,-22
,-7,6,-3,-2,-1,7,-23,26
,-17,-9,-3,-1,-4,-46,38,-8
,-22,4,-10,-1,8,73,-70,24
,12,4,37,12,11,47,47,-43
,-10,-13,-50,-12,-8,-22,79,19
,5,9,23,9,-1,-20,-16,-18
,-48,-26,-1,-8,-14,-32,-79,-52
,-16,-13,-27,5,1,9,73,80
,7,14,58,16,1,3,-38,21
,-4,1,-76,-2,-2,3,-7,-2
,-2,5,7,-9,-8,-32,-1,17
,4,7,16,2,3,-36,-22,5
,7,0,6,-3,3,6,-6,7
,6,5,41,3,-3,-21,-53,-77
,-1,1,-36,-1,8,52,88,60
,5,-12,-18,-8,-10,-22,-78,82
,5,9,35,4,1,6,-77,-67
,24,1,17,6,1,9,50,48
,6,10,-11,6,3,-11,-40,-17
,-16,6,19,-12,-5,13,8,45
,-7,-19,-53,-11,-3,-17,-36,3
,-2,0,6,-1,1,6,15,8
,13,0,-1,-1,-2,-27,-71,-50
,13,10,34,5,-5,-24,74,7
,-12,6,-11,3,6,6,-67,-5
,-23,-34,-63,-16,2,7,73,-17
,37,4,26,3,3,-2,0,-50
,-22,5,-2,-6,-10,-9,-40,-50
,6,-6,-14,-6,-4,-6,-1,7
,6,-4,29,4,-1,16,-17,22
,-7,-4,-2,-2,-13,-1,25,33
,-15,-3,-14,-5,11,6,-25,-23
,-26,7,44,9,7,-37,123,11
,-9,1,-62,-10,-2,34,-35,-15
,-11,-7,11,2,-14,-66,12,-3
,8,6,18,13,12,53,26,-25
,2,-4,-15,-5,-2,9,-30,62
,16,18,42,3,5,11,85,38
,11,3,47,7,6,28,20,18
,-26,-26,-116,-20,-14,-51,-39,-49
,9,-2,11,1,-3,44,-23,2
,-3,6,35,-9,2,-20,70,1
,-2,-17,-5,-6,-2,2,-67,26
,25,21,20,8,-2,-8,-33,16
,13,-8,-37,-5,-9,-26,-42,16
,-21,8,17,2,-8,-6,-55,-41
,0,-6,-28,2,14,23,15,3
,-11,0,38,0,-6,-5,-7,-6
,8,1,-42,-11,-7,-19,-1,-15
,19,8,23,4,7,-16,-42,23
,-8,1,2,-1,-10,-38,17,44
,0,4,1,11,12,68,-36,-81
,-26,-2,12,-4,-11,-26,70,-25
,-10,-6,9,-2,3,-14,-97,21
,-7,-7,-31,-5,4,11,-59,27
,-3,-6,6,0,-7,-2,18,-8
,-5,13,12,-1,-2,3,-34,-26
,-5,3,37,4,-8,-7,65,-30
,2,-3,-53,-8,-5,-11,-7,8
,-7,3,-15,-4,1,1,8,33
,6,-10,-4,9,6,-9,-13,32
,2,-9,-26,-4,1,12,-24,-5
,10,10,34,6,9,13,-42,-49
,-3,4,14,-2,3,-31,31,23
,-15,-1,15,3,-2,-1,64,25
,-3,0,-24,-1,1,59,-8,-4
,8,7,8,1,7,6,-43,-2
,-30,-7,26,4,2,13,47,9
,-6,1,-34,-1,-4,-10,-17,-3
,1,1,16,8,-3,-4,25,16
,4,-1,-12,-4,4,52,2,-72
,-1,4,-8,0,-4,-18,-35,-14
,17,-3,40,-1,1,8,-30,31
,29,-2,-6,1,4,10,23,73
,-21,5,-7,2,-3,-12,112,3
,12,-9,11,0,-2,-18,-23,-6
,27,0,-21,-7,-1,17,-107,-33
,3,-1,-28,2,4,-18,1,-5
,-10,3,18,-2,-7,-25,-29,13
,9,-3,-21,-11,-3,-2,-25,-3
,1,3,9,-1,2,-19,40,-9
,-34,-9,12,-5,-10,-20,-75,-28
,-14,2,3,6,4,26,16,-15
,8,1,4,3,3,3,-90,-2
,-17,-3,-3,-6,-7,-22,34,56
,-11,2,26,6,-1,-19,6,-17
,12,-7,-24,-5,-4,18,-3,14
,-10,-8,-9,-13,-11,-40,-14,-70
,-15,-1,-26,6,8,93,18,-21
,23,2,5,1,3,-2,3,15
,4,-12,35,-3,-4,-28,52,9
,-16,-13,-22,1,-4,-2,20,-31
,20,-1,2,3,2,13,-11,-26
,-3,2,3,-3,-6,-23,-54,-12
,-6,2,7,2,7,-4,-9,-15
,11,8,7,11,4,1,78,80
,-1,-2,-28,-9,-2,-13,-52,-30
,-11,-7,-27,-4,-11,-18,-29,-45
,8,4,7,-4,-5,-16,-21,22
,9,4,8,-6,-1,-16,-31,30
,16,-5,-10,2,6,13,-13,-33
,9,4,4,1,10,25,33,-15
,-3,-1,-9,-3,-3,6,-6,46
,26,11,26,14,7,1,-55,-7
,4,6,13,5,3,15,-13,31
,-15,-6,-31,-3,1,6,116,-7
,4,1,8,-7,-15,-11,0,-14
,-8,4,7,-4,-3,-6,-19,-17
,4,-1,17,5,5,0,-30,17
,-3,-12,-41,-24,-12,-16,3,26
,4,5,1,5,6,0,-106,-55
,-4,-15,3,-2,-5,-8,100,41
,18,0,8,-1,-4,8,0,15
,0,11,30,9,9,27,78,-18
,-11,-9,-35,-5,-7,-18,56,37
,5,1,15,-2,-3,9,-6,-32
,-11,-10,-5,0,-6,-11,41,-72
,-13,7,22,-3,-7,-51,-97,80
,1,-10,-7,2,8,16,-14,-20
,12,4,-38,2,2,35,20,11
,-27,-13,-28,-7,-7,-20,-3,-4
,-7,-3,-5,-4,-15,10,-7,15
,6,1,16,1,14,-11,33,-6
,2,8,-13,-3,8,29,12,33
,-2,-3,7,0,-8,-14,-73,-12
,14,3,63,6,-2,4,7,-4
,-3,-2,-58,6,8,3,31,14
,-12,0,25,-2,8,2,-4,-24
,0,6,1,-8,-3,-34,-48,-2
,0,-3,4,4,-12,-9,-39,-11
,11,-2,-45,-12,5,5,0,30
,-1,1,16,0,1,22,17,2
,0,11,28,4,-4,-24,19,9
,7,-14,-20,-1,5,-3,-8,0
,-21,5,34,1,-14,-25,-8,-11
,-9,-3,-15,-9,-12,-27,-14,41
,-11,-5,-23,0,-3,-7,-23,-7
,7,-3,3,8,10,32,60,40
,1,2,5,6,-6,5,-93,-63
,40,-2,-6,-7,-8,13,52,27
,-6,11,51,4,14,-3,-23,-11
,20,1,-21,2,7,-1,-63,49
,14,0,-25,-7,-4,-21,94,-35
,-8,-1,9,1,6,49,-1,-56
,20,-1,13,2,2,-18,8,48
,17,3,-20,-5,3,38,-18,-41
,5,15,41,7,2,4,2,65
,-20,-19,-47,-12,-15,-9,-42,65
,51,12,17,-3,4,9,99,-2
,-22,-1,-12,-5,-1,-11,-4,-32
,6,-11,3,-6,-8,-34,-47,0
,20,4,-34,0,3,-4,30,11
,-29,-10,18,3,2,42,-25,32
,-4,3,0,4,-7,-14,-6,40
,22,1,-7,-9,-15,-15,-71,-39
,-19,-7,20,7,10,-14,81,12
,-2,7,-20,-3,-2,24,-32,-83
,-8,16,4,0,2,-3,6,-5
,-11,-7,14,3,-3,7,24,10
,-4,-5,16,5,-1,-25,-60,-58
,-6,-13,-70,-9,-13,-33,-58,48
,-27,-7,35,-4,-2,-15,47,-26
,-18,4,-5,0,-1,-3,-18,-49
,4,-3,-11,-4,-3,20,-14,-36
,-4,0,6,5,1,-12,7,7
,7,-5,2,-1,3,-17,-29,-20
,-10,1,2,-4,2,23,38,52
,4,-2,-21,4,-3,-18,-8,-64
,2,-3,-21,-1,2,37,22,19
,16,5,9,-5,-1,34,87,-42
,-7,-3,15,6,13,4,28,19
,-8,5,3,8,1,7,-40,17
,-1,-6,-3,-8,-3,-24,-59,-16
,23,9,24,8,1,-1,-89,35
,3,-23,-11,-14,-16,-13,-33,-63
,-13,11,0,-2,-2,-5,46,-2
,-33,-13,-9,-3,2,4,46,60
,23,1,-11,1,-1,-5,-78,65
,8,4,1,5,9,12,101,26
,1,4,41,-1,2,12,29,-1
,-4,-8,-46,-10,-10,3,56,21
,-17,-7,-5,0,2,-1,11,-50
,-2,2,9,2,-2,-5,-40,3
,1,-4,-3,-4,-9,-44,-19,19
,4,7,21,1,-2,16,36,-10
,10,-9,-20,-7,6,-12,12,14
,-10,6,15,10,3,-2,-18,9
,9,-5,-34,-14,-4,9,61,3
,9,2,38,1,-13,-62,-18,14
,-4,-6,-33,-4,-3,13,-7,-105
,5,15,23,-1,0,8,-92,-13
,7,-17,-9,8,7,10,6,25
,27,4,-23,-4,-6,-23,-4,-60
,-20,1,4,3,0,-5,94,12
,52,3,9,-1,3,2,27,-9
,-6,5,-1,-1,-2,-14,-47,16
,-2,-5,-2,-3,3,3,-8,-54
,-3,-5,-2,-1,-5,-32,31,26
,-17,10,45,12,10,67,98,-1
,-3,-6,-61,-17,-13,-40,-24,43
,-3,1,12,2,-5,-2,-30,4
,-12,0,2,2,10,26,-38,8
,-1,-8,-6,2,-12,-13,86,44
,-13,12,23,6,12,8,-23,-79
,-21,6,-14,3,9,7,40,31
,-12,-7,20,-3,0,18,-58,-3
,-44,-15,-13,-1,-10,-12,70,-14
,-9,-2,-11,4,-5,-15,-90,25
,22,5,-16,-8,-8,-11,-24,-43
,-13,2,6,-3,-3,1,-77,-15
,-2,-9,-29,-13,4,-17,-77,6
,-6,5,45,11,6,36,22,-1
,5,7,12,3,9,-7,-8,-29
,-1,-15,-41,-9,-3,20,-17,8
,8,14,36,-1,-9,-13,-76,-2
,-3,-16,-53,-5,-14,-9,58,-3
,-5,-8,12,7,4,38,75,60
,25,16,40,3,-5,-18,65,-11
,15,-1,-13,1,1,-37,0,-41
,0,-1,5,-7,-6,-19,-7,-22
,-8,-5,-12,2,1,-26,-88,17
,26,11,3,10,6,22,52,19
,-5,-14,-14,0,4,23,-31,0
,27,19,40,1,0,-13,47,36
,-2,0,-29,-5,-4,2,-35,-63
,-8,-6,-21,-13,1,-8,-30,8
,4,4,16,4,4,31,11,12
,3,-2,17,-2,-14,-11,-37,13
,-5,-2,24,-1,12,31,61,80
,-19,6,-12,4,5,1,-40,-45
,-5,-6,-22,-4,4,-7,-39,12
,2,0,33,14,2,-10,66,1
,-1,2,-13,-7,-2,47,26,42
,4,-4,13,-5,-10,-5,-61,-4
,-2,-7,-19,-14,-9,20,77,17
,-5,-5,-71,0,8,3,-93,-8
,14,8,61,15,6,-16,1,0
,-24,1,4,1,-4,6,-20,-19
,-7,-3,-15,2,2,-3,5,2
,1,4,17,1,6,3,11,1
,1,-5,-9,-7,-7,-25,2,-24
,-17,-17,-19,2,-3,7,37,3
,-6,12,22,2,-6,-32,-99,0
,-7,2,3,1,1,25,-3,-38
,-25,-6,7,-5,0,-5,-23,-65
,19,-6,-2,-2,-1,-37,-21,62
,17,2,7,3,-1,0,16,-23
,4,1,-18,-7,1,-3,47,20
,-29,-12,-17,-19,-10,20,-36,0
,-1,1,4,4,0,-46,-12,-54
,-6,1,2,6,10,67,-2,27
,1,-7,7,1,-2,-15,-53,-64
,20,13,35,14,6,8,36,14
,-10,-11,-36,-5,-10,-18,23,11
,-14,-10,-36,-10,-1,-53,-40,-15
,-7,6,34,11,9,3,36,14
,-7,-7,-7,-4,-6,24,30,-5
,4,11,22,5,12,7,19,15
,-7,6,9,-4,-8,-34,-13,12
,-3,-24,-24,-11,-2,16,-27,-17
,-4,-9,-34,-8,-8,-16,-3,-15
,-1,-2,16,7,-2,21,11,26
,7,-3,-15,-4,-7,-40,-14,-8
,-7,4,-3,-3,-1,-23,-48,51
,-18,-2,8,6,2,16,106,18
,12,9,16,7,5,59,3,14
,13,6,-16,-1,-4,-23,-15,-27
,26,0,-4,-11,-7,-22,-116,-20
,9,-7,-24,-4,5,10,79,24
,-4,3,15,-2,-1,13,22,12
,21,4,30,4,11,3,45,7
,-4,-5,-59,-6,0,60,-71,-42
,5,2,0,-2,-18,-90,-21,23
,12,3,-16,1,1,31,-93,-9
,-15,0,34,8,-3,24,8,-35
,-18,-11,4,-2,2,17,5,19
,13,4,-3,0,0,-28,-26,-16
,-3,-7,-22,-1,5,21,-8,-47
,-12,-9,-6,-4,-18,-60,-41,5
,0,5,-7,3,10,33,-44,50
,13,7,9,-2,-3,-29,-14,-37
,-15,1,18,0,-15,-14,31,27
,-2,4,3,-3,8,16,-8,-48
,-37,-18,-18,-1,-3,-37,43,-53
,-3,3,28,6,-1,-2,-34,31
,23,-3,-11,-1,2,-9,5,-7
,5,-1,-5,-4,-5,20,76,-16
,13,18,48,5,-2,-7,33,63
,-2,-3,4,8,13,92,15,-35
,-3,-7,-12,-8,-6,-45,-31,-6
,-10,-4,-16,4,7,31,9,-2
,0,6,7,-3,8,43,50,21
,-10,0,-1,4,-4,-34,-68,5
,-12,-14,4,-2,1,-12,20,55
,-9,-13,-35,-8,7,23,-9,-1
,8,-2,-8,-6,-6,-24,23,-7
,2,4,20,2,2,-4,20,18
,2,4,27,-2,0,7,-23,18
,13,3,-47,-3,-7,-11,81,12
,-1,-3,18,-6,-9,-16,-56,-23
,19,3,-10,-1,0,13,55,39
,10,11,18,5,1,-17,-13,-20
,3,-16,-39,-7,-2,-21,-2,46
,-37,12,28,2,4,29,-21,-29
,-10,4,33,7,0,6,56,-37
,8,-9,-76,-17,-9,-23,-15,-11
,27,4,19,2,-4,-7,-41,16
,10,-1,7,3,-9,-4,-7,27
,7,3,7,-4,7,-19,-7,1
,-2,7,-12,1,0,-2,7,-15
,-5,-6,-1,-7,-9,-23,-69,-18
,20,-3,-13,-1,4,24,36,2
,-8,2,36,6,-6,-30,-90,6
,-6,-4,-18,-1,-3,-13,5,-50
,-25,-8,-11,-8,-4,-28,-2,-22
,-1,5,44,11,5,34,48,22
,-10,-2,-20,-1,-1,11,-25,-21
,-12,-13,-42,-11,-9,-33,-10,20
,-7,5,10,-1,-1,33,8,36
,10,0,50,7,2,-20,-20,-15
,-62,-9,-55,-1,-2,15,8,-58
,-10,4,26,4,1,-18,-91,-3
,14,-6,-70,-10,5,30,65,55
,-12,-4,2,-5,-4,-4,43,-37
,1,-6,2,-9,-8,-27,-73,41
,4,11,35,6,3,17,-51,-6
,-14,3,47,13,2,15,-13,18
,5,-1,-49,-10,-4,21,39,55
,25,-2,-25,-6,1,-18,32,-43
,-3,-4,-15,3,-9,-27,20,-10
,3,-3,27,-4,10,-11,-58,-4
,7,8,-8,2,-5,-23,1,-2
,9,-2,0,-5,-10,-45,-57,21
,-2,-9,-10,2,8,86,127,-17
,-3,7,26,-2,-10,-14,-50,-50
,16,-13,-6,0,0,-14,55,-15
,-15,-9,-51,-3,-5,-32,-23,-45
,-11,10,25,9,14,29,125,25
,17,-1,5,-1,-11,-45,56,42
,-4,8,25,5,8,53,-120,-23
,22,-7,-7,-8,-4,-5,107,19
,-18,-6,14,-2,5,-15,-4,-32
,26,3,-2,12,15,64,-18,23
,19,12,34,-3,-10,-49,103,37
,-10,-8,-14,-10,4,30,-121,28
,11,-5,-2,-6,-5,-15,36,102
,2,6,28,6,5,54,27,-31
,4,9,-33,1,-4,-9,-79,-31
,-6,-6,13,-6,-4,10,-100,22
,46,-13,-59,-18,-23,-26,52,3
,-2,4,29,0,16,11,-123,-17
,11,1,-2,15,16,71,-22,73
,17,4,6,3,3,15,2,21
,-11,1,11,-2,-10,-72,-75,-70
,-11,6,2,6,-1,47,92,21
,6,-8,-32,-10,-16,-80,80,-12
,-15,6,27,9,8,43,-18,89
,5,-4,-31,2,2,-2,65,12
,-31,-10,14,-8,-12,-66,-67,10
,-11,-3,-4,-6,4,32,42,-20
,-15,-1,-26,-1,1,17,14,-11
,1,9,23,4,-1,-4,-41,-11
,-4,-4,-5,5,-7,-26,3,-18
,-2,-11,-33,-3,-3,-8,-70,2
,15,5,21,1,4,19,74,-47
,-5,8,28,0,8,28,-33,9
,12,-5,-19,-4,-2,4,-17,-3
,-24,-7,25,-4,-14,-84,-50,-24
,35,-11,-8,7,10,65,-7,71
,12,7,1,4,1,-27,8,-54
,-79,-22,-18,-15,-21,-8,71,-31
,35,-7,-17,-13,-1,-65,-75,-49
,-8,19,24,5,3,34,26,-22
,-4,1,15,6,12,21,-91,-7
,-2,-2,12,8,0,-49,-93,2
,13,2,-33,-3,1,19,-35,44
,-3,4,25,1,-2,-18,-7,-45
,6,-6,-23,-6,-12,-27,-34,58
,32,9,-24,0,9,43,52,1
,-17,-10,6,-4,-4,-2,10,10
,-23,-4,-2,0,-7,-52,-74,3
,15,12,34,3,3,70,-7,-42
,9,-2,-28,-6,4,18,-24,11
,7,-10,-24,-5,-6,-3,-5,-26
,-11,-1,-18,-9,-6,6,-88,78
,3,-2,-7,-6,-1,-9,44,-25
,9,13,61,10,-6,-17,56,-27
,-1,-11,-66,-3,8,30,28,47
,-5,9,25,3,-6,-35,3,-58
,28,-31,-30,-8,0,-22,-52,104
,-10,14,4,6,-7,-25,-10,6
,-27,18,38,2,3,-3,-87,-4
,9,-8,-14,-1,4,17,-26,-59
,7,3,-1,-6,-19,-33,78,48
,0,1,-19,-6,8,-22,-77,-102
,-8,3,43,2,1,33,-63,-47
,14,-5,-50,-7,-4,13,124,1
,-22,8,52,11,8,-2,-35,-52
,-33,-11,-22,-14,-15,-55,-65,-66
,-11,-3,-2,3,8,63,100,50
,-8,4,2,-1,-10,-75,118,1
,-52,-1,34,3,7,45,1,-96
,38,-8,23,13,1,-16,-38,102
,-29,9,-2,5,2,25,90,-51
,-19,-3,25,-3,-2,-38,-124,-26
,-11,3,-4,-4,5,17,-39,0
,3,0,-24,1,15,92,127,1
,1,-13,46,5,-6,-32,-128,-55
,12,1,-37,4,-1,-15,4,2
,-27,-7,-4,-9,-4,-14,-61,31
,14,8,18,-3,2,32,-26,8
,8,-8,-22,-2,-10,-55,-69,11
,-46,3,-9,-6,6,56,121,67
,15,2,1,5,-4,-27,-57,13
,5,-4,-49,-11,-2,15,-93,15
,18,8,49,-1,-6,-15,50,74
,11,10,74,5,-3,-42,-89,-10
,2,-6,-76,-3,1,-32,77,11
,-9,-18,2,-9,-3,39,43,24
,-13,5,-18,8,6,90,11,54
,30,-8,1,5,12,-26,81,52
,9,13,43,13,8,27,5,-47
,15,1,-8,-9,-11,-41,-96,27
,23,15,1,1,-2,-37,26,-22
,6,-16,-55,-2,-1,80,59,-78
,7,-8,14,-1,3,28,8,-41
,8,-3,7,15,2,-26,80,59
,-4,-16,13,-8,-10,-43,-19,26
,37,7,20,4,-9,-27,-128,9
,3,-8,-27,-18,-10,-39,74,16
,41,-5,2,-1,14,104,15,36
,-2,6,-3,2,-2,-33,39,-49
,-25,-4,14,5,-7,-12,-97,-24
,-8,-12,-27,-3,1,22,17,42
,-10,9,-9,-10,-4,-43,-100,-12
,-19,-3,23,4,5,9,-59,-6
,2,1,-16,-2,-4,-5,-67,-34
,-8,14,-7,5,3,31,-38,-10
,-26,-10,9,2,-10,-1,-60,-52
,1,10,-13,-2,4,16,41,-10
,9,4,10,-2,0,-15,-8,-11
,-9,7,23,4,-6,-34,-38,3
,-21,0,-44,-5,3,5,-59,-62
,11,-20,-12,-10,4,24,5,-3
,-3,-8,25,-4,-5,-20,-4,-30
,-24,-4,-16,2,6,-8,-38,28
,-14,3,15,2,3,-38,38,5
,4,5,-5,10,5,22,-35,-8
,-19,-9,-29,-6,-2,-5,-1,-21
,16,-3,15,0,-7,10,-102,-56
,-29,-8,6,-6,-19,5,117,-93
,-12,-13,-36,-10,11,30,-6,-40
,5,6,18,8,6,-7,5,15
,-2,-1,-11,2,19,36,42,8
,7,-2,22,6,-6,-57,-79,16
,7,8,-33,-5,-9,8,109,-16
,21,-3,-5,-7,-8,9,-57,-5
,-13,-7,-3,-10,-13,-19,88,12
,20,4,0,10,16,-2,23,56
,-42,4,15,2,-13,35,-25,-30
,9,2,1,-3,10,19,-79,8
,-8,-5,-19,-3,-7,-23,29,-22
,-4,11,33,4,0,-13,7,93
,14,6,10,4,-2,-18,-29,-79
,-6,-3,-16,-12,-9,-48,-25,60
,2,-11,-19,1,-6,24,-125,-1
,-7,5,1,3,14,1,-41,37
,-5,-12,-26,-2,6,-7,39,44
,-11,4,15,1,1,10,58,47
,3,2,5,1,2,-22,-103,-36
,-11,5,15,4,-14,-42,17,-30
,15,-17,-20,-4,4,-38,-12,39
,13,13,5,-3,6,54,59,30
,18,-4,22,-2,-10,-2,-2,-49
,6,4,-10,-5,-3,-4,-48,-2
,8,4,16,-1,-6,-54,-100,-2
,7,-6,-8,1,3,14,86,-41
,-10,-5,21,4,5,19,56,36
,5,0,2,-1,-5,-28,-16,22
,-40,-10,-8,-5,-16,-36,18,-59
,-39,-11,-64,-12,2,29,39,-4
,12,10,28,-5,-12,-46,83,26
,8,-1,-7,-6,6,26,20,-1
,-31,4,29,16,16,20,-65,39
,46,-6,-9,4,-6,-53,-104,-13
,40,10,29,10,13,55,53,83
,-13,-6,-50,-4,-1,-8,-17,-20
,-35,-4,20,-9,-8,-11,127,23
,-12,16,40,2,-21,-22,-126,-122
,27,-1,-17,1,27,23,-68,104
,72,19,20,5,2,6,-62,-90
,-23,-9,-20,-8,-14,-44,-21,-31
,-4,-5,-46,-4,5,57,62,12
,-15,4,45,5,-14,-24,-48,-7
,-21,-13,-10,-1,11,7,-77,-72
,13,9,27,5,-3,-41,-19,43
,56,14,-1,-2,-13,-17,-75,5
,-9,10,17,6,12,-5,-56,-73
,-30,-5,-28,5,10,51,87,84
,18,3,-12,-2,1,-8,-29,-83
,-36,-15,41,-4,-3,-21,75,-2
,-6,-9,-75,-17,2,37,-95,32
,10,0,24,1,-6,16,12,-57
,26,3,3,-2,-11,-25,-30,45
,-15,-2,29,8,4,14,80,-10
,-14,-20,-36,-6,-4,-31,97,-18
,10,3,-6,-5,-10,-10,-72,27
,16,9,-6,2,20,47,29,36
,7,5,6,11,5,11,-74,-32
,-32,-3,4,-8,-20,-58,21,-6
,-36,-6,5,2,1,7,16,-12
,6,-14,17,5,0,41,-123,8
,13,24,-35,3,3,67,16,44
,19,-1,-1,2,14,32,47,-55
,-17,-12,-14,-4,6,-4,107,9
,3,10,0,-2,-4,-21,-25,-31
,-16,-5,-7,10,0,-14,3,9
,-11,0,2,-3,-25,11,-94,-10
,16,1,-12,-5,7,-7,1,37
,32,7,17,8,4,25,22,35
,-33,-9,12,-2,3,-26,-16,58
,4,11,-20,-5,1,-11,-86,77
,36,-9,8,-4,-12,-43,-78,30
,68,15,15,3,-1,31,89,-11
,-21,-8,-22,-10,8,29,14,-60
,-10,-2,17,12,2,14,-93,-8
,-24,1,-14,-17,-5,30,81,20
,-25,-10,-44,-12,-7,-28,-65,22
,-24,-5,28,9,2,30,-19,9
,27,9,39,9,-4,-16,-5,-89
,-30,-18,-51,-15,-18,-56,-127,-59
,-37,-3,5,4,23,5,-38,-7
,6,8,0,-4,-6,22,97,-3
,-28,-16,10,3,3,-1,-27,1
,-14,-7,13,-1,-13,-49,-42,7
,3,-14,7,-1,-2,-15,-2,104
,3,-18,-28,-10,1,-33,-53,7
,-36,0,-2,-10,-17,6,-81,18
,30,13,12,6,-1,21,56,42
,-11,3,-1,-7,6,2,-96,-109
,13,3,27,0,3,-45,40,23
,-35,-6,-21,-5,-12,-20,82,6
,-9,-2,-3,3,17,2,-5,-14
,-8,-4,3,0,-12,1,24,6
,-10,2,23,5,-11,-39,18,-1
,-1,3,-23,1,21,46,37,-88
,15,3,40,8,-2,-74,-8,-5
,-4,10,-31,7,2,76,24,-76
,12,-13,-32,-18,-8,-12,-24,28
,5,3,-1,4,2,7,50,-5
,-20,-2,-9,10,6,19,-49,-25
,26,-3,-28,-17,1,29,23,21
,-16,-4,34,6,1,4,-2,15
,19,3,-51,-2,12,-2,122,24
,9,20,20,-1,-23,24,20,14
,-13,-13,-7,-6,4,-91,-77,8
,7,3,26,8,11,25,-47,-25
,2,-4,4,0,0,-52,-43,0
,0,-8,-21,-3,2,79,99,-16
,15,6,-5,-4,-13,-3,62,21
,0,1,16,1,1,-46,-60,-1
,5,-7,-10,1,-9,-32,-52,4
,0,-8,-1,0,0,2,-8,-8
,-1,9,12,-3,-11,-19,-3,-2
,14,2,-8,-2,3,6,-16,-17
,9,1,9,-3,-1,6,11,10
,-4,8,20,-5,1,0,12,0
,-7,-6,9,1,-1,3,-16,3
,-4,-1,-14,-1,-4,13,6,4
,1,-1,2,-2,0,10,15,11
,2,-4,-1,4,3,-4,-18,-3
,-5,0,7,3,4,-9,1,4
,1,-7,-20,-3,-2,5,2,-9
,6,-1,4,-7,-9,-12,-11,-9
,5,-1,1,4,3,5,-9,-8
,-1,-1,7,4,-4,3,13,6
,-2,2,-3,6,-4,1,7,-8
,1,0,9,9,5,1,-16,-5
,-2,-2,-28,-44,2,0,0,8
,-4,-2,-4,11,-10,2,12,9
,3,-4,9,14,0,-7,-11,-5
,1,2,0,22,-12,-3,-8,-4
,0,-5,-23,-8,32,5,1,-1
,1,-2,-3,-8,-5,-3,0,0
,1,2,10,14,-13,-2,-3,-6
,2,3,34,-13,-7,-2,1,1
,-4,-2,-32,1,23,5,5,-1
,-3,-3,-5,-22,-5,2,-4,-2
,-1,-1,-11,-8,-3,-4,0,1
,-2,2,13,-3,-20,-4,1,3
,1,0,37,4,-13,-6,-5,-3
,-2,0,8,28,-1,-7,-4,-1
,0,-4,0,-10,-1,-2,0,-2
,2,-5,-58,-5,31,9,2,1
,1,-5,-8,-23,2,4,0,1
,-1,4,-7,-2,3,2,2,1
,0,0,42,97,5,0,-1,-5
,-2,6,-4,-19,4,-5,-2,-1
,-2,-4,-34,13,-3,1,2,1
,-1,3,8,-15,5,4,8,4
,1,-2,-40,-55,-13,-8,-6,-3
,0,1,34,36,-9,-6,-6,-6
,-1,-2,-6,7,-2,-5,-2,-2
,3,3,28,7,-22,0,4,1
,1,-2,-9,16,53,5,2,-1
,1,3,6,12,0,0,0,1
,1,6,13,-8,-20,3,2,-1
,-3,-8,-9,-7,-6,-4,-5,-1
,-1,0,-7,-37,-25,-5,-1,-2
,-1,3,5,1,2,7,1,-1
,0,7,26,13,-7,-9,-4,-2
,-3,-6,-33,19,17,4,1,1
,2,5,-26,-9,0,6,3,3
,-4,-16,-11,-23,-11,-4,-4,-3
,-1,-3,-12,4,6,3,-1,0
,4,8,59,10,-5,-1,2,2
,-2,1,-40,-36,11,5,0,0
,2,6,23,22,-10,-1,-1,0
,-3,-4,-5,-15,-7,-2,-4,-2
,1,0,-29,-18,-3,0,1,1
,-1,1,25,-16,-17,-3,1,-1
,1,-8,-51,-1,15,6,4,1
,0,6,67,23,1,-4,-3,-2
,-2,-6,-47,6,0,-2,-4,-2
,1,-1,24,-45,-20,-3,-1,-1
,-2,-3,0,10,-2,-1,0,-1
,-1,4,8,8,3,2,2,1
,-2,2,-1,-12,9,-2,-2,-2
,-3,-3,-1,4,1,-2,-2,-1
,-1,0,-15,-12,-13,1,0,-2
,-2,-13,-14,16,-2,-3,-1,-1
,-1,-5,11,24,9,-3,-4,-2
,0,1,-24,19,12,3,-1,2
,-1,-4,16,-25,-5,-7,-4,-2
,1,4,-16,-16,-2,4,2,1
,-3,-6,5,-5,-3,-6,0,-2
,0,0,17,13,9,-1,-2,-1
,1,1,8,-11,6,-2,-2,1
,1,-1,-15,9,-10,-7,-1,-1
,-1,-1,4,-7,3,0,0,0
,-3,-3,-1,-2,-9,-2,-2,0
,-3,0,11,20,1,1,1,2
,0,-4,-14,-8,4,-5,0,0
,1,4,8,2,14,7,1,2
,2,0,10,-5,10,-1,-2,-1
,-2,-4,-19,19,-12,-3,-3,-1
,0,3,8,29,-6,-1,-3,0
,-4,1,5,-48,-12,-4,-3,-3
,-1,-4,-10,16,4,1,2,-1
,1,0,-17,-11,5,-1,0,-1
,-1,0,1,-4,-2,-1,0,0
,-1,2,-6,-2,-4,0,-2,-1
,-2,-1,-6,-12,-6,-1,1,-1
,0,2,6,-8,5,1,-1,1
,0,-1,12,-7,-6,0,0,-2
,0,-3,-5,3,-3,-5,-3,-2
,1,1,6,-3,-9,3,0,0
,-1,1,1,-8,4,1,1,-1
,-1,1,2,3,3,0,-2,2
,-3,-4,-5,11,0,-3,-1,-2
,-1,-3,-4,9,0,-1,-2,-1
,1,2,8,-10,-17,-9,-2,0
,-1,-1,2,-9,9,5,-2,-2
,1,0,4,7,2,5,2,0
,-2,-4,-2,0,-22,-5,1,-3
,0,-2,-2,-5,27,7,2,-1
,0,-2,-1,-3,1,-4,0,-1
,-2,-2,-7,-23,-19,-5,-1,-1
,0,-2,-6,35,13,0,-1,0
,1,0,3,-17,-12,-3,0,-1
,0,-2,2,-6,-5,-1,0,-1
,0,-1,2,15,12,2,0,-2
,0,1,4,-5,-9,-4,-3,0
,-2,0,0,-15,-2,0,-1,-1
,0,0,2,19,-3,-2,-2,0
,3,-3,3,-3,-6,0,0,-1
,-5,0,-3,-7,5,1,1,-2
,0,2,5,11,3,-3,-1,-1
,0,-2,0,-15,-6,2,-2,-3
,-3,-3,-1,-13,-5,-2,0,-1
,1,-1,-4,11,6,-1,-1,-2
,0,0,4,-1,-3,1,-1,-4
,-1,-1,12,-6,-8,0,1,-1
,1,-1,-25,11,8,3,-2,0
,-1,0,-3,-1,11,5,2,0
,-2,1,0,-5,-12,-8,-2,-2
,0,-1,-3,10,9,0,-1,0
,-1,-1,3,-3,-4,1,-2,-1
,0,-1,-1,-21,-1,-1,-1,1
,-1,-1,-5,10,-4,0,-4,0
,-2,-1,7,0,-25,-8,-1,-2
,0,-3,-17,-25,9,5,2,-2
,0,-3,-1,11,12,-5,-2,0
,1,0,4,-1,2,4,1,1
,2,-1,-4,-5,2,-4,-1,0
,-1,0,3,10,-12,-6,-1,-2
,0,-1,-4,-5,-7,2,-1,-1
,-5,-3,-6,-7,0,-1,-1,0
,-1,0,-3,-5,-10,1,-1,0
,-1,-1,6,28,13,0,0,2
,0,-2,2,-2,-2,0,-2,-2
,1,0,-11,-22,-1,-1,1,0
,1,0,5,38,2,3,-2,-1
,-6,-1,-5,-27,-7,-3,-1,1
,3,1,-8,-5,-1,0,-3,1
,-2,-1,1,1,4,4,-1,0
,-3,0,-4,-19,-4,-2,1,-2
,2,0,11,0,-3,-1,-2,-2
,-1,0,5,15,-3,1,1,0
,-1,-3,-3,13,7,0,-2,-1
,-1,0,-4,-7,1,2,-3,0
,-1,1,3,1,-2,-4,-2,0
,-4,-1,2,-6,-9,2,0,0
,1,0,1,3,12,3,0,-1
,0,-1,-1,2,4,-2,-1,0
,1,0,-5,-10,-4,-2,1,-2
,2,0,-1,-9,-11,-8,-3,-1
,-9,0,2,3,-6,-3,0,-1
,1,0,-2,2,18,0,0,-3
,-1,0,2,5,-8,-1,0,-2
,-1,1,-2,-14,1,-1,1,-1
,3,-1,2,16,-11,-5,-1,0
,-3,0,2,-5,1,0,1,2
,-2,-1,-8,-9,0,-4,-3,-1
,-3,-4,4,33,11,3,-1,-2
,-1,-2,0,-18,-8,1,-1,1
,-3,-3,-6,-4,-15,-1,-2,-1
,-2,-2,4,-1,6,3,-2,-3
,-1,-1,5,-7,0,-1,-2,0
,1,0,-3,2,6,1,-1,-1
,0,-2,-3,-1,-3,-5,-2,0
,1,1,2,3,-5,1,0,0
,3,2,-1,-9,-10,-3,-1,0
,-9,-2,-2,2,6,1,-1,-4
,-6,-1,-3,-7,18,0,0,0
,-1,-3,-1,5,-6,-9,-1,-1
,1,0,-4,0,-2,4,2,-1
,6,-1,-3,0,3,-2,1,1
,2,-1,-3,-11,-12,-1,-2,1
,-2,3,2,-2,1,-3,-2,0
,-4,-3,-2,9,2,-3,-1,1
,0,1,-2,-1,-7,-1,-1,1
,-1,-2,-2,-10,-10,-3,0,-2
,0,-1,1,16,10,2,1,2
,-2,-1,-5,-18,-8,-1,-1,-2
,0,0,8,19,3,0,-2,0
,0,-2,-12,-7,-2,1,-1,0
,-1,-3,-1,5,-1,2,1,-1
,-2,0,-2,-15,-4,-5,-1,-2
,-1,-4,0,9,4,0,1,-2
,1,0,1,4,-2,2,0,-2
,-1,-2,1,12,3,3,-2,-3
,-2,0,-1,-10,3,2,1,0
,1,-2,-3,-10,-1,-3,-4,-2
,0,1,3,4,1,3,0,0
,-1,1,-1,2,1,0,0,0
,1,2,-2,4,3,-1,0,-1
,2,2,-3,-7,-6,-4,-1,-1
,0,-1,-1,-4,-6,-7,0,-1
,-1,-1,0,-3,-2,-3,0,0
,-1,-2,0,8,-1,-6,1,0
,-1,1,-2,-5,1,3,0,0
,-2,1,-1,1,0,-5,0,0
,-3,-3,-2,-4,-2,2,0,-1
,-2,-4,-2,-7,-3,0,-3,1
,-2,-1,1,4,1,-1,-1,-1
,-2,1,0,1,0,0,-2,-2
,0,-1,-2,-1,-2,-4,-2,0
,-2,1,0,-2,-1,0,-2,-4
,-2,-3,-3,-2,0,3,-1,-2
,1,-2,-2,4,3,1,1,1
,1,-3,-3,1,-5,-2,-1,0
,-1,-1,-2,0,0,-1,0,-2
,1,-1,2,-4,-1,-5,-1,0
,-2,-1,1,5,1,-1,-1,-1
,2,0,-3,-6,-2,1,2,0
,-2,0,-2,-5,-2,-4,-1,0
,0,-1,0,6,1,0,0,1
,0,-2,0,-1,-3,-2,-2,0
,-3,1,2,-5,-2,-3,-1,-1
,-1,0,2,6,-1,1,0,1
,-1,0,0,-18,-4,-2,1,-2
,0,-1,3,18,4,2,0,-2
,0,-1,-2,-2,-6,-1,-2,0
,0,-1,-2,-1,4,2,-1,0
,0,0,-3,-3,-7,-3,-2,0
,-1,0,-2,-5,4,0,-2,-1
,1,-1,1,5,2,1,-2,0
,0,-2,-1,0,-1,1,0,0
,-1,-1,1,-4,-5,-2,0,0
,-2,-2,2,-2,-3,-2,0,-1
,0,-3,0,1,-2,0,-1,0
,-3,-3,0,0,0,4,-1,-2
,-1,0,0,4,7,-1,0,-1
,1,2,-2,2,4,2,-1,0
,0,1,1,0,0,-2,-2,-2
,0,1,-4,-5,-5,-2,-1,0
,-1,-1,-1,-8,-3,0,0,-1
,-1,-1,0,-1,-4,-3,0,1
,0,0,-1,1,-3,-3,-1,0
,3,-2,0,6,4,-1,-2,-2
,-2,-1,-1,2,-2,2,-1,-1
,0,0,0,-9,2,-2,-1,0
,-3,0,-1,1,3,2,-2,1
,-2,1,2,1,0,-1,-1,0
,0,0,-4,-14,-5,-1,-2,-1
,0,-2,1,10,6,1,0,-1
,-1,-1,-2,-2,1,-1,1,-2
,-2,1,0,-8,-4,-5,-1,-3
,0,-2,-2,17,3,0,0,-2
,0,-1,-3,-12,-8,1,-1,-2
,0,-1,0,2,4,-1,2,-1
,0,-1,0,-2,-3,-3,-3,0
,-1,-1,1,0,-1,-1,-1,1
,1,0,-3,-2,-7,2,0,1
,0,-1,-1,8,3,4,0,-2
,0,0,-2,4,2,3,-1,-1
,-2,0,-1,-1,-4,0,-2,0
,-1,-1,-2,-4,-4,-2,-1,1
,0,0,0,-6,3,-3,-1,-1
,0,0,0,-2,1,-1,-2,0
,0,-2,-1,0,-1,-2,-1,0
,-3,-1,-2,-6,-1,-2,-2,-3
,-2,0,-3,-11,-8,-2,-1,-1
,-1,0,6,6,5,0,1,0
,0,-4,-13,-2,1,-1,-2,1
,-2,-4,-1,-3,-4,-4,-1,-1
,0,0,-2,5,-2,-2,0,-1
,-1,0,-1,1,3,-3,-1,-3
,1,3,3,-3,-1,4,2,0
,0,2,1,-2,-2,1,-1,-1
,0,-1,0,1,2,1,1,1
,-1,-1,-1,0,-1,-1,1,0
,-1,-1,-1,-10,0,-3,-2,-1
,1,0,2,6,-4,-2,-3,-2
,-1,-2,4,-5,-3,0,-1,-3
,-1,0,-3,-2,-10,-3,-1,-1
,-1,-1,2,2,5,1,1,-2
,-3,-1,-2,-2,6,1,-1,0
,-1,-2,4,-4,-2,1,-1,1
,-2,-2,-7,-3,-2,-2,0,1
,-2,0,1,-3,-4,-4,1,-1
,0,0,-1,0,0,0,0,-1
,1,1,-5,0,1,-1,1,-3
,-1,0,-3,-1,0,0,1,-1
,-1,-3,-3,2,-4,-3,-2,-1
,1,-2,3,0,1,-1,0,0
,-1,0,0,-1,2,0,-2,-1
,-2,-3,3,1,-2,1,-1,-1
,0,0,3,4,0,0,-1,-2
,-1,-2,2,-1,0,0,0,-1
,-2,1,0,2,-2,0,-3,-1
,-2,-1,-1,0,0,0,0,-1
,1,-1,0,3,5,-2,-1,0
,1,-1,-5,-3,-1,-1,0,0
,0,0,-2,0,0,-1,0,0
,1,0,-1,-2,0,-2,2,1
,-1,-1,0,-1,0,-2,1,2
,0,-2,-2,-4,-2,-1,0,0
,-2,-3,-3,0,-2,-2,-3,-2
,-1,-2,-1,-2,-4,1,-1,0
,0,-2,1,-1,-3,0,-2,-2
,-2,0,-2,4,-2,-1,0,-2
,-2,-2,-1,0,-2,-3,0,-1
,1,-1,-2,-6,0,2,-2,-1
,1,0,-1,0,-4,-2,-2,0
,-2,0,-1,-2,2,-1,0,0
,-1,-1,-1,-2,-3,-3,1,0
,-1,0,0,1,-2,-3,0,-1
,-1,1,1,0,-3,-3,1,1
,-2,-1,0,0,-1,0,-2,-1
,0,-2,-3,-2,0,0,1,0
,1,0,-1,-1,0,0,-1,1
,0,0,2,0,2,0,-1,-2
,0,-2,0,-2,0,-2,-1,-3
,-2,-1,0,0,0,0,-2,0
,-2,0,-3,2,-3,4,0,-1
,-1,-1,-1,2,-1,3,1,-1
,1,1,-1,-2,-3,-1,0,-2
,0,-3,-2,-2,-4,0,-1,-1
,-1,-3,-1,-1,-2,-2,1,-2
,-1,-1,-1,-1,-2,1,0,0
,-1,-1,0,1,-1,1,-2,0
,0,-1,-2,-3,-2,-1,-2,-1
,-2,-3,0,-1,-2,-2,0,-2
,-1,-1,0,-1,2,1,2,-1
,0,1,-1,0,-2,-1,2,-1
,-1,-2,0,-2,-2,0,3,0
,0,0,-1,0,0,-1,1,0
,0,-3,-1,-3,-1,-2,1,-2
,-3,-2,-2,1,1,0,-6,-1
,-2,1,1,1,3,0,-1,1
,-1,-1,1,0,3,-2,-4,-1
,-3,-1,-3,0,-2,-1,-1,-1
,1,2,-3,1,-6,0,1,1
,1,-2,-2,0,-5,0,-2,-1
,-2,-2,-3,-1,-3,-1,-1,-1
,-1,0,-2,-1,0,-1,-3,0
,-2,0,-1,-2,3,1,0,-1
,-3,0,-2,0,2,0,1,0
,0,-1,2,-1,2,1,0,1
,0,-1,-1,1,-1,0,0,1
,-1,0,0,-1,-1,-3,0,1
,1,1,2,2,1,0,1,-3
,-1,-1,0,-1,-1,-2,-2,-3
,0,-1,-2,-4,-1,0,-3,-1
,0,0,-3,-3,-3,1,0,-1
,-2,0,-1,-3,-2,2,-2,1
,-2,-2,0,-2,0,-1,-2,0
,-2,0,-1,2,-3,-3,0,-1
,-1,-5,-3,1,-1,-3,-2,-1
,-1,-3,-2,0,-4,-2,-2,0
,1,0,-5,0,1,-1,-1,-1
,0,0,-1,0,3,2,-1,-1
,-1,-3,3,-1,0,-1,0,-1
,-1,-4,-1,2,-1,0,0,-2
,0,-2,0,-1,-6,-4,-1,0
,0,1,0,-2,-2,-4,-2,-1
,-1,-2,0,1,-2,-2,-2,2
,1,0,-2,-1,-1,1,-2,1
,1,2,0,-1,0,2,-1,1
,0,-2,-2,-4,-4,-1,-2,0
,-1,4,0,-3,-1,0,1,-2
,-2,-3,-2,-3,1,1,1,-2
,0,-2,0,0,0,-2,-1,-1
,-1,-3,0,-1,-3,0,0,1
,0,-3,-1,-4,1,0,0,0
,0,1,-1,0,1,-1,4,1
,-1,1,-1,-2,0,0,-8,-3
,-1,1,-1,-2,-1,-2,-4,0
,-3,-2,-4,-2,1,-6,-5,-1
,0,0,1,-2,2,0,-1,-2
,-1,-2,-2,-1,-2,-1,1,-2
,-2,1,0,5,-2,1,1,-1
,-1,-2,2,3,-3,3,1,-1
,-3,-2,-2,2,-1,-2,-1,0
,-2,1,-1,0,3,0,-2,-2
,-1,-1,-1,-1,3,0,0,-1
,-1,0,-2,-2,0,-3,-1,1
,0,0,0,-4,-3,-5,0,1
,0,-1,-1,-2,0,-1,5,-1
,2,0,-2,1,0,0,2,-2
,-1,-2,-2,-3,-3,3,0,-1
,-1,3,2,0,-3,-1,-4,-2
,-1,-3,-1,-2,-4,-1,-1,0
,-2,-3,-2,-3,-2,0,-3,-1
,0,-1,4,3,1,-1,0,-1
,-3,-1,0,-1,0,-2,-2,-2
,0,1,1,2,1,0,2,0
,0,1,1,-1,-1,-4,1,1
,2,1,-2,0,-2,-1,-1,-2
,-2,-3,-5,-1,1,0,-1,-1
,-2,-1,-2,-1,0,0,0,0
,0,-2,-3,-4,-5,1,-2,0
,-2,-1,-3,-5,-2,2,0,-1
,0,1,0,1,0,-2,-1,0
,0,-3,-3,-2,-1,-4,-3,-2
,0,-2,-2,-1,1,-3,-1,-1
,0,-1,-3,0,-2,-2,-1,-3
,-1,-1,-2,1,0,-1,1,-1
,-2,0,-2,3,-1,-1,-1,0
,-1,0,-2,1,-3,0,-1,-1
,0,-1,-2,2,-2,1,-2,0
,-2,0,-1,0,1,1,-3,-2
,-1,-1,0,-4,2,2,1,-1
,0,-2,0,-4,1,-1,1,-1
,2,1,1,-1,-1,1,1,1
,-1,1,1,-1,-3,1,0,1
,-1,2,1,1,-3,-4,-1,3
,-1,0,2,2,0,-3,0,1
,-1,-2,-1,-3,1,1,-4,-1
,1,-2,-5,0,-2,0,-1,-3
,1,-1,-3,-2,-1,0,0,-2
,0,-1,0,-1,-3,-2,-1,-2
,-3,-2,-1,-1,-2,-4,1,-1
,1,-3,0,0,0,-5,1,0
,-2,-3,-2,0,-1,-1,1,-2
,0,0,-1,-1,1,0,-1,-1
,-1,0,-4,1,-2,0,0,0
,-1,0,0,1,2,0,1,-1
,-2,0,0,0,1,-3,-1,-3
,-1,-1,0,-2,-2,-2,0,-3
,-3,-2,-1,-3,0,-1,-1,-1
,1,-2,-2,-1,-2,0,-2,-1
,1,1,3,-1,-1,0,-3,2
,-2,-1,1,0,0,0,-2,1
,0,0,2,0,-2,-2,0,0
,-1,-2,1,0,-4,1,-2,-2
,-1,-1,-1,1,-1,0,1,-1
,0,0,-1,-2,-1,0,-2,-1
,-2,-1,-3,-1,1,-1,-1,-1
,0,0,-1,-1,3,0,-1,-1
,-3,0,-2,0,-3,-1,0,0
,-2,0,-2,0,-1,1,1,0
,0,-2,-1,2,0,-1,0,0
,-1,1,-1,-1,-3,-3,-2,1
,1,-3,1,1,0,-3,0,-1
,0,-2,-1,-2,-1,-1,1,-1
,0,0,0,-3,-1,-2,-3,-1
,-1,-1,1,-2,-3,0,-2,0
,0,-3,-2,0,1,-1,-3,-1
,-2,0,-1,1,0,1,0,-1
,0,1,0,3,0,-1,1,0
,-1,0,1,0,0,-1,0,0
,-2,2,-1,0,0,0,0,-2
,-3,-5,-4,-5,0,1,-4,0
,0,-2,-1,-4,-1,-4,-1,1
,-1,-1,-2,-2,-2,-3,-1,-1
,1,-3,1,-1,-3,-3,0,-2
,0,2,1,-1,-1,0,1,1
,-1,-1,3,2,3,1,-1,-1
,-1,1,-1,-1,2,0,2,-1
,-2,-1,-1,2,3,0,-1,-1
,0,-2,0,3,-3,-2,1,-3
,1,-1,-1,-3,-4,-1,1,-1
,-1,0,-1,-2,-3,-4,0,0
,0,0,-2,-5,-1,-2,-1,0
,-1,0,-3,-4,-4,-1,-1,-2
,1,2,0,1,-4,0,1,-2
,-1,-2,0,2,0,3,-2,-1
,-1,0,-1,1,-1,1,-1,1
,-1,-1,-2,1,1,-2,-4,0
,-1,1,-3,0,2,-1,-3,2
,0,-2,-2,0,-3,0,-4,0
,0,0,-2,0,-1,-1,-1,0
,2,-1,-1,0,0,-2,0,-3
,-2,0,0,-2,1,0,0,-3
,-3,-2,-3,-2,1,-1,-2,-3
,0,-5,-2,-2,0,3,0,1
,1,-4,-3,-1,2,2,-2,1
,1,0,-2,0,1,1,-1,-1
,-1,0,2,1,-2,-2,0,1
,-2,-2,-1,2,-5,-3,1,0
,-1,-1,-1,2,0,0,2,0
,-1,-1,-1,2,0,-3,0,-2
,1,0,-2,-2,-2,-2,-1,0
,0,-1,-1,-4,-1,0,-2,-1
,-3,-2,-1,-3,-2,-2,-1,0
,0,-2,-6,-4,0,0,0,-2
,0,0,-1,-3,1,-1,1,-2
,-2,0,-1,-3,-1,-3,0,-1
,-1,2,0,1,1,-1,-1,-1
,0,2,4,2,1,2,-2,-1
,-1,-3,1,-1,-2,0,-1,0
,-1,-1,-4,-1,0,-1,-2,-2
,-2,0,-2,0,0,-2,-3,-1
,-1,-2,-1,0,-3,0,1,0
,0,0,0,3,1,2,0,1
,0,0,3,1,-3,-4,0,-1
,0,1,0,1,-1,0,1,1
,1,-1,0,-2,0,-1,-1,-1
,-1,0,-1,-2,-3,-2,1,-1
,-1,2,-3,-2,-4,-1,2,0
,-1,0,-2,-2,-2,-1,-2,-2
,-1,0,-1,1,-2,0,-1,0
,-2,-2,-2,-3,1,2,-1,-2
,-2,1,0,0,0,2,0,-1
,-1,-3,-1,0,0,-3,0,-1
,-2,-2,-2,0,1,0,1,0
,-1,-2,1,3,-3,0,-2,-1
,-1,-3,-2,0,-1,1,-3,-1
,2,-4,1,-2,-1,-2,-2,-1
,1,-4,2,-2,-1,-3,-2,-2
,-1,-1,-2,-3,-2,1,-1,-1
,-1,2,0,0,2,1,1,1
,-1,0,-2,-4,0,0,-1,-1
,-1,-2,-4,-4,-1,-3,-1,0
,1,0,-1,-1,-2,-4,0,-1
,-3,-2,4,2,-2,-1,-2,-1
,-2,0,3,-1,-1,0,-2,0
,-1,-3,2,-4,-2,-1,-1,-1
,0,-2,-3,-2,-1,0,-2,-2
,0,-1,-3,0,-2,-2,3,0
,-1,-1,-2,4,-1,-2,-1,0
,0,-1,-5,1,1,0,-3,1
,1,0,-3,-2,-1,-4,0,0
,0,0,-3,-2,1,-2,-2,-2
,0,-1,-1,-2,-3,1,3,-2
,-2,0,0,2,-3,3,0,-2
,1,-1,1,4,2,1,-1,-1
,0,-1,-3,2,-1,-2,0,0
,-1,0,-1,4,1,3,-1,0
,-2,-1,-3,-2,-3,-3,0,1
,-2,-1,0,-3,2,0,-2,0
,0,-2,1,-5,1,0,-4,-1
,-2,-1,-3,-1,0,-2,-2,-1
,-1,0,-1,2,-2,-4,-1,-3
,0,-1,-1,0,-1,-2,0,-1
,1,-1,-4,-5,-2,1,0,-1
,2,-1,-2,-3,-5,-1,0,-1
,0,0,-1,0,1,0,-1,2
,-3,-3,0,-2,-1,0,0,1
,-1,0,0,0,-1,1,1,-2
,0,0,0,-3,0,1,1,-2
,1,-2,-2,-1,-2,-2,1,-3
,1,2,1,2,0,-5,-1,-1
,1,-2,0,2,1,-1,-6,0
,-1,0,-2,3,-1,-5,-1,-1
,-2,-1,0,-2,0,-1,-1,-1
,-1,-1,-2,-2,-4,3,1,-1
,-1,-2,0,-1,1,0,1,1
,0,-1,1,1,0,1,-2,2
,-1,-1,-3,1,-4,-1,-3,-1
,-1,0,-1,1,-3,-2,-1,-2
,0,-2,-3,0,-2,-5,1,-3
,-1,-2,-2,-2,3,-1,2,-2
,-1,-1,2,0,0,-1,1,0
,-2,0,1,-4,-1,1,-2,-1
,1,-1,0,-6,-3,0,-1,-1
,0,0,0,-4,-4,2,1,1
,0,1,0,-3,-2,1,0,0
,1,-1,-5,-1,0,0,0,1
,-1,-2,-2,3,1,-2,0,-1
,-1,-1,-1,1,-2,-2,-1,0
,-2,-2,0,2,1,0,-2,-2
,0,-1,-1,0,1,-2,-2,0
,-1,2,0,-1,-3,0,-2,0
,-3,-2,-2,-3,-2,-2,-2,-2
,0,-1,0,-1,3,1,-1,2
,-2,-2,0,-1,0,-3,-1,-1
,-3,-4,1,1,0,0,0,-3
,0,-1,1,0,-4,1,0,-2
,0,1,-2,-1,-2,-1,1,1
,-1,0,-1,1,4,2,0,0
,-1,2,-2,-1,2,-3,-2,1
,0,-2,-2,-2,1,-1,-3,-1
,-1,0,0,-2,-3,-2,-2,-2
,-1,-1,-2,0,-3,-1,-1,-1
,0,-3,0,0,-2,0,-1,0
,-1,-4,0,-1,-1,-1,1,1
,1,-1,-3,-1,1,-1,0,-2
,0,2,-2,-5,-2,-4,-3,0
,-2,3,-2,1,-1,-2,-4,-2
,-3,2,2,3,4,2,-3,-2
,-2,-2,-1,-1,-3,-1,0,-1
,0,-4,-1,-4,-2,0,0,-1
,-1,-1,-1,-1,-3,0,1,0
,2,0,0,0,3,-2,1,0
,-2,-1,2,4,3,-1,0,1
,-2,-1,0,3,2,1,0,-2
,0,0,1,-4,-4,-4,0,0
,-3,-2,-1,-2,-10,-2,-1,-1
,-1,-1,2,-3,1,-3,-2,-1
,1,-1,-6,-1,-4,-1,1,2
,0,-2,-8,3,5,2,-1,0
,1,1,4,0,6,1,-1,0
,0,-1,-3,-3,-3,-3,-1,0
,-1,-3,4,-1,2,-2,1,-1
,-2,2,12,3,0,-2,-1,-2
,0,-5,-1,1,-2,-1,-2,-2
,-2,0,-23,-6,-2,2,0,-1
,-1,-1,0,0,-4,1,-2,-1
,-1,0,-1,0,-2,-1,0,1
,-1,1,7,2,-3,-6,-1,-2
,2,-1,-9,-1,-6,3,0,-1
,-1,0,12,1,-3,-2,-1,-3
,-2,0,-2,1,8,2,1,0
,0,2,17,1,2,1,-1,0
,0,-1,-13,0,0,-2,-2,0
,1,-1,-12,-4,-5,2,-2,1
,1,-2,5,-4,-5,0,0,0
,0,0,-1,-1,-2,-1,-2,-2
,-1,-4,8,2,5,6,-1,-1
,-1,3,2,2,5,0,1,0
,-2,-1,-2,-2,-3,-1,-3,-1
,-1,-3,-12,-2,-2,-2,1,0
,-2,-2,-2,-2,0,-4,-2,-2
,1,0,1,1,1,-4,0,0
,1,-1,-7,1,0,-2,2,1
,-1,-1,-12,-4,-2,-2,-1,1
,-1,0,14,-2,0,-4,-3,-1
,1,-1,3,-1,-3,-3,0,-2
,-1,-2,1,-3,-3,-2,-2,-2
,1,-2,-1,-2,-3,1,2,0
,-2,0,6,2,0,1,2,-2
,-1,-3,-3,-1,2,-2,-1,-2
,-1,-2,-3,-4,-2,-3,-3,-1
,-1,-1,-6,-2,3,0,-3,1
,-1,-1,2,-2,-2,-3,0,4
,-2,0,-2,5,-6,0,-1,0
,1,1,11,2,-3,-2,0,-1
,-3,-2,-11,0,1,-2,0,-2
,-1,3,5,-4,1,0,-2,0
,-1,-3,-6,-4,2,0,-2,-1
,-1,0,2,3,-1,-1,-2,-2
,2,3,5,0,-1,0,2,-1
,0,0,-3,1,-1,-3,3,-1
,-1,-1,2,-1,-4,0,1,0
,-1,0,-2,-2,-2,1,1,0
,-2,0,1,-3,0,2,1,-2
,1,-3,-4,1,-1,0,-1,-2
,1,-1,-4,-4,2,-3,-4,0
,-1,-1,-5,-2,-1,-4,-1,1
,-3,0,-2,1,-1,2,-3,-1
,-2,-2,4,2,-3,0,-1,0
,-2,1,0,1,-3,-2,0,-2
,-2,-5,-9,-6,-3,-1,1,-2
,0,1,1,0,0,0,0,-1
,-1,0,-1,-1,0,-1,0,-3
,0,-1,-3,-3,2,2,0,1
,2,0,6,-1,0,0,0,0
,0,-3,-15,2,3,-4,-2,0
,0,-2,0,1,0,-2,-2,0
,0,-1,0,1,-2,-2,1,0
,-1,1,12,2,-1,1,0,1
,-2,-3,-6,-4,-4,-3,-3,0
,0,-1,-4,-2,-3,-6,-2,0
,1,2,-4,0,2,-3,-2,-1
,1,0,6,-1,0,0,0,0
,0,-1,9,-3,-3,0,0,0
,-1,-2,-2,-4,-2,0,0,-2
,-2,-1,1,-3,-1,1,-1,-2
,-2,-1,-24,-3,1,1,-1,-2
,-1,1,5,0,1,0,-1,-1
,-1,0,-2,-2,1,1,0,0
,-2,1,14,4,-2,0,-1,0
,-1,-3,-13,1,2,-1,-1,0
,1,0,-2,4,-3,0,2,-2
,1,-3,2,0,-4,-2,0,-3
,-1,-2,2,-2,-2,-3,-1,-1
,0,0,-5,-3,-3,-1,0,0
,-2,-3,-1,-7,0,-3,-2,0
,0,-1,0,-3,0,0,-2,1
,0,-2,-6,-2,1,0,0,-1
,-1,1,1,1,0,-2,-2,-2
,-1,3,2,4,0,2,-1,1
,0,1,-1,-1,2,1,0,0
,-1,-2,-5,-1,-1,1,-2,-1
,-2,0,1,-3,-3,1,-1,-1
,0,-3,1,-3,-2,0,1,0
,-1,-3,0,1,4,1,1,-2
,-2,0,0,2,-1,-1,-1,-1
,1,-2,-3,-3,-5,-3,-2,0
,0,1,-2,-3,-2,-3,-2,0
,-2,1,0,-3,-3,-2,-2,0
,0,-2,-2,-3,1,1,0,0
,0,1,2,-2,1,0,-1,0
,0,-2,-3,1,-1,1,-2,-1
,1,-1,-1,1,-3,0,1,0
,-2,-1,-4,0,-1,-1,1,-1
,-2,-2,-2,-1,-1,-3,0,-3
,-3,-3,-3,-3,-2,-4,-1,-1
,-3,-1,2,0,0,-2,-1,0
,-2,0,1,1,1,0,1,0
,0,1,0,2,0,0,-1,1
,0,1,0,1,2,0,-2,2
,0,0,2,3,0,2,-1,-1
,-2,-3,-12,-3,-4,-3,1,0
,0,-1,-2,-1,0,-1,2,-1
,0,-1,-1,-1,3,-1,0,-2
,1,2,4,0,-3,-1,-1,0
,-1,-1,-1,-2,0,0,-3,0
,-1,-2,-2,-2,1,-3,-1,-2
,0,1,0,-3,-2,-4,0,-2
,-2,0,-3,-4,1,-1,0,-1
,-1,1,1,0,2,0,1,-1
,0,-2,0,-1,-3,1,0,1
,0,-2,0,1,-2,2,-1,0
,0,-1,0,1,-2,-1,-3,0
,0,0,-2,0,-1,-1,-2,0
,-2,-2,-1,-1,0,2,0,-1
,-2,-1,-2,-2,0,-2,0,-2
,-2,0,-1,-1,-1,0,2,-1
,0,0,0,1,-2,-2,1,-1
,0,1,-2,3,-3,-2,1,-1
,0,0,0,2,-1,-4,0,-1
,-3,1,-4,-5,-2,-2,-2,-1
,0,-3,0,-3,0,0,4,0
,0,0,0,-3,-2,-1,-8,-1
,0,1,-1,-1,-1,2,-2,-1
,-1,-3,-2,-3,-2,0,-1,0
,0,1,-2,2,1,-1,0,1
,-2,1,6,5,2,0,4,-1
,2,2,-2,1,1,-1,-2,1
,-3,-2,-7,-1,-2,-2,-2,0
,-2,-1,1,-5,-2,0,-2,-2
,-1,-3,-6,-3,-3,-1,-1,-1
,-2,0,4,2,1,0,-1,0
,-1,-1,1,1,-1,1,1,0
,0,-4,0,0,-2,-1,-1,-1
,-2,-1,-1,2,-1,-1,0,2
,1,-1,-1,-2,0,3,1,-1
,0,0,-5,0,-2,-1,-1,0
,0,-4,-8,-3,-1,-2,-4,-1
,1,-1,4,-2,-1,-2,0,-1
,-1,-4,-10,-5,0,-1,3,-2
,-1,-3,15,2,-3,1,0,0
,-2,1,-31,-1,-1,0,0,-2
,0,0,2,-4,3,-2,-2,-1
,-2,1,-1,2,-1,-4,-2,1
,1,-3,-7,-4,1,-4,-1,0
,-1,0,20,1,-3,-1,0,-1
,-1,2,-7,0,-5,5,-1,-1
,-2,-6,-16,-5,-1,-1,-2,-1
,0,-1,-9,-2,4,-1,-2,0
,-1,-3,2,-7,-3,-5,-1,-1
,-1,-1,4,1,3,1,-1,0
,0,0,10,-1,-7,2,0,1
,1,2,5,1,0,0,0,-1
,-2,0,0,5,3,2,-1,-1
,-2,-1,-13,0,2,2,0,-1
,-1,-1,4,2,-3,-2,-1,-1
,-1,-3,-4,-4,-3,-4,2,-1
,1,1,10,0,-2,-4,-1,0
,1,-1,1,-1,-5,-2,2,0
,-2,0,-1,-1,-2,7,1,-1
,1,4,0,4,7,2,1,-1
,-2,-3,-22,-2,1,-1,-1,-3
,1,-5,-19,-8,-4,-5,-2,-1
,-1,-3,-1,-5,-1,-4,1,-2
,0,4,21,4,2,2,0,0
,-2,4,9,-2,-4,2,-3,1
,-2,-3,18,0,2,-3,0,1
,0,0,-7,0,-1,-7,-1,0
,0,0,4,1,-4,2,-4,-2
,-1,-2,-4,-2,-10,-6,-2,-3
,0,1,-22,-6,-1,7,-3,0
,0,1,17,6,7,4,0,0
,-1,-2,-12,0,6,-3,1,-1
,-1,0,-12,1,-2,-1,0,-2
,0,3,20,1,1,0,-1,-1
,-2,0,-9,-2,-3,-6,-2,1
,-2,-6,-13,-6,-1,-1,-1,-2
,1,-2,19,-2,-1,-2,1,2
,-1,-2,-12,0,-2,-1,1,0
,-2,-7,-31,-3,3,2,0,0
,0,3,8,10,-4,-1,-2,0
,-2,-1,29,-1,-1,0,-2,-1
,1,6,-13,-1,2,2,1,0
,-2,-1,-1,-7,2,-5,0,-2
,-1,1,2,4,-1,-2,0,0
,1,1,-29,3,-2,1,0,-2
,-4,-8,5,-1,-9,-6,-1,-3
,-2,-8,-41,-11,-5,8,-1,-2
,0,2,-12,-4,-1,-5,0,-1
,0,4,29,12,6,1,-1,1
,-4,-9,-54,-5,-2,-2,-3,-2
,-1,2,7,9,0,-1,-2,-1
,-4,-5,13,-12,-7,-1,-4,-2
,-1,-5,-9,-10,-4,0,-1,0
,2,5,3,2,5,3,2,0
,-2,-4,25,12,9,-2,1,-1
,-2,-5,20,4,-2,-3,-3,0
,1,-1,5,-6,-2,-4,0,1
,1,1,-2,1,-7,2,0,0
,4,4,21,-3,-2,2,-1,0
,2,7,32,6,7,3,0,0
,-3,-9,-27,-3,0,-1,-3,-1
,0,4,68,10,2,-2,-3,-3
,2,0,-27,-9,-9,-8,-1,-2
,-2,6,10,1,-4,6,1,-1
,-5,-15,-80,-13,-2,1,0,-4
,-2,-3,-4,8,11,4,1,-1
,0,10,75,10,-1,-2,-2,1
,-2,-14,-103,-18,-6,-5,0,-2
,2,10,20,11,6,-1,-1,1
,0,1,18,-7,-3,-4,-2,1
,-5,-2,23,15,-3,-2,-4,-4
,0,3,5,-5,-2,1,0,-2
,-2,-7,-8,-1,-1,0,0,-2
,-3,-7,-58,-21,-1,-4,-2,-2
,3,2,4,8,2,1,0,1
,-3,1,5,2,-4,0,-2,0
,-1,5,38,6,2,0,0,2
,2,2,12,5,5,0,0,-1
,-1,-2,-17,-2,4,-1,1,0
,-4,-12,-44,-18,-5,-1,-1,-2
,1,9,31,-2,-1,2,1,1
,2,3,7,-7,-9,-6,-3,0
,-5,4,79,4,-2,3,-4,-4
,1,5,83,16,5,-2,-3,-2
,-4,-11,-76,-24,-10,0,0,-1
,-2,-10,-73,-2,-2,-3,2,12
,0,1,-35,-22,-6,-4,-1,-4
,1,2,16,-2,3,-2,-2,-5
,3,5,40,10,4,0,-2,-6
,0,4,34,16,2,-5,-4,-5
,2,-3,-64,-11,-4,2,0,3
,0,-1,-24,-6,4,10,4,6
,1,6,45,13,4,4,5,0
,-5,-7,-52,-8,-3,-4,-4,-4
,2,-3,-6,-2,3,2,6,3
,3,16,87,35,-2,-4,-1,-1
,-1,-2,-18,-23,-4,-6,-2,-2
,0,-14,-61,1,1,0,-2,2
,2,-9,-24,-53,-16,-7,0,4
,-6,17,41,51,6,-2,-3,-18
,0,-6,64,-27,2,-3,1,2
,-5,4,45,18,3,0,-4,-7
,-2,-9,47,-10,-12,-3,-5,17
,-1,-10,55,29,-6,2,-1,-3
,6,18,-67,12,9,0,-3,-5
,-4,-6,70,-2,-9,-2,-4,-3
,-11,-24,34,10,-8,-7,-5,-13
,15,22,-17,-6,16,4,4,15
,-7,-26,-47,-49,-12,0,0,1
,4,-1,127,38,10,6,6,-1
,1,39,2,42,-5,-7,-3,-5
,9,-3,-117,-18,6,1,1,2
,-3,-14,-66,-12,-1,-3,-2,-3
,21,25,86,-16,1,8,7,12
,-27,-71,48,42,18,-1,-8,-14
,8,40,37,52,-10,1,2,3
,-8,-58,72,83,8,-1,0,-2
,18,64,-120,-93,29,10,9,9
,-10,-35,65,-39,-75,-21,-9,-11
,-4,38,21,45,65,11,3,2
,-19,-61,50,-73,-84,-14,-10,-6
,29,81,85,66,5,-3,0,7
,-47,-89,-94,82,105,28,6,-12
,17,30,88,-119,-99,-23,-7,1
,6,-17,-37,18,88,14,3,2
,-12,-30,-37,56,-24,-3,2,3
,39,114,80,7,-46,-5,3,8
,-7,-61,-40,-34,75,21,9,15
,4,83,63,-28,-25,-17,-9,-27
,-2,19,-50,35,-65,-7,-3,-5
,-12,-31,-128,-120,0,-5,-4,-9
,-16,-20,-31,84,-16,-3,-1,20
,4,6,49,-7,-24,1,-1,-32
,-10,-22,13,11,18,-3,-3,-7
,-17,-1,58,15,-39,-16,-13,-15
,-7,-8,-69,-49,5,-5,-7,-7
,6,5,-13,-12,-13,-4,0,20
,-14,-19,25,6,-10,-10,-14,-16
,24,35,36,67,55,19,11,18
,-1,-55,-41,49,-19,-8,-1,5
,-3,44,-59,-37,-3,-4,1,7
,-7,-47,17,-15,1,4,5,-10
,9,48,-6,-31,-6,1,-2,-23
,-4,-67,71,-34,-6,0,2,15
,10,12,-15,32,-12,3,-1,-3
,-9,-12,14,-21,19,-3,0,-2
,11,-18,-5,2,27,8,4,22
,3,50,45,-29,-6,-9,-8,-19
,-18,9,85,-14,-1,1,-2,8
,-9,-55,29,-95,-43,-16,-9,-2
,-8,13,50,19,14,-4,0,-13
,-18,-3,36,-28,-32,-14,-10,-18
,20,80,73,87,15,7,4,14
,-18,-4,74,32,-10,-2,-4,-13
,29,4,1,39,23,18,14,41
,-23,-26,26,-59,-7,-1,-7,-39
,4,-44,-45,67,14,6,2,3
,-4,36,-66,-9,1,-3,-3,-1
,10,29,-113,-15,13,7,2,5
,1,-16,-67,3,1,3,5,4
,3,27,-50,-12,1,0,-2,2
,6,23,-57,12,19,13,6,6
,1,10,16,-2,-17,-3,-1,1
,10,-8,-19,-15,0,-2,4,7
,-15,-18,-76,-2,-4,-9,-1,-4
,-2,-28,-83,-31,6,-3,-2,-7
,17,51,101,6,-8,4,10,29
,-22,-4,-17,-27,-21,-12,-14,-49
,3,-12,49,37,15,5,0,6
,-12,-32,58,32,4,-1,-3,-14
,-9,-5,-57,-72,-37,-10,-6,-19
,28,34,66,44,24,13,11,27
,-18,-21,-28,-51,-19,-12,-7,-4
,-12,7,-70,-104,-80,-21,-8,-2
,8,-17,-12,27,36,4,3,1
,2,-36,28,38,31,8,6,13
,-9,-10,98,69,15,4,-1,-8
,25,33,102,87,19,13,14,22
,-18,-31,66,-66,-31,-21,-13,-16
,0,5,-45,9,-2,3,1,2
,7,14,44,-9,7,10,1,4
,7,6,-1,43,43,16,4,6
,-8,-16,4,-33,-20,-4,-8,-9
,-7,28,-13,24,-5,-6,-2,-3
,-6,-46,36,-41,-10,-3,0,4
,-7,1,-90,-79,-16,-6,-6,-7
,-2,2,-10,80,31,7,5,-1
,5,-1,-75,-68,-32,-9,-1,11
,1,-29,0,46,-15,-9,-3,-1
,6,57,70,4,34,2,4,-7
,-4,-6,-2,-34,-29,-11,-4,-8
,7,74,-15,-6,22,12,2,4
,3,15,29,25,10,5,5,6
,-3,-17,-63,-86,5,3,1,7
,-6,-48,6,21,10,13,7,2
,-1,0,74,26,-21,-7,-3,-3
,12,22,-24,-55,2,-2,-1,5
,-8,-2,-2,37,11,-1,-1,-3
,4,24,-62,-31,-20,-10,-7,-6
,-2,-37,35,-31,-11,0,0,2
,-13,-22,-104,-26,13,-4,-2,-6
,-9,-67,-8,20,-17,3,-3,-3
,1,-7,-18,7,13,1,1,13
,6,10,18,16,7,-2,3,-1
,0,12,-28,-22,-16,-5,3,-10
,-2,-24,1,-25,17,5,-8,-6
,-4,-28,113,0,-13,-1,-2,3
,-6,-18,-62,-34,-30,-6,-5,-3
,8,35,59,65,21,6,4,13
,2,12,-36,1,4,-5,3,1
,-15,-15,64,-11,-9,-3,-4,-10
,3,7,44,-15,-13,-6,-1,3
,-1,-8,-51,24,8,-3,0,1
,-1,-23,-93,-18,-6,-8,-3,-6
,4,25,-33,-53,-8,-2,-1,-6
,-6,0,34,18,2,-6,-2,-3
,3,55,-44,-71,0,4,2,-1
,-11,-23,0,33,1,2,-1,1
,8,42,-20,10,-11,-9,-3,-3
,-3,-2,-80,-7,18,8,1,-3
,8,13,65,-42,-16,-5,-4,4
,9,-7,109,49,-2,2,1,9
,-2,17,37,-58,0,4,-5,-18
,-15,-43,-7,3,20,-5,-5,-5
,0,47,66,19,-28,-9,-9,-10
,-3,-16,-18,3,16,6,3,2
,2,9,54,58,-5,0,4,5
,9,47,43,16,24,5,3,7
,0,-37,-42,24,17,5,4,-3
,8,28,127,28,-21,-5,-3,-3
,0,-19,-35,36,6,5,4,5
,0,-7,-90,-37,-14,-3,-3,-4
,-7,-40,-21,-25,-4,-3,-2,-1
,-10,-11,-23,-42,-17,-11,-7,-4
,-1,-33,96,113,24,11,4,1
,-5,-17,78,-28,-11,-6,-2,-1
,-2,16,82,-28,-28,-9,-5,-5
,-12,-41,-59,34,10,-4,-3,-7
,7,32,-33,-21,-4,-2,4,6
,-1,-30,-47,2,-19,-5,-8,-5
,-13,-9,-3,24,18,-3,-5,-9
,16,50,127,76,36,7,6,7
,2,-6,-83,-40,2,-6,-3,0
,-3,-41,39,26,2,11,3,-1
,3,-11,13,5,-16,-5,0,1
,2,7,32,-50,-10,-1,2,2
,-1,-11,-13,-17,19,5,4,1
,16,-2,-9,86,22,4,4,3
,-19,-26,58,-52,-5,4,2,-4
,8,15,-52,-53,-21,0,2,6
,8,5,28,41,1,4,4,5
,-24,-21,108,1,-16,-13,-10,-10
,-2,-13,2,-34,-33,-11,-7,-6
,2,-45,33,14,27,7,1,2
,-4,-2,-71,-3,21,3,-1,-3
,1,22,-6,-63,1,-3,-1,-1
,18,26,96,30,16,8,7,12
,-8,5,76,-25,-15,-2,-4,-5
,-8,22,101,75,21,-2,-3,-6
,2,34,50,-70,-40,-10,-5,-3
,-3,-31,-51,55,33,4,2,0
,-4,23,-52,-5,-5,-3,-2,-3
,5,-1,22,30,-3,1,1,4
,7,6,-39,3,-10,-1,3,3
,-5,-8,-47,-63,36,13,3,0
,2,-17,61,16,-11,-9,0,0
,-10,1,7,-21,-7,-7,-9,-8
,-4,14,30,20,-7,1,2,2
,8,-2,-74,-34,-2,-1,-1,3
,11,52,100,44,3,2,3,4
,-9,-49,-116,-41,-1,-3,-3,-6
,-6,-3,95,-33,12,1,-3,-5
,7,21,72,88,16,8,2,4
,-5,-3,15,-39,-13,-10,-7,-6
,-3,10,-13,-28,-42,-16,-5,-6
,8,-38,-11,49,20,11,7,5
,-11,-58,-41,35,-14,-9,-4,-7
,-1,25,7,34,16,10,3,1
,7,6,-8,-101,-16,1,2,6
,-11,12,1,51,-3,-4,-5,-5
,6,18,62,-8,-6,-7,-1,3
,-3,23,-14,-29,-37,-6,-2,-4
,-3,-9,-50,48,41,11,4,0
,-2,0,-14,-2,1,2,2,0
,6,9,-49,-6,-3,1,-2,1
,2,-19,5,6,-5,-7,-4,-2
,6,50,11,-12,1,-3,0,3
,-2,-11,-26,5,9,0,2,0
,3,6,47,114,19,12,5,3
,3,-14,-52,-6,10,1,4,4
,3,8,54,2,-12,5,-2,1
,-8,3,17,16,2,-7,-6,-5
,2,-8,12,-2,-5,0,0,1
,1,-4,-83,-36,-10,-4,-1,-1
,-8,-8,5,21,13,0,0,-2
,3,-1,-27,-37,11,2,0,0
,-6,13,-34,-32,-10,-2,-2,-2
,7,3,38,2,20,4,2,4
,-7,8,8,16,-19,-7,-7,-5
,4,4,-44,-33,-6,-2,1,1
,1,10,-13,-42,-5,3,1,-1
,-2,14,23,40,27,5,-2,0
,8,-27,52,35,-9,0,1,5
,-5,-10,-17,0,-3,1,1,-1
,1,15,69,-45,-20,-11,-3,-3
,-7,-20,-37,4,3,0,-1,-3
,0,-27,23,-24,-21,-6,-2,-2
,1,-13,-18,-17,22,5,1,0
,1,-22,-42,-21,-12,1,-2,0
,-5,-1,-31,15,-15,-4,-1,-3
,-3,1,-76,-63,12,3,4,1
,2,5,-56,-20,-24,-5,-3,-1
,-4,-25,-10,4,1,-1,-1,-3
,-7,6,-33,-20,2,0,-2,-3
,6,-2,43,-51,-11,-2,-3,2
,3,28,61,84,25,4,-1,3
,6,-56,95,22,4,-1,-1,1
,-14,16,4,25,-12,-9,-4,-8
,-9,6,-44,-35,-28,-6,-2,-4
,4,-3,-58,-33,7,2,2,-2
,-1,11,-18,-19,-5,-3,-2,-2
,8,-10,99,25,5,-2,0,2
,-11,-23,-69,17,4,1,-1,-4
,4,12,86,10,6,0,-1,1
,3,32,8,6,-2,4,3,1
,-5,-18,-50,-49,16,-2,-2,-4
,14,40,-4,-46,-13,-8,2,1
,1,39,47,8,-23,-10,-2,0
,-7,9,44,43,39,8,1,-3
,13,2,-70,-108,-20,3,-2,3
,3,3,99,127,34,9,-1,0
,-2,9,37,-49,-15,1,-2,1
,-6,41,30,-43,-23,-5,0,-2
,-5,28,97,11,-16,-4,2,0
,-1,-16,22,29,23,10,2,-1
,6,8,115,-24,-1,4,1,3
,-5,3,41,-18,-10,-8,-5,-5
,3,1,-66,-25,-10,-5,1,-1
,1,-19,57,1,-9,-7,-2,3
,-3,6,-5,51,2,-2,-1,-1
,-4,-24,10,7,3,6,2,0
,-2,-5,-78,-65,9,-1,-1,-1
,7,14,-77,-1,11,3,5,5
,2,-8,-84,35,18,4,3,1
,-4,5,-79,29,-3,0,-4,-2
,3,-54,66,24,-9,0,2,15
,-8,-5,15,-23,-6,-4,-5,-20
,-4,-12,28,-31,-35,-17,-6,-9
,-1,10,-35,-47,6,-5,-5,-5
,-18,-22,-49,31,0,6,3,-5
,-5,-12,-57,-61,-18,-11,-8,3
,7,3,31,-17,3,4,-3,0
,5,16,18,1,-9,-2,-2,1
,-11,-36,24,77,-15,-8,-8,-6
,-5,1,98,-23,-7,-1,-4,-5
,-3,39,-49,-58,1,-1,2,-1
,-5,-54,-61,73,0,5,6,6
,-1,-12,-34,-33,-9,-2,0,-5
,2,4,-41,26,17,4,1,2
,-5,-21,-54,80,3,-4,-4,-3
,-2,-13,47,-49,3,-2,-4,-1
,6,42,96,-6,-13,0,0,0
,-13,2,-37,51,-14,-16,-8,-8
,1,-6,-71,7,34,17,4,4
,6,6,-5,24,5,-2,-2,0
,-4,14,-77,-10,16,5,-2,-4
,6,7,116,15,7,-1,4,5
,-13,-11,11,14,0,-3,-3,-4
,0,-4,9,19,-18,-8,-4,-4
,0,-25,12,13,28,7,-1,0
,-5,-36,-27,-12,-35,-5,-2,-2
,2,8,-21,-5,12,5,3,4
,1,20,-46,-82,-33,-12,-6,-4
,7,6,-17,3,28,7,4,2
,-5,16,108,-26,-10,1,2,0
,-8,-45,-21,21,7,0,-2,-4
,-12,3,-90,-45,-9,-8,-6,-3
,3,3,46,-6,-17,-4,-3,-7
,-2,-34,-128,-65,7,6,-1,0
,4,-28,41,16,-14,-5,-3,1
,6,36,35,32,8,1,5,1
