,-69,8,-24,-22,-17,88,89,28
,-5,10,74,41,16,97,62,37
,81,11,-50,-11,-11,-71,-13,-75
,0,77,-79,-21,2,-5,89,106
,-30,-52,127,42,26,-34,-48,-9
,25,74,-128,-98,-36,-23,-36,49
,-52,-110,122,46,10,-43,6,0
,76,16,-38,30,21,106,-24,-41
,-4,58,-72,-39,-43,-107,25,-71
,-68,14,-52,43,48,76,-10,-28
,-28,-34,-16,-6,-3,44,49,-67
,67,9,15,-26,-16,7,13,9
,-24,19,-24,-10,1,17,20,39
,39,-23,44,39,1,-128,-124,-60
,-55,67,1,-89,-47,-51,-49,42
,-11,-111,-6,48,16,82,92,71
,-17,50,-32,-26,-11,-1,-27,-91
,21,6,-47,-5,4,5,2,70
,-30,12,-72,4,0,22,-36,-55
,-2,-4,-40,-43,-10,-10,55,-10
,-2,-13,24,-4,5,127,38,-128
,66,-14,48,44,-4,-92,-12,76
,55,-13,60,14,8,-11,18,127
,-128,24,-67,-41,-20,-98,-117,-112
,48,-20,11,1,0,-12,-2,-19
,-60,-3,16,-15,10,92,72,-114
,99,31,-76,3,19,41,-23,-50
,31,-66,117,29,3,24,91,92
,-82,-7,-23,3,5,15,-58,-59
,34,-6,-77,-28,-20,-78,-38,-51
,19,40,-34,22,26,63,6,-34
,59,-16,-80,-31,-10,-93,-97,-103
,-64,36,9,37,-2,68,51,127
,-101,-55,93,4,8,71,109,23
,63,40,16,-13,-10,24,22,-70
,-23,-6,-17,11,17,-35,-95,-95
,14,18,-86,-39,-26,-25,8,127
,16,-22,54,20,-4,-36,11,97
,-41,-6,13,16,-2,-42,22,-47
,19,22,-106,-24,0,127,58,-6
,64,15,127,44,18,-118,-53,-104
,-52,-14,-126,-32,-16,17,44,-30
,31,-22,-9,-7,-6,72,-31,29
,-1,30,7,3,-1,-75,-43,104
,-48,-36,-48,-12,10,81,19,-128
,3,33,16,14,-10,-43,-25,5
,-24,-50,58,1,5,-61,-18,4
,27,33,-51,-6,-16,-54,-33,59
,0,6,41,13,15,53,4,-67
,58,-28,15,-28,-22,10,58,30
,-103,-34,-38,6,0,-18,-13,-128
,-6,33,31,-8,-9,-8,7,9
,-8,-28,-9,-15,-1,-14,13,77
,-20,43,-71,-3,11,17,-54,-128
,22,-22,91,40,27,7,1,81
,-20,-14,41,1,-21,48,39,6
,-1,25,-13,6,-2,-70,-12,29
,-10,-18,-6,-20,0,40,-8,-108
,74,2,27,-1,1,-16,54,122
,-99,-6,-27,12,9,-9,-14,-60
,53,16,-34,-5,4,27,-36,-68
,13,-17,-44,2,-9,-67,-45,5
,-17,-4,-66,-16,2,14,34,-32
,23,9,125,14,10,10,-1,23
,57,-21,9,8,0,3,-18,-48
,-56,19,19,-3,-6,-3,14,15
,-13,-1,-56,-23,0,-5,-25,92
,30,11,40,-3,-7,-24,22,-77
,-12,20,-1,14,6,40,-8,75
,48,-9,13,13,15,-9,28,93
,-21,-20,-23,-16,-19,-3,-22,40
,73,26,45,6,-2,-41,-39,38
,-33,-8,-27,-12,-9,28,45,-17
,18,-25,10,-11,-12,-38,-1,0
,30,3,33,2,-2,17,-13,-23
,6,10,-65,-8,13,39,5,-84
,-6,-1,71,34,15,4,-7,32
,8,-3,-107,-31,-13,4,-25,-26
,-24,46,-17,-4,-13,-40,-14,-43
,34,-40,27,18,6,-32,14,24
,-58,0,-6,-3,-3,23,-47,-61
,17,0,-5,-7,4,14,71,97
,-53,42,-63,-24,-13,-66,-45,-70
,-19,-74,-48,14,16,113,41,-6
,5,-1,47,8,3,1,-6,-45
,56,16,13,-8,-12,1,-8,77
,-37,-9,35,22,9,-5,-6,-57
,4,22,-47,-28,-18,-43,-33,43
,-8,0,8,-18,-5,3,39,-85
,-39,1,-4,17,14,44,-29,59
,41,-31,6,0,-9,32,-2,-61
,-26,5,-48,-17,-4,-46,-9,85
,16,0,44,20,10,16,-5,-47
,-5,48,-40,-14,-1,12,1,-71
,7,-28,45,23,10,2,7,6
,-21,-2,-18,-7,-5,-32,-42,-71
,41,-16,-11,-12,-16,-45,35,6
,-44,-9,2,14,5,-10,-17,-43
,-18,-1,-53,-23,-13,-4,4,39
,-19,-14,35,-4,7,66,44,-50
,-11,14,-88,-13,-4,-27,-17,18
,45,-16,106,27,-3,-29,-52,-29
,8,4,-10,-16,-6,-29,5,20
,-4,10,-43,5,6,24,-31,-74
,38,-6,52,-1,2,5,83,127
,-46,-22,-24,-6,-10,15,-16,-11
,15,30,52,2,-2,-58,-58,-7
,-22,13,-69,-12,7,-7,37,-73
,-2,-23,65,40,15,94,-24,65
,-75,-6,-20,-28,-15,-52,10,-66
,44,9,-9,10,0,16,-20,92
,1,-17,0,-11,-16,-48,5,79
,18,11,-19,-10,3,-34,-44,-67
,-20,28,75,4,-7,12,46,94
,-9,-26,-16,12,-1,-48,-49,-122
,-1,13,-48,-5,-2,4,2,75
,-36,-47,-8,-28,-13,-8,21,-47
,38,30,-26,19,14,34,-15,-63
,45,15,64,10,11,36,59,127
,-42,3,14,6,-14,-66,-46,-85
,1,5,-36,0,1,-36,8,30
,4,-5,-99,-36,-13,3,-10,10
,-23,-27,49,11,0,26,16,-94
,31,15,34,19,8,31,19,70
,13,10,-13,-3,-1,-26,-34,9
,-5,-5,3,-1,-3,-20,3,-64
,-49,-25,-4,6,12,23,18,-22
,-11,15,-30,-11,-16,0,-35,-59
,-1,-3,18,-3,6,54,65,69
,-8,-17,-10,9,4,-26,-12,-38
,15,25,-12,3,1,-2,-19,13
,-6,-17,-10,-22,-16,-51,-3,-25
,61,20,15,5,9,24,-36,6
,-2,-14,9,9,2,-53,19,11
,1,15,57,19,9,37,32,96
,-34,-20,-15,-15,-2,63,-6,-14
,20,34,-57,1,-11,-59,-27,40
,21,-34,58,12,14,40,34,-69
,-13,24,-27,11,5,23,2,80
,-20,-24,-21,-14,-3,-18,11,42
,-16,-17,54,2,0,-28,-43,-55
,-15,27,5,5,0,-37,-9,24
,38,-2,-2,-9,0,46,16,-10
,27,34,-28,0,2,-4,-16,18
,-11,-40,7,1,0,-28,10,-12
,16,-2,5,9,3,63,26,16
,-40,1,-21,-26,-9,6,-8,-50
,36,-3,26,21,11,2,2,29
,17,19,-58,-17,-3,4,20,40
,-25,-27,14,-4,-4,-48,-37,93
,5,-21,-74,8,4,24,24,-11
,-12,52,105,14,3,14,-4,-59
,-34,-35,-24,-15,-14,-4,5,-55
,-43,-4,-46,-9,0,7,-12,55
,13,9,21,-23,-7,-103,6,-52
,-7,1,6,11,5,58,-29,-35
,13,-10,-23,11,9,49,52,70
,30,22,27,-2,-1,6,-2,-4
,-28,25,35,-4,-14,-59,-49,-95
,26,-45,11,8,5,-5,28,-1
,-40,17,5,2,0,14,5,54
,38,-17,1,9,0,3,-5,53
,-40,2,-45,-15,-6,-1,-16,-23
,35,18,23,-3,-7,-33,2,-1
,-35,6,-73,-8,2,11,-2,-7
,25,-15,84,-6,-5,-25,-26,-26
,-16,-14,-53,5,-1,16,9,-1
,18,27,93,2,7,16,22,47
,-25,-29,-9,-5,-13,-26,-15,-26
,7,0,-56,1,-2,44,-10,-65
,12,8,71,-7,-8,-13,-3,-18
,30,-40,-66,-2,4,-16,-2,83
,-36,32,55,11,15,52,58,10
,-9,-7,-15,-18,0,-7,-29,-70
,-7,-16,-40,-5,-11,-9,13,1
,4,5,48,9,3,-5,6,-10
,-4,20,24,1,-3,-23,-41,-21
,61,-3,-25,-6,-12,-18,28,20
,-12,0,32,37,23,63,-21,-40
,-10,1,-48,-12,-6,-18,35,65
,32,-15,-9,-9,3,23,3,-26
,-33,27,-4,-13,-4,-18,-25,60
,16,-23,-38,-6,-3,-24,2,-5
,-13,12,19,18,1,20,5,-22
,1,-3,10,1,-8,-25,-25,6
,-26,-2,4,-2,9,11,9,-28
,40,1,16,2,-11,-32,-18,38
,-78,-13,-16,-4,0,-1,-8,-89
,12,6,-75,-27,-5,10,24,77
,-2,29,72,18,2,-10,-16,-7
,5,-35,47,16,10,25,17,-36
,-21,5,-43,-11,-1,32,29,46
,38,1,-3,-4,-3,-35,-44,-17
,-7,19,19,9,-2,-14,-2,-11
,7,19,-62,-13,-4,25,34,22
,9,-36,52,31,9,-35,-23,-18
,-9,10,13,5,-1,-2,-8,-63
,13,-8,-51,-21,-7,-16,12,36
,27,11,23,11,7,10,2,33
,-29,-2,-1,-18,-16,-23,-13,7
,-15,-9,-4,4,-4,-33,-9,3
,13,-14,-40,-10,1,22,-14,-74
,-8,13,10,0,1,7,14,78
,2,-1,34,-5,-10,1,6,10
,-6,-6,-24,2,3,17,7,5
,-1,13,28,14,6,-11,-14,-61
,-37,-51,-18,-20,-9,17,2,-103
,5,18,-52,-18,-7,-28,-13,71
,24,6,18,10,-1,-6,-14,-92
,-16,-9,-43,-10,-5,10,6,76
,27,11,52,20,12,3,5,30
,-11,-1,3,-11,-8,-5,-9,-13
,-36,-7,-8,-9,-6,-22,-15,-35
,12,8,-34,9,6,2,4,-11
,-14,0,-9,-1,-1,12,-16,-61
,20,11,53,13,1,22,27,-30
,2,-17,39,4,3,-32,-13,64
,-40,3,-8,-7,-1,16,21,-32
,-1,-11,-70,-7,-3,30,5,91
,52,16,7,-1,-2,-14,-10,-14
,-14,10,15,2,2,6,15,49
,-5,-12,29,-3,-7,-22,-9,55
,4,7,16,10,11,-5,9,-10
,-14,-18,-84,-14,-5,-4,-11,-30
,33,-7,70,13,1,18,9,41
,17,22,-24,0,7,39,31,-5
,-7,6,-36,-24,-6,-6,-5,-14
,21,-15,36,28,16,-34,-19,-44
,-12,11,-44,-3,3,36,36,82
,-17,-20,36,-5,-8,-25,-13,-33
,11,-10,-27,-5,-2,12,-5,35
,-6,-1,-2,-8,13,16,15,-43
,28,-3,-42,-15,-25,-53,-41,33
,-18,-6,44,14,11,42,23,4
,10,8,-44,-16,-4,-34,-20,20
,-30,13,23,2,-1,28,7,-43
,16,4,14,11,15,12,7,7
,-7,-30,7,4,-4,3,-17,-6
,-3,-17,-21,-1,0,-29,8,-19
,-5,47,-23,-9,-6,2,-2,62
,6,-26,3,-9,-5,14,-5,-59
,16,-10,10,9,5,-25,-23,-21
,-10,3,17,4,-1,-15,1,-7
,-36,-5,-37,-1,1,11,6,3
,50,30,26,10,6,45,22,4
,-10,-28,-18,-18,-9,-35,-21,24
,25,20,39,8,-3,2,-5,-64
,-25,-14,11,6,5,19,36,79
,-18,9,8,-11,-9,-16,-25,-28
,20,1,-66,-10,1,2,9,-6
,-1,-24,57,9,-9,-22,-16,10
,26,17,21,3,-5,-14,-32,22
,-16,19,-51,0,7,9,13,-54
,-15,-53,35,6,-2,8,15,-6
,-2,8,-38,-16,-10,4,15,98
,7,-14,-24,-12,4,11,-11,-44
,-4,2,13,10,-2,-14,-31,-32
,25,31,-1,2,8,34,46,60
,-35,-2,-35,-8,-1,51,16,-20
,11,-35,35,-2,2,-34,-10,-9
,-14,26,-14,7,-1,-4,-13,-30
,-4,-7,-15,4,0,-26,-28,-29
,-11,7,-45,-7,-6,8,4,3
,15,6,93,12,3,-15,-7,7
,-21,-32,-24,-11,-2,22,23,-49
,-27,20,-18,-5,-3,5,-3,26
,29,3,8,4,4,-1,-16,-11
,-28,7,-42,-9,-12,-22,-15,-44
,6,-19,-2,-9,-5,-16,-3,29
,18,3,0,1,-2,10,1,-26
,-16,13,33,5,7,-14,0,-15
,0,1,-13,1,-13,-14,-16,-20
,38,0,35,5,-3,-3,9,45
,-27,0,-47,0,0,25,31,13
,-20,-11,-14,-13,-14,-44,-28,17
,4,2,18,6,15,1,9,3
,2,20,-2,-14,-6,23,21,14
,10,8,-68,-5,-5,18,-25,-99
,23,-18,94,29,8,8,28,89
,-3,-15,-28,9,4,4,17,7
,-8,1,-10,-15,-5,-31,-27,-11
,1,10,9,-6,-3,-10,-5,3
,-3,-7,-34,-2,-1,-9,-13,-55
,10,8,-17,-10,-9,6,3,36
,0,-19,8,1,5,15,22,56
,-26,1,75,13,0,-14,-9,4
,40,2,-10,0,7,17,8,13
,7,5,-27,-3,-6,-23,-26,-15
,-43,-10,-22,-3,-3,-18,-24,-72
,9,-14,0,-1,5,36,29,3
,-24,23,-1,-6,-5,2,0,17
,8,-25,3,-10,-7,-3,-2,-5
,-7,8,22,17,11,1,4,-10
,11,-3,-36,3,0,-9,4,34
,6,18,20,-6,2,-7,-17,-43
,13,9,12,-4,-10,-8,-1,39
,-18,-18,2,6,4,-5,1,25
,16,5,14,-4,-2,-13,-19,-34
,-32,-5,-48,-9,2,6,8,4
,-4,-2,-11,-9,2,16,1,-57
,8,8,67,23,4,2,3,16
,10,-11,-7,-11,-7,-1,15,39
,-28,21,-44,0,-3,-3,3,-32
,-10,-7,90,18,8,13,-3,-6
,10,-14,-18,-7,2,-5,18,52
,-2,6,-39,-12,-9,-15,-27,0
,11,15,26,-6,-13,-42,-24,-52
,-16,6,-11,3,8,80,60,79
,-3,-5,-35,-9,-3,-6,-13,-11
,12,-8,9,9,0,-13,-8,16
,20,-9,18,10,8,0,-9,-2
,1,-7,-20,-2,-4,-11,-8,-55
,0,2,-25,-10,-6,1,0,14
,-5,20,55,18,10,22,13,-16
,-19,-26,-17,-24,-8,-13,-5,8
,29,-2,-14,9,5,-1,-4,11
,-4,-31,-20,0,-7,-4,-3,-49
,-6,16,48,-12,-7,-48,-41,-42
,-3,-7,17,15,12,57,35,89
,-22,9,-38,-15,-7,-18,-3,8
,-4,-3,-37,-9,-1,-3,-19,-21
,-14,-3,18,3,1,-17,10,18
,3,-15,-29,-17,-11,8,-1,-45
,8,13,7,7,7,17,12,-27
,1,-2,-10,-10,0,21,-7,29
,2,7,17,13,-1,-34,-12,-8
,0,0,38,4,5,7,15,-4
,13,-12,-5,6,4,-6,-13,36
,-28,8,-4,-7,1,-3,4,-36
,14,6,0,-4,2,36,11,-46
,25,0,-16,-4,-6,-20,-18,-4
,-15,-7,-41,-12,4,28,26,19
,11,4,63,19,-1,-11,-9,-2
,-9,-3,-34,-8,-3,-26,-17,-3
,-16,-17,-65,-16,-8,4,4,2
,4,52,46,12,2,2,-15,-29
,19,-29,57,12,4,-16,15,69
,-11,-3,-69,-11,-6,4,1,10
,-4,7,-3,1,1,-14,-11,-32
,-14,-16,-14,-9,-12,-18,-31,-29
,-7,3,-43,-15,0,30,42,-11
,14,5,108,31,18,52,20,49
,-11,4,4,0,-12,-16,-2,-14
,4,-6,-28,-9,-8,-21,-12,-13
,0,11,-7,1,-4,-32,-9,31
,0,-9,-106,-24,-3,19,3,-14
,18,23,119,20,9,-4,-4,-12
,-18,-34,-8,5,-1,-13,-3,19
,-3,8,-21,-2,1,-16,-25,-59
,-25,9,-12,-2,0,18,12,23
,6,-28,-84,-5,1,4,-2,-10
,26,32,53,16,-2,-15,9,24
,-11,-1,-47,-4,0,15,-8,-8
,-5,-18,13,-14,-7,-19,-8,-3
,15,8,-26,-2,1,25,25,4
,-15,-15,2,-2,-5,-51,-24,23
,9,22,-1,8,-3,-3,-16,-18
,6,-8,-18,-1,1,24,13,-9
,2,-15,27,-5,-3,-27,-8,58
,3,-10,13,6,8,25,17,-20
,1,1,-3,-9,-9,0,-2,3
,31,13,20,10,-1,7,10,28
,0,17,4,3,5,2,-10,-21
,-7,-37,-40,-15,-17,-20,-19,-86
,10,7,3,4,12,5,23,49
,-15,-4,32,-4,1,14,4,6
,-21,-4,-22,2,-1,-10,-4,10
,3,13,-38,-9,1,-2,-10,-17
,6,-1,64,11,0,11,6,-26
,-15,1,-66,-9,-6,-33,-28,-30
,12,2,47,2,-8,11,3,45
,-6,-22,-61,-7,7,27,32,35
,-2,5,57,7,4,-8,-17,-29
,-12,7,-9,3,-6,-44,-22,38
,-5,12,59,6,3,32,41,3
,23,3,-25,-14,-5,17,0,20
,-17,2,-44,-9,-5,-8,1,6
,17,-8,33,11,2,-10,-8,-19
,-10,6,-59,-3,-1,-34,-43,-112
,2,3,70,3,-3,36,26,93
,-5,-14,-51,-4,1,-7,7,41
,14,1,25,2,-8,-18,-3,-12
,-8,19,-34,-8,6,40,16,5
,1,0,11,12,7,0,-9,-37
,-1,-11,1,4,-3,-16,-16,-6
,-13,-19,-32,-13,-6,-15,7,-15
,-5,-3,6,1,-7,8,11,21
,-14,15,9,3,-3,-6,-2,-14
,15,3,22,-2,1,-14,-4,56
,11,-6,-2,-1,-1,8,11,3
,-15,0,-11,-9,0,8,-7,-5
,-12,-11,-3,0,6,-5,-23,-57
,-17,-4,-7,9,-5,-10,5,-10
,17,15,-41,-14,0,1,12,9
,7,26,90,24,11,28,7,-22
,-22,-35,-36,-4,-6,-34,-20,1
,13,13,16,-1,-1,-22,-20,35
,-9,-16,-63,-12,-2,34,19,-17
,-1,3,-34,-9,-2,-6,-18,-16
,-14,2,98,22,13,-6,7,4
,17,-8,-22,-14,-10,25,35,55
,-1,9,19,2,-2,-22,-19,0
,8,-16,-34,-3,3,-3,-2,-14
,15,19,-14,-13,-6,-9,-15,-9
,10,2,15,10,3,-12,-12,-49
,-12,-10,-5,7,4,43,16,-45
,-6,-4,29,2,0,-7,6,38
,8,23,-45,-11,-8,-26,-10,3
,-15,-29,-6,-5,5,15,-7,-55
,9,7,75,7,-1,5,17,50
,-13,-2,-25,3,-4,-12,-11,-22
,-41,-15,-9,-3,1,9,-8,-35
,7,19,-33,-17,-9,-6,1,2
,-27,-15,39,10,4,-8,-17,2
,28,-4,-28,-5,-3,-3,7,-8
,18,3,26,2,0,-5,17,69
,-12,0,-13,-6,-7,14,-6,-70
,-6,-3,-29,-4,4,-11,-16,-24
,-1,-13,3,-2,-3,-23,-12,67
,23,3,-18,-7,-9,2,13,-27
,0,-3,-24,3,10,10,5,30
,-21,9,32,-6,-10,-15,-8,9
,-1,-29,30,-6,10,9,1,-6
,21,20,-55,0,-2,28,20,6
,-17,-18,93,23,0,-15,-13,-4
,10,-1,-46,-13,-4,2,-4,-8
,9,2,12,-3,4,0,21,39
,3,3,-45,-4,-6,-8,-17,-19
,-5,19,38,1,-3,5,12,36
,-14,-7,-24,0,0,-7,-5,-5
,22,-2,-6,7,4,18,4,-3
,-6,-11,-51,-11,-2,-9,-2,13
,6,1,39,-2,0,-5,-19,-76
,-10,-10,6,11,2,9,5,13
,-26,10,-18,-6,0,10,14,-7
,10,-12,-6,-1,4,9,7,47
,-4,0,-31,-12,-13,-27,-22,-47
,-6,-1,28,5,8,17,3,-10
,-8,4,-45,-10,-17,-31,-24,10
,6,15,69,11,7,23,10,5
,-2,-11,-9,-2,6,-2,10,33
,10,0,-25,1,-3,-18,9,-4
,-10,-11,-15,-2,-6,13,1,19
,3,22,41,1,0,-17,-19,-41
,10,5,-22,-2,2,26,2,-34
,-1,-10,51,17,6,-21,7,34
,6,-5,-32,-13,-9,-7,-4,-18
,2,-11,17,2,1,3,8,23
,-10,22,-23,0,2,20,0,-33
,-16,-6,-17,-3,-1,2,-14,-18
,12,5,7,0,3,-9,1,21
,-32,-11,25,2,2,-4,-6,-17
,17,0,-10,5,-6,-7,-13,-18
,15,-1,-14,-4,4,2,10,51
,-15,-7,26,5,-4,-2,1,-48
,21,6,-68,-16,-6,9,5,4
,-30,-15,20,-6,2,-9,-3,-11
,2,-16,44,12,-1,1,-7,-36
,3,2,4,-1,-1,-31,-27,-20
,-5,-6,-46,-6,-6,8,14,-11
,1,9,23,1,4,7,19,21
,-11,10,-43,-19,-12,-18,-26,-20
,0,-4,34,3,6,16,23,32
,-9,-19,4,12,3,-16,-15,-26
,8,7,3,-1,1,-1,-2,-2
,10,8,-2,0,-1,-15,3,11
,11,17,10,9,6,50,17,21
,-9,-7,-5,-2,-5,7,1,9
,19,-19,6,9,-1,-24,-14,-12
,3,11,-39,-9,-8,8,6,4
,-20,-11,36,4,3,-4,-11,-17
,44,0,-43,-12,0,1,7,39
,-13,6,85,25,3,7,8,13
,5,9,7,-5,-1,-2,-18,-21
,-21,-4,-27,-1,-5,-5,18,36
,-1,14,-1,-5,5,30,9,-21
,4,-19,-12,-3,-11,-39,-34,-1
,1,1,-6,-2,2,38,37,-7
,3,1,-30,2,3,-10,-13,-36
,-16,9,60,-14,-15,-28,-13,7
,-12,-16,-32,-1,4,22,18,42
,-18,-11,-25,-4,-5,-5,-15,-15
,53,13,28,6,0,-14,-3,-11
,-32,-10,-7,6,2,-24,-17,17
,7,0,-51,-20,-5,9,11,14
,37,25,47,13,9,15,9,1
,-16,-13,-11,3,-3,-23,-17,8
,0,4,8,-3,-8,-9,-2,-50
,-11,18,-14,1,1,3,11,32
,-4,-38,-30,-3,3,4,-4,-11
,-6,14,37,3,-4,-24,-22,-30
,9,-3,13,-2,-1,-5,-11,-17
,1,12,11,9,13,38,26,14
,-6,-2,-5,-13,-14,1,-9,18
,-3,-9,-33,-9,5,0,-4,-11
,-2,3,60,12,7,1,13,43
,14,-2,-41,0,0,13,2,-22
,7,11,12,3,-3,-21,-21,-48
,-75,-8,-8,-1,3,16,26,37
,35,14,41,3,4,14,-14,-19
,18,9,15,6,-4,-23,-2,-28
,7,-8,18,2,8,39,19,31
,9,-9,-72,-20,-16,-20,-21,24
,-1,-6,10,17,11,18,26,11
,-24,-2,-6,-17,-3,3,-12,-29
,-16,-3,26,0,-10,-38,-3,12
,15,8,-40,-6,2,21,7,-2
,9,-13,-26,-4,-3,-11,-9,4
,9,16,-13,3,5,7,9,6
,-11,-9,42,14,6,10,8,-16
,6,6,20,1,5,3,12,3
,-14,-22,-14,0,-13,-26,-18,1
,-6,-15,-38,-16,-7,-6,0,-6
,5,8,-78,-19,0,15,7,32
,14,33,113,21,2,8,4,5
,-23,-21,-28,-3,6,14,1,-53
,-6,9,27,5,-3,-10,-8,12
,3,-4,-99,-21,-15,-22,0,37
,31,-12,99,28,7,-5,-18,-11
,-17,7,-39,-11,-9,-10,7,-28
,-21,-15,-31,-9,-6,-7,-12,0
,-1,11,1,0,-1,3,-8,-67
,-2,-17,-4,-5,5,28,37,55
,-1,12,23,2,-4,-5,-10,-4
,0,-4,1,-5,0,-5,-9,-46
,17,27,-52,3,3,1,15,72
,-12,-47,71,9,-7,-32,-20,-24
,10,10,-10,-2,4,35,10,22
,-10,3,-52,-6,-5,-29,-20,-25
,26,-6,47,10,8,23,16,18
,3,21,-94,-9,2,14,-4,-39
,-8,-14,56,2,-7,-14,22,94
,-5,-9,2,-3,-3,-11,-13,-53
,0,12,-28,-2,0,-13,-14,22
,-19,5,8,1,-6,-15,-5,-7
,3,-17,-14,-5,-4,40,17,-9
,12,16,20,7,8,10,9,19
,-7,-13,20,-1,-3,-25,-17,-12
,-14,5,-29,-8,-11,-13,-14,0
,2,0,-17,4,9,7,10,18
,4,-3,-40,-11,-4,2,2,35
,-8,-20,56,6,-7,-16,-23,-58
,9,16,-4,-2,5,16,43,47
,-1,0,-49,-9,-2,-11,-15,-31
,-10,-9,82,12,-2,-15,2,36
,-12,12,-34,-12,-3,12,22,5
,-9,-19,-52,-10,-2,17,0,0
,8,12,40,8,-5,-3,-1,-26
,11,0,-34,-3,5,-12,-5,36
,-11,-8,43,10,-6,-23,-7,-3
,-9,-3,-52,-17,-8,-11,-17,-36
,0,-3,-28,1,8,7,-5,-3
,1,-11,28,1,-8,4,13,59
,14,10,18,7,9,0,-2,10
,-26,-4,-78,-11,-6,-15,0,-24
,13,7,47,1,0,-11,-31,-3
,5,11,33,5,-5,-5,17,-14
,-14,-21,7,-1,6,42,24,13
,4,-2,-2,-4,-4,-14,-19,-10
,-4,-1,-17,6,-3,-16,3,-38
,-10,-5,-47,-11,-1,8,-2,8
,-24,5,42,-5,-7,-18,-19,28
,33,-11,-16,10,12,10,-7,-12
,-14,-18,12,-15,-14,-16,-10,12
,17,12,28,14,10,38,30,-1
,-8,7,-29,-7,-3,-7,-16,-32
,0,-5,41,-6,0,-13,-16,-13
,-10,-5,-53,0,2,-8,-3,24
,2,-3,-11,-14,-7,-12,6,15
,7,-14,4,-1,0,0,4,-18
,-14,4,22,9,-1,26,12,10
,3,14,-6,6,11,-9,-6,15
,-7,-23,27,-8,-13,9,-9,-22
,0,16,-56,-5,0,-12,-7,-12
,8,-10,44,0,-8,-20,-14,-20
,-12,32,-49,-18,-4,9,22,-4
,35,-26,17,19,5,16,-9,-2
,-1,-3,67,10,3,-10,-12,3
,-49,14,-70,-14,-9,-27,-24,-16
,33,13,60,9,5,10,5,-9
,-14,-6,-2,4,5,-1,6,-3
,-20,0,-6,-2,1,18,1,-7
,34,-11,-18,-2,-1,-3,-3,26
,-4,28,-2,-7,-6,-20,-8,-51
,-15,-18,10,13,11,28,14,-20
,-6,-25,7,0,2,12,-6,-58
,1,13,-7,-7,-1,-8,8,35
,18,-13,-60,-4,-2,8,13,63
,5,16,32,9,6,5,-13,21
,7,14,33,3,-6,-17,-10,-9
,-6,-4,-57,-2,5,17,-1,-86
,24,-6,94,14,7,-11,0,1
,-14,0,-45,-12,-8,1,-13,-10
,26,34,-42,-2,2,1,27,97
,-22,-23,45,6,-3,-2,-5,-13
,-33,-28,0,5,0,12,10,-32
,5,11,-59,-10,-2,-9,-4,24
,-6,5,31,0,1,-14,5,4
,40,16,-39,-15,1,30,17,7
,-15,-25,39,16,2,1,4,51
,-20,-4,4,-6,-9,-30,-31,-2
,-22,-7,-40,-6,-2,-2,8,-28
,3,7,36,10,2,25,30,57
,10,3,-35,-9,0,3,-10,-37
,15,21,-14,-6,-4,-10,2,14
,9,0,59,9,3,-14,-30,-33
,-5,-27,-15,-2,-6,-3,26,-11
,-16,14,13,2,4,25,16,44
,-10,-32,-16,2,-2,5,0,-10
,45,27,-19,-3,-6,-21,-20,-5
,-12,-24,29,4,5,-2,-4,-3
,22,10,-67,-1,0,14,6,-21
,-20,26,95,6,2,-3,8,9
,-18,-20,-55,-18,-8,-11,-6,-1
,1,10,-9,3,-5,-9,-7,22
,22,10,1,3,1,-10,-15,-13
,-13,-23,-67,-24,-1,6,9,5
,-13,-20,57,30,11,26,15,28
,-12,24,20,-1,-6,-12,-11,-41
,-13,-7,-5,-7,-2,-5,-6,-21
,9,-6,6,4,0,-21,-19,22
,15,1,-63,-24,-9,7,15,-5
,3,18,-6,6,6,12,-4,-50
,-8,-24,107,12,-3,-19,-19,-29
,-20,5,-32,-4,-2,7,11,-12
,-10,-13,15,10,5,-2,-4,17
,17,12,1,-7,-6,-20,-7,13
,-3,-9,-67,-18,-12,26,13,27
,5,-2,24,2,3,-2,2,-12
,-16,12,-1,-6,-6,3,1,-30
,14,-29,2,-10,-7,-41,-37,-3
,-28,-9,46,9,6,-23,-4,2
,30,12,-23,10,0,28,30,21
,-25,-3,-36,-9,-4,18,22,-28
,-4,0,28,4,1,-10,-16,-6
,3,-14,-48,-21,-12,-39,-25,-59
,7,0,3,0,3,48,27,73
,16,5,-4,3,7,9,10,36
,26,-1,-25,-17,-12,-6,-7,13
,4,14,-1,15,9,-15,0,17
,-3,-21,-96,-13,-10,-23,-29,-105
,-12,0,101,21,2,-23,-33,22
,10,24,4,3,8,50,66,44
,1,1,-50,-13,-7,10,1,15
,10,6,-26,4,4,-19,0,-14
,-14,-11,-46,-12,-12,-35,-48,-22
,-4,9,12,-4,-4,-31,2,29
,-22,-33,9,2,-5,41,37,96
,-4,12,81,-8,4,8,-2,0
,16,-6,-40,3,1,-5,-2,22
,-15,-4,68,22,5,-2,-19,-60
,19,13,-37,-12,0,7,13,24
,-17,13,-31,1,-1,-29,-2,-1
,15,-8,-20,-10,-9,10,3,-1
,-8,-6,10,6,4,-12,-22,-78
,-19,12,56,4,1,3,16,48
,2,-2,17,7,3,13,-11,-21
,-6,-2,-50,-21,-5,-4,5,-30
,-4,-19,-30,19,7,8,0,69
,24,28,15,3,6,-8,-14,-38
,-15,-24,36,3,-6,-5,-4,-20
,10,-10,-27,-17,-4,1,27,35
,-17,-12,-39,-5,-2,-2,-32,-78
,26,31,85,18,7,36,48,78
,-10,-4,-82,-22,-11,14,1,24
,17,-5,111,22,12,11,7,-9
,-19,-9,-39,-13,-9,-37,-34,15
,-11,29,-36,2,-1,-16,-30,-120
,-3,-3,14,3,0,12,7,24
,1,-34,-80,-18,-5,4,13,25
,-7,11,85,10,1,16,27,38
,4,-33,-32,1,1,-22,-27,-19
,-4,12,5,4,4,2,-3,-31
,-12,9,8,6,0,-6,-23,-8
,0,19,-95,-25,-1,24,22,56
,8,-45,35,0,-9,-3,19,-16
,3,17,67,6,-1,-6,1,25
,-25,14,-25,5,1,3,-5,-85
,31,1,-20,-5,-2,-14,-7,25
,-1,1,8,1,0,-14,-17,-2
,9,-14,-7,-2,1,9,6,38
,-11,-9,-3,3,2,14,12,4
,3,14,18,-1,2,30,18,16
,-12,3,-2,-1,-1,-26,-45,-55
,20,10,18,-11,-12,-41,-25,-42
,-3,-13,-22,11,6,26,22,-18
,-3,-11,11,15,9,24,14,13
,-25,13,-50,-34,-10,17,-9,-50
,-14,-11,26,28,10,-20,-1,8
,13,12,0,-9,-5,1,3,-28
,8,-13,-54,-9,-7,-27,-13,-41
,-27,-1,51,29,10,2,-13,96
,37,-3,9,-12,2,8,22,7
,-2,10,-3,1,-2,-23,-19,-9
,-3,2,13,-13,1,25,21,-24
,3,-6,-65,-3,-4,-24,-15,-27
,-21,-15,-16,5,-1,-5,-16,-39
,19,41,22,-4,-4,17,18,80
,-9,-16,-8,-9,-10,-22,-18,-33
,3,-27,-30,-13,-2,4,20,-4
,-7,28,86,11,9,18,15,3
,-10,5,-29,12,0,-13,-13,-4
,-2,-3,7,-10,-2,-12,-26,9
,-5,-4,-34,3,-9,-35,-10,26
,7,-15,15,-2,14,60,40,-48
,-37,-3,18,-4,-3,-13,3,48
,13,-1,-4,14,5,-14,-5,-24
,-7,4,-18,-10,-6,19,14,26
,10,-1,-24,-12,-7,-23,-34,-15
,9,2,22,0,-3,-17,-11,-14
,-14,-13,-15,11,2,1,11,-21
,4,4,16,5,7,11,16,47
,-3,40,-14,-6,-3,8,-6,52
,-3,-68,27,13,7,-10,-15,-54
,-1,45,-22,-6,-7,-8,11,42
,53,-43,27,-10,-6,-17,-23,-50
,-28,18,-84,-24,-14,-16,-13,19
,-7,18,74,27,14,41,24,10
,-30,-5,23,3,0,5,1,2
,34,30,-40,-1,4,28,17,26
,-1,-30,13,8,0,-23,-8,7
,3,13,-7,-19,-17,-21,-12,-37
,-6,-28,13,7,7,20,7,17
,-21,7,-5,-9,-3,-14,-6,-33
,2,8,-30,3,0,-16,-22,23
,18,-3,23,5,6,-12,11,37
,-14,-19,32,6,2,13,2,-12
,22,16,2,-2,3,-2,-15,-17
,-27,-18,8,5,-6,-42,0,-42
,4,-12,-82,-20,2,72,20,0
,10,26,75,-11,-9,-6,-8,14
,-11,-18,-35,-2,-1,-17,-7,-14
,-8,-20,28,15,5,14,2,-48
,-1,10,-46,-15,-8,-6,-3,57
,32,-5,-4,7,6,-8,9,-15
,-16,22,22,0,-8,8,-7,7
,14,-11,0,4,1,-4,4,-14
,-31,-13,-41,-12,-3,-8,-3,12
,29,-9,0,-2,1,-9,-17,19
,-13,12,-7,-3,-6,-15,20,-2
,-21,4,-3,0,14,26,27,96
,10,-4,22,10,5,24,5,-38
,-8,26,18,6,2,8,-12,-3
,9,-7,-39,-8,-8,-15,-22,-29
,3,-10,83,16,7,13,13,13
,7,0,-37,-8,-2,-4,14,0
,-19,-8,-4,6,-4,0,3,7
,-5,3,-47,-12,-7,-16,-15,-12
,10,19,4,-1,-8,1,-27,-33
,-6,-9,45,0,-3,-5,2,-21
,-24,-22,-39,-5,-6,-37,-21,-42
,13,11,22,11,4,15,25,-1
,-14,9,-45,-17,-11,33,6,52
,-5,-10,1,-1,-1,-15,-18,-27
,-5,-3,-17,-5,2,28,1,-41
,-25,0,-14,12,12,-14,-3,47
,35,-33,1,-4,-10,-37,2,-34
,21,27,63,16,8,40,17,47
,-37,1,-18,2,6,-5,-2,-2
,0,0,-53,-29,-17,4,-14,-30
,1,6,69,15,-3,-20,-16,-7
,21,12,-54,-19,-8,-35,-10,11
,18,4,-9,-1,-2,35,24,74
,-29,-37,63,12,5,29,-17,-14
,10,4,-56,-23,-8,-14,17,-23
,-2,-5,59,14,-2,-13,-13,-3
,9,21,-27,1,8,0,4,31
,19,0,4,-5,-5,1,-7,-89
,-37,-22,36,1,-2,-7,-6,51
,10,11,-33,1,17,46,23,27
,19,3,20,-1,-1,-17,0,4
,-26,-14,-9,2,4,5,6,-1
,31,4,-79,-3,-7,-7,-22,-67
,-18,6,37,-2,-3,-33,-5,8
,-15,-32,-23,1,-6,9,0,-41
,16,14,42,1,7,15,25,54
,-8,-9,-38,-6,3,-3,0,-2
,5,28,-7,5,-2,-33,-39,-19
,20,-8,20,-3,-1,24,27,13
,-5,4,21,6,3,10,3,6
,-22,11,-20,0,3,6,13,52
,1,-27,-54,-6,-3,4,4,0
,16,0,8,-5,-4,-19,-11,-18
,-27,9,37,2,1,18,8,-6
,31,9,-19,-8,2,-21,-25,21
,-16,-40,-69,0,-6,-22,-1,-23
,7,40,101,21,5,24,11,-14
,-13,-4,-86,1,3,19,20,36
,10,-1,-34,-17,-5,-4,-15,-38
,16,21,-9,-7,-5,-18,-12,32
,-34,-43,21,10,5,17,-4,-38
,19,16,-2,-12,-5,-9,7,14
,-2,-5,3,6,-4,-8,5,-1
,-6,24,57,8,-2,3,7,4
,-11,-13,-32,-6,-3,-12,-12,2
,5,-8,-3,-13,-4,-5,1,-25
,-3,8,84,31,-3,-1,-8,-75
,-28,-9,-15,7,6,-18,-4,62
,-3,5,-38,-23,-18,-4,5,-78
,14,5,0,10,3,-1,-5,87
,12,-6,-71,-16,-5,-36,-31,-32
,-7,-23,55,-17,-7,23,35,-20
,9,24,43,22,8,32,2,-29
,21,9,-29,-2,2,-21,9,13
,-15,-3,-5,0,-1,1,-12,-6
,-5,-14,-42,-4,-5,-32,-33,-43
,-9,-10,-10,-12,0,8,13,99
,-5,-9,10,-4,-2,-14,-8,-3
,-5,28,35,21,4,-5,9,22
,23,-14,-23,-1,2,12,21,-31
,-1,-14,-6,-14,-6,-4,12,38
,-22,11,39,15,3,9,-12,-48
,-3,0,-45,-10,-4,-21,-38,-66
,1,-12,-7,-4,-9,-13,9,70
,-5,15,-38,-10,4,6,-1,27
,1,-14,-32,10,-4,-6,-8,-23
,-16,-18,56,8,10,20,-3,-77
,12,23,29,5,-1,35,35,52
,7,9,-63,-3,-4,-33,-24,-19
,-21,-12,-13,-14,-5,-1,1,39
,7,-2,-40,-23,-3,12,8,-35
,-3,-1,26,16,6,-8,-16,-32
,-5,-14,-33,-5,-3,-9,10,-3
,-9,50,-30,-13,-7,10,9,0
,13,-39,96,39,17,6,23,58
,3,28,-50,-4,2,12,-23,-52
,-4,-16,44,4,-11,-40,-6,67
,7,-15,3,0,-2,-18,-16,-59
,-11,24,-53,-18,-6,5,2,81
,-17,-19,15,-9,-2,6,32,32
,1,7,17,16,4,4,-13,-34
,6,-10,9,6,8,-5,-15,40
,-22,10,-57,-23,-15,-2,20,-44
,0,-5,52,19,9,40,10,7
,20,17,-71,-23,-10,-21,-18,-45
,-5,-57,106,16,2,-9,3,18
,-7,18,-8,2,2,23,13,36
,0,-6,-68,-16,-12,-16,-22,-40
,11,34,-72,-10,8,6,12,6
,-5,-34,71,27,5,5,-11,-33
,-21,11,15,-3,3,-2,17,22
,-3,1,14,-14,-10,-2,-9,-17
,23,2,1,0,-1,1,-7,-8
,-5,-1,-58,-10,-2,-6,0,-7
,30,18,55,11,10,13,10,40
,-10,27,0,-5,5,16,-2,-73
,-16,-57,-15,-1,-3,-12,-11,35
,1,11,-45,-11,-10,-23,-5,10
,16,-7,79,8,-1,15,17,16
,5,2,-24,-4,-2,-3,1,46
,-5,11,-4,-2,-4,-8,-17,-64
,-34,-14,-3,5,3,11,11,-9
,34,0,2,-5,-7,-13,-10,0
,3,-12,-4,2,3,-7,-20,-20
,-5,8,46,5,2,-4,16,17
,3,7,-5,-2,-1,-26,-25,-38
,4,2,-32,-11,-4,4,8,-19
,-24,-2,13,3,1,29,7,-29
,19,-10,5,5,7,-8,-6,68
,-38,36,-33,-17,-11,-11,11,1
,42,-38,24,8,4,14,0,-1
,-2,2,-7,3,1,-22,-29,-55
,-42,12,72,11,-6,-13,-10,-10
,46,5,-42,-12,-4,8,15,28
,-27,-11,4,2,4,-17,-19,-22
,25,3,-23,-1,-4,0,-9,-11
,-4,-14,57,10,0,5,20,15
,11,22,-5,1,7,28,-4,-3
,-22,-23,-70,-6,-3,3,5,-9
,12,9,33,5,2,-7,0,-34
,-17,21,-5,-13,-8,-11,-14,51
,12,-37,17,4,1,-10,5,-2
,-42,7,-34,-4,0,20,3,-23
,7,-12,-36,0,1,-19,-5,-5
,-16,9,36,4,5,35,20,-16
,29,3,30,3,0,4,-2,0
,-9,11,-76,-17,-5,-4,-14,33
,5,-3,67,6,-5,-36,-11,-34
,7,-10,-76,-18,-8,6,4,7
,-25,-23,99,23,8,15,16,-6
,-5,4,-33,-8,-2,-21,-11,-34
,9,32,-74,-15,-4,2,23,96
,3,-14,76,31,11,-3,-13,-14
,7,3,-37,-15,-4,17,16,18
,-6,10,5,-7,0,28,19,-18
,-12,-27,-16,3,-6,-12,-16,-9
,18,6,-19,-1,0,-8,-7,-34
,-12,16,-43,-2,1,-22,-6,46
,13,-9,91,6,-6,6,9,0
,6,7,-13,1,7,10,-7,18
,15,-29,-43,-14,-8,-10,23,9
,-21,-15,10,2,-4,4,-2,-22
,0,20,5,3,2,-12,-17,0
,-7,-4,-26,-5,-5,-15,-14,-6
,-6,-4,50,-6,-3,17,17,14
,-20,14,-39,0,5,10,2,-24
,16,-18,-22,-3,-5,-3,-8,56
,3,-4,32,-11,-5,12,6,-38
,4,15,-85,-11,-4,-16,-15,-7
,11,3,98,26,6,13,12,30
,-39,-32,-71,-2,-5,-33,-12,-19
,18,-4,-19,-3,-7,-9,-5,21
,29,9,-53,-9,-1,-1,-8,1
,-8,8,4,-8,-5,-6,-7,-31
,29,17,57,18,10,28,9,23
,-13,-4,11,2,3,-17,-16,-18
,7,9,-17,-6,0,29,12,68
,-12,-39,-99,-19,-4,-12,8,15
,-1,16,89,9,2,-7,7,-43
,-25,10,-16,0,2,13,12,38
,-8,0,16,-4,-6,-14,-12,-74
,32,-2,19,20,10,2,3,-3
,-25,-6,-128,-24,-9,3,-11,-47
,-10,-8,89,19,6,12,7,12
,-4,7,3,11,10,-1,10,20
,31,1,2,-8,-6,-9,-7,6
,-7,-2,-13,-10,-6,-8,-15,-13
,-22,-4,-7,1,2,-4,2,-25
,26,-5,10,6,-1,2,9,51
,3,25,-30,-17,-7,-9,-5,-5
,-7,-5,21,17,9,-8,-19,-48
,7,14,78,10,4,26,19,75
,-15,-23,-95,-16,-1,-7,-13,-75
,20,-4,90,2,-8,0,-15,-8
,-30,4,-8,13,3,-25,5,31
,28,5,-30,-7,-1,49,35,47
,13,16,17,-2,0,3,6,-44
,-18,-8,-74,-5,0,-2,-2,29
,21,6,-38,-23,-12,-3,-13,17
,5,4,-21,7,6,-25,-4,-61
,-32,-28,103,32,1,-24,-14,6
,-5,12,-65,-2,6,19,-6,37
,9,-13,5,-2,-4,9,13,-45
,-20,-10,-48,-17,-9,-3,16,37
,2,9,-32,-8,3,22,-5,-17
,-28,6,51,8,-5,-36,-10,-27
,-6,13,-26,-4,1,4,6,37
,4,-22,5,-7,-6,-17,-12,-19
,-17,-1,33,11,6,3,-14,-47
,11,-7,44,-6,-8,-7,-5,-21
,17,11,-74,-9,-1,-22,-17,59
,-5,22,68,9,-3,-11,0,-29
,3,-26,0,-2,4,54,20,33
,-10,16,7,-7,-3,-7,-23,-16
,-5,-16,3,11,10,50,61,13
,5,-21,-10,-6,1,2,-33,-21
,-20,13,3,-11,-13,-36,-3,-17
,25,17,-21,8,15,40,13,-28
,-18,-11,-6,-10,-13,-31,-25,-28
,-14,-13,-7,8,4,2,18,81
,20,8,18,-10,-10,-19,-13,24
,-10,-11,-32,-2,2,-3,-2,-68
,10,16,-36,-20,-5,25,13,6
,35,-11,54,26,1,-13,-7,60
,-25,-12,-114,-9,-2,20,29,-40
,-8,-2,-6,-5,-12,-27,-11,-3
,-3,-4,-17,3,8,0,-16,-36
,-5,13,-31,-8,1,13,-5,-97
,22,23,-45,-13,-7,-20,29,116
,-17,-50,100,24,5,-8,-15,23
,38,15,-18,-14,-2,0,26,41
,-69,37,-74,-15,-7,27,-16,-121
,-5,-47,127,27,9,-27,-42,-61
,36,0,-100,-7,4,20,52,107
,25,-2,36,0,-5,5,-12,-22
,1,3,12,6,9,-10,14,34
,-31,15,-63,-12,-1,11,4,8
,-7,5,2,-9,-3,8,-15,-19
,3,-20,30,10,-1,-14,3,-8
,8,3,-9,-11,-5,-24,-20,-14
,7,-26,5,14,14,26,11,-5
,-12,0,37,-1,2,13,0,-24
,-14,33,-27,-2,-5,-17,-2,92
,-17,-15,29,5,-8,-4,-14,44
,16,3,-18,-5,5,-1,7,-5
,-4,0,14,4,-9,-24,-3,-15
,-27,-19,36,5,-4,19,19,17
,16,0,-10,-2,-1,-9,-16,-17
,9,16,-5,5,0,-2,-4,17
,-13,2,-34,-10,-4,-1,-14,-17
,7,5,-27,-6,-4,-38,-20,-57
,-3,-6,34,7,1,13,38,52
,11,-10,44,9,5,23,7,-11
,17,28,-21,0,3,12,-2,-29
,-29,-3,13,3,-6,-30,-20,41
,17,-17,-36,-7,4,1,-2,-22
,-12,41,-49,-18,-13,-25,-26,-50
,-9,-57,52,15,3,36,7,-67
,23,14,4,-3,7,-6,2,71
,-8,-1,-30,-6,-5,-7,4,3
,-38,-2,21,3,-2,-9,-13,-19
,29,40,-23,-15,-11,10,-4,-11
,9,-31,-60,7,9,20,0,-92
,-17,-20,44,-2,-1,-16,-10,30
,27,19,11,-2,-9,-12,-26,-23
,8,-10,-26,1,7,9,32,59
,-8,5,14,-1,-2,17,10,23
,11,-5,-28,-9,0,-6,-12,35
,13,8,-83,-20,-16,-39,-47,-90
,-22,-3,102,26,8,4,58,89
,-13,-3,56,2,5,30,-1,-5
,9,-5,-60,-7,-4,-13,-12,-46
,23,-1,37,-9,-9,-19,-10,21
,-28,-2,-69,-10,-9,-32,-18,-25
,6,0,23,5,4,38,24,24
,-13,9,19,1,6,19,-1,-1
,-6,-4,-19,5,4,-9,10,35
,5,8,-17,-25,-16,-6,-3,11
,22,-39,-8,8,3,11,-9,-5
,-26,18,17,1,0,6,21,62
,4,26,24,0,7,-17,-5,20
,-36,-48,42,17,2,-7,-5,-46
,-24,34,-20,-15,-9,-1,-11,-34
,48,-7,-37,-1,-6,11,-1,-13
,-6,-19,23,9,3,-20,3,33
,1,23,-60,-9,4,7,-6,21
,14,-8,-8,-1,-1,-12,-15,-79
,-13,12,-38,3,-6,-14,1,-13
,-13,-20,101,22,10,48,40,26
,12,1,-51,-16,3,-12,-19,-10
,-20,-7,10,-3,-7,-22,-14,-31
,20,18,-109,-17,-2,-29,-28,-14
,-3,-30,57,11,5,57,34,-13
,-4,10,21,4,4,-17,0,4
,-1,10,-15,-1,-4,-5,-15,-16
,1,-8,-71,-21,-9,-14,4,47
,-5,-6,40,26,9,3,-2,10
,-2,2,-22,-7,-3,-3,-1,-17
,-7,2,44,11,3,-15,-1,32
,-8,2,-20,-20,-4,-7,-26,-86
,7,-11,-34,1,-4,-14,-4,4
,9,15,-78,-6,-2,27,14,27
,0,-9,83,9,4,-3,18,38
,3,-9,58,25,10,41,37,20
,1,4,-98,-23,-3,-28,-41,-6
,-25,0,-28,-9,-19,-56,-25,-116
,14,49,42,16,18,60,43,108
,-5,-35,37,1,0,-16,-19,-10
,2,8,-28,-4,-2,14,15,-11
,15,15,0,-14,-8,-20,-20,-41
,7,-42,-39,9,6,2,2,-5
,-7,3,127,25,-1,25,27,43
,-16,4,-113,-23,-11,-15,-15,-29
,-10,-9,67,-4,6,20,-1,0
,2,18,55,19,-7,-37,-5,18
,18,-5,-46,-7,3,12,20,27
,-13,4,-38,-11,-2,-9,-13,10
,3,13,53,14,3,1,-7,9
,-6,-11,-37,-14,1,32,9,-31
,-14,13,-52,-5,-8,-36,-15,7
,-7,-19,91,1,2,42,20,-39
,22,-12,-1,2,0,-3,9,95
,-21,-3,-61,-14,-7,-8,-12,-14
,-12,-8,-22,-4,-4,5,-2,-42
,-10,5,11,3,3,-14,-1,-3
,2,7,53,7,3,19,10,37
,-1,19,-48,-13,-8,-34,-36,-58
,22,-37,-21,-4,2,-24,8,26
,7,14,10,15,13,48,20,33
,-21,-22,15,11,0,-39,-16,-61
,-9,7,-29,-1,-6,35,40,59
,7,37,26,-16,-5,16,-12,-17
,5,-30,-44,-8,-6,-24,-5,-31
,8,-16,-43,12,6,9,-14,3
,-8,14,-3,-14,-1,-26,-14,-41
,-32,-12,59,12,-2,-11,-17,-95
,35,9,14,-7,-8,-2,7,88
,-10,40,-70,-19,-1,3,18,14
,26,-49,64,27,9,-3,0,-35
,-10,1,-13,-7,-3,27,14,4
,-1,17,3,-4,-9,-41,-41,-63
,34,-8,-2,2,-1,-12,-13,-3
,-27,2,-5,-7,16,76,54,74
,9,-7,-37,-5,-8,-31,-17,-16
,-14,30,62,13,1,19,8,33
,-9,-24,23,-3,3,4,-11,-25
,26,-9,-20,-6,-7,-34,-33,-6
,8,-4,0,5,9,2,15,11
,-25,6,-17,-4,7,24,18,11
,9,-2,-17,-5,-4,-3,-21,-23
,2,15,11,4,-8,-21,10,37
,8,-11,22,5,2,8,-12,-12
,-1,-8,21,2,-5,-19,3,10
,-1,8,11,4,10,50,42,42
,11,-13,-40,-13,-14,-8,-17,-51
,-6,14,-100,-12,-7,-19,-18,9
,5,27,83,1,4,1,11,-7
,5,-54,36,12,-9,-30,-22,20
,-50,0,-25,-8,2,5,11,-19
,25,-1,-27,-10,-4,-5,-12,7
,-6,9,-23,-5,-10,-20,-13,-29
,-11,-2,-31,2,6,26,16,8
,10,5,18,6,1,-27,-16,20
,-18,-3,49,-9,-10,-12,0,-26
,-4,-28,-55,3,3,5,4,7
,0,19,-17,-15,-10,1,-1,24
,9,-16,12,13,9,8,6,-13
,-7,16,15,7,-2,12,18,16
,14,11,3,5,6,0,-15,37
,-46,-25,15,-9,-9,-10,9,-47
,17,4,-7,-9,-7,-20,-33,-64
,22,1,-58,4,5,-12,3,75
,-34,-18,42,-11,-12,19,9,-36
,3,19,-52,-2,13,16,12,9
,8,-2,43,10,-5,-6,1,-2
,-4,16,-30,-2,2,-21,-26,16
,3,-33,25,17,3,1,7,-8
,20,16,-40,-3,-2,23,23,-32
,-36,-2,6,-18,-9,-13,-12,-30
,18,22,3,7,3,-4,-5,30
,-12,-40,-63,-16,-9,-5,3,-19
,-13,7,49,12,1,-5,-25,-8
,16,9,0,-3,-6,-8,27,103
,13,-4,50,9,2,24,8,-21
,18,21,-8,6,1,-9,-9,-49
,-12,-18,-4,0,-1,-16,20,74
,2,-16,-39,-20,-10,-11,-24,-40
,-6,9,23,-4,0,-21,-10,-17
,9,-11,70,15,-4,0,6,-3
,23,10,-45,-12,4,16,7,22
,-32,-6,65,22,8,-1,2,-15
,-16,-7,5,-5,-9,3,0,46
,3,-4,-43,1,2,-13,-20,-52
,-20,26,-32,-12,-5,-9,7,25
,-24,-29,-44,-18,-4,7,-10,24
,-9,-10,86,20,10,-6,-27,-106
,40,10,-4,-1,-2,-7,12,-34
,-16,-6,-55,-3,-3,45,24,38
,-9,42,5,-4,0,-7,24,74
,-3,-33,23,-6,-4,-2,-11,-57
,26,-7,-4,-4,0,-11,8,68
,1,30,21,5,-5,-26,-29,-63
,18,-33,-25,1,1,22,15,-21
,-16,-1,-44,-6,3,5,-7,-6
,14,22,-28,0,6,-3,-4,65
,-21,-35,38,-6,-11,29,27,-35
,-40,6,-18,-5,2,2,-9,29
,29,6,19,9,1,17,20,18
,-34,-7,-75,-21,-6,-3,-15,22
,6,18,76,11,4,-29,-51,-58
,42,31,-41,-1,0,-16,12,-43
,-37,-41,19,5,0,17,11,-35
,-45,9,39,4,5,17,19,20
,20,11,-8,-1,-5,-30,-12,51
,-5,-27,-29,-11,-8,-25,-27,-50
,22,3,-18,-2,-2,-8,-9,6
,3,10,12,-5,-3,0,13,21
,3,-13,-1,6,5,41,21,-36
,66,13,41,10,11,7,-14,30
,-4,27,-35,-7,-3,4,19,41
,-43,-19,-15,-5,-2,-8,-23,-18
,15,-9,-30,-8,-3,-14,-7,1
,0,-19,-35,4,5,-6,-7,13
,-2,12,88,6,-6,24,36,127
,0,28,-30,-6,6,3,0,-27
,8,-33,-22,-8,-10,-22,-18,-43
,8,4,22,16,7,4,-5,76
,-25,-14,-16,-5,-1,-17,-4,-108
,-7,-18,-23,2,-6,20,-16,-29
,19,25,-31,-9,-1,1,35,105
,-19,13,57,-2,-10,-14,-9,-46
,16,-6,-40,5,16,22,-6,-47
,16,-21,7,-16,-4,7,11,-5
,-5,4,68,22,1,-20,-5,13
,-45,4,-30,-11,-9,-1,-2,-14
,0,19,-32,-2,1,-20,-17,-25
,-3,-25,24,5,-5,-24,-5,-47
,15,7,-5,-6,3,18,-7,-11
,1,-13,15,10,10,35,31,33
,5,15,12,-5,-4,-9,6,27
,7,0,-23,-2,-7,1,3,38
,-23,-6,17,4,-1,-24,-34,11
,-19,14,22,5,-3,-4,2,-15
,16,-17,-34,-11,4,31,13,-45
,19,12,-75,-13,-10,-1,-6,56
,-30,-20,64,10,6,-6,2,-22
,22,-6,34,2,-9,-18,-25,-29
,-55,-1,-33,2,-1,-7,-15,-54
,12,13,24,-2,-7,-37,8,-9
,13,12,-43,-1,2,23,5,-46
,24,-3,24,5,2,10,12,91
,-21,-15,7,0,-2,-9,-5,-19
,-12,10,-6,0,3,-7,-19,-41
,-8,0,-25,-7,-2,-5,-6,-43
,19,19,-17,-7,-4,-5,-1,-12
,-1,-10,16,11,8,24,-2,22
,-12,-9,12,-1,-1,1,19,59
,28,2,-1,2,-1,17,3,-38
,-34,-13,-5,-4,-4,-3,2,-14
,13,-2,62,2,-3,-11,-8,-9
,9,3,-13,-3,1,22,30,95
,-9,2,-13,-11,-5,-18,-4,-9
,16,-8,-35,-1,1,-6,7,-67
,-9,13,27,-3,-12,-9,1,40
,6,9,-29,4,9,-13,-31,-76
,14,-11,49,10,-8,-6,-6,14
,-9,4,-60,-6,3,14,-1,36
,17,-7,50,-4,-4,-1,10,-9
,13,6,-23,4,13,58,31,13
,-10,18,50,6,0,1,-7,12
,-26,-10,-3,-9,-4,-24,-22,-89
,21,26,-72,-7,-2,-26,-12,18
,-28,-32,106,13,1,1,5,48
,46,6,-47,-11,-6,-33,-10,-41
,-14,-7,4,9,6,37,20,-49
,-7,0,17,6,6,9,7,61
,-12,9,-20,-6,-7,-42,-27,-7
,4,-14,-8,3,2,-2,21,-3
,14,-5,13,-9,-4,20,3,39
,-1,-13,-43,-9,-1,-12,-11,-10
,-9,19,64,11,-1,-7,-30,-68
,-20,-10,3,-1,-6,-4,17,42
,17,19,1,1,0,27,15,-8
,-15,-24,-28,4,5,24,6,-19
,20,12,-17,-15,-6,-20,-26,20
,-15,-15,-75,-1,-2,-18,-20,-9
,-12,6,95,24,12,14,15,-70
,-5,16,-57,-10,-7,-10,7,86
,-2,-23,-93,-23,-7,16,19,6
,-1,19,69,36,15,6,-20,-23
,0,-2,-42,-11,-11,-29,-21,5
,28,-2,11,10,6,15,13,-1
,-13,9,-51,-14,-3,17,21,-35
,3,-30,-9,-23,-5,-2,6,39
,13,52,16,6,5,-12,-18,34
,-31,-58,37,16,5,-20,-8,-29
,31,26,-19,-11,-13,-3,-9,-75
,15,-9,36,7,6,15,10,67
,-24,-4,2,-4,-6,-21,-8,49
,14,16,-45,-21,-8,11,8,10
,-33,-8,58,16,6,-4,-10,-80
,-2,7,-25,-3,0,10,-10,-27
,8,-24,-34,-15,0,-5,-14,-53
,13,9,-57,-11,-8,22,23,9
,-6,-13,65,16,3,-1,-1,83
,-4,33,-4,-10,-7,-10,-15,-9
,-32,-7,-2,4,-4,-7,18,24
,3,-18,-30,5,2,2,-16,-34
,-4,-19,83,11,3,-14,-4,28
,6,1,-37,-8,3,-5,11,74
,2,13,12,0,-6,-2,-27,-57
,12,9,1,-5,-4,3,20,-12
,8,6,-50,-6,1,-1,3,11
,-21,-9,38,1,-2,9,2,-79
,4,-24,-28,-4,1,5,1,76
,-8,32,33,2,-1,27,14,-41
,-16,-35,5,4,2,4,10,55
,5,-10,-9,-8,-3,-19,-11,-8
,19,17,-41,-8,-5,-3,9,-58
,-15,-12,26,12,11,-19,-31,14
,6,30,-25,-16,-18,-9,2,-17
,-2,-18,-3,9,3,-4,13,37
,12,-9,62,8,4,3,1,-9
,-21,3,-10,-5,-6,-40,-15,28
,43,6,-9,3,5,18,8,-53
,8,15,5,1,5,57,33,30
,-4,-12,-18,-3,3,-11,-2,41
,-19,-5,-29,-15,-11,-9,-4,-38
,5,14,36,11,4,-11,-18,-20
,-20,-14,1,-6,-5,-20,-21,-12
,13,-11,18,10,-1,-1,-2,-32
,11,27,-63,-8,4,-5,-6,34
,-29,-21,27,16,6,10,17,29
,42,9,33,-2,3,11,-11,-14
,-5,-3,-40,1,-2,2,16,49
,4,4,8,-8,-5,13,-2,7
,-6,-2,-45,-18,-15,-29,4,-49
,-30,-26,50,28,6,-20,-5,-7
,23,-4,-19,-7,4,11,-12,8
,5,0,16,-1,-15,-3,18,12
,-2,5,-38,-4,6,23,-6,-1
,-15,13,-5,-3,-5,-17,0,-43
,0,-10,12,2,-2,-4,1,-5
,-13,-5,-2,-1,7,-3,-8,1
,23,4,-9,13,5,-18,-35,-32
,-32,-5,15,-11,-5,22,40,53
,-44,-3,-74,-13,-1,1,1,11
,23,-25,72,2,-3,-16,-3,-7
,7,18,50,10,4,11,-10,-33
,8,13,-78,-6,0,-11,-11,-2
,8,-12,15,-1,3,23,19,47
,-12,-11,2,9,5,2,-7,-40
,-31,-2,-44,-14,-6,-5,4,-2
,48,-8,-28,2,-1,-10,-14,19
,-21,22,80,-1,-7,6,0,-34
,10,1,-15,2,5,37,12,-1
,-4,18,-57,-13,-3,-12,5,49
,-20,-28,59,10,3,7,0,-29
,26,-2,-37,-1,-1,-29,-28,-81
,-9,-4,-4,-8,-10,-22,2,92
,2,9,37,3,2,17,20,-6
,-2,8,-12,-4,-2,0,-4,30
,6,6,-40,-16,-4,-4,-12,-16
,4,-5,46,25,8,8,-3,-31
,-2,-23,-16,-6,2,4,10,2
,0,11,16,-4,-7,-7,-6,35
,-14,3,-15,3,0,2,-8,1
,2,2,6,-6,5,24,29,-10
,-7,-20,0,-9,-11,-20,-12,24
,5,2,-26,9,9,3,-23,-79
,7,39,7,-3,5,33,66,103
,-16,-44,-16,-3,-6,-11,8,28
,4,1,8,5,2,1,-9,-52
,-17,5,-40,-6,1,-6,-13,-8
,13,-9,0,-5,-8,-15,-12,9
,18,20,36,7,1,-2,-13,-37
,8,-1,2,4,4,-6,-16,-24
,-26,-5,-36,-11,-6,19,26,1
,10,-13,15,6,5,-11,10,-15
,-14,39,9,-2,-3,-9,-15,-2
,0,-38,8,0,-4,-15,-1,-2
,11,6,-38,-7,-2,20,-14,0
,-10,15,47,2,-2,-14,-1,26
,2,-13,-7,0,1,7,10,-28
,-7,13,-11,-2,-4,5,-11,6
,-8,0,3,-10,-3,-14,8,28
,-4,-24,-36,3,2,-18,-29,-39
,-4,6,-17,-16,-4,20,17,-20
,-21,0,51,13,5,-1,-7,47
,24,3,1,-1,-7,-6,11,10
,0,0,-18,0,0,3,-6,-62
,9,-11,21,0,-4,-24,-12,29
,-21,3,-44,-11,-3,-10,-14,-17
,4,-10,53,1,-4,10,4,-51
,19,5,-23,3,4,26,5,47
,6,-11,30,3,1,-21,-22,-34
,1,26,-21,-12,-7,30,31,25
,6,-6,24,4,2,-18,-19,-3
,-7,-19,5,14,6,0,8,4
,-2,16,14,1,-1,-5,-2,7
,13,-18,-85,-11,-5,-35,-27,-35
,-22,-10,8,-2,1,22,19,-10
,-2,18,43,2,0,24,11,-6
,2,9,-55,-3,-5,-20,-6,-2
,15,-6,-1,7,0,13,-6,7
,-22,-16,-46,-7,-11,-27,-16,-19
,-10,-8,-6,-7,-8,-2,-7,30
,-9,10,32,6,10,-6,0,-1
,1,12,-17,3,8,58,34,26
,0,1,32,0,0,8,4,16
,-3,-13,32,4,-5,-14,-25,-17
,-11,20,-43,-5,-2,-21,-5,-6
,8,-54,-7,2,0,-8,4,4
,-22,39,-6,-8,-3,0,8,17
,3,-5,50,13,7,4,-4,-5
,22,-8,15,-6,-5,-19,-13,-11
,7,1,18,-8,-8,35,24,-5
,22,-1,-28,2,1,-11,-9,11
,-36,-7,-73,-9,4,-19,-8,12
,6,1,11,-2,-7,-1,-13,-14
,1,30,43,4,2,-6,13,19
,19,-28,4,9,6,15,14,53
,15,16,-46,-13,-2,16,13,-22
,-9,-22,16,10,5,16,1,-10
,-3,11,66,12,3,-23,-12,20
,9,18,-10,-14,-10,-6,-1,-21
,-6,-20,-51,-3,-5,-32,-9,-36
,-8,-9,25,3,4,8,4,78
,-19,2,-16,-11,-5,5,-4,9
,-9,-11,-13,-1,-1,-14,-15,-33
,12,2,-34,-4,-5,-9,-10,-19
,-13,21,1,-8,1,12,14,-25
,-9,-29,74,5,-2,-3,-4,-13
,-12,6,18,14,6,4,3,27
,3,9,2,-12,-9,18,1,-45
,7,-16,-80,-14,-12,-32,-12,-15
,-5,50,4,-2,6,26,23,21
,-8,-35,-13,3,-2,-12,-22,-56
,4,-5,42,7,-5,-43,-7,39
,-17,7,-3,1,1,33,15,6
,-5,-13,-44,-3,5,-8,-2,-9
,2,12,-13,-8,-5,-6,-20,-16
,-4,14,20,7,4,1,8,-21
,-10,-37,-11,-4,-8,17,-2,40
,25,14,8,-8,-7,-20,-15,6
,3,-7,8,11,11,23,20,1
,3,7,31,1,1,0,2,27
,19,1,-13,-5,-4,-17,-16,-36
,-17,-24,-30,5,3,12,18,5
,-4,22,26,-10,-8,-17,-21,-1
,11,2,3,-4,2,15,4,4
,5,-12,-2,6,9,31,22,-46
,2,-5,0,-3,-5,-25,-11,30
,-4,5,-18,-3,0,-14,7,-2
,10,8,41,11,2,-5,-18,10
,-3,-8,-5,7,4,-4,-6,-3
,-3,7,7,7,-2,4,17,-6
,-6,-13,-40,-6,8,23,17,2
,1,-9,-2,-7,-3,-9,-1,2
,-9,6,-22,-1,-4,-1,-17,-16
,27,19,-10,-3,-2,-3,1,20
,-5,-24,25,10,6,-4,6,19
,-61,-14,-22,-9,-7,3,-6,-6
,17,10,22,-7,-6,-1,5,15
,-1,-20,-27,4,6,14,5,15
,1,21,2,-7,-7,-14,-16,-39
,-9,-21,-2,-2,1,-4,4,0
,-1,43,7,0,-1,-24,-13,6
,-6,-47,-17,5,-6,6,-6,-17
,21,30,-2,6,0,0,6,36
,9,-28,25,5,10,8,19,13
,-14,14,10,-7,-3,-1,-1,13
,4,-3,-13,2,1,-5,-10,1
,3,-1,-6,-4,-12,-21,-19,-13
,2,16,-47,-15,-5,-7,0,-5
,-41,-20,32,10,6,33,15,12
,45,19,15,8,7,12,2,2
,20,-7,-16,3,1,-11,1,-37
,-18,24,64,5,2,30,5,3
,3,-19,-32,-9,-4,-17,-10,-15
,-19,7,1,-3,-3,-15,-24,-22
,7,-7,-22,-7,0,13,7,18
,21,11,48,14,-4,-10,15,53
,0,-13,-27,-1,2,-17,-15,-19
,8,9,2,1,2,16,14,-17
,-16,-22,-28,-11,2,-8,-6,-3
,19,-7,-57,-6,-2,0,0,-24
,7,28,125,18,0,35,9,61
,-25,0,-44,-13,-1,-32,-9,-56
,7,2,3,3,-5,25,8,-35
,-47,-19,-43,-11,-5,-3,3,30
,10,-16,-30,-10,-5,-17,-13,-5
,40,26,37,0,-4,-13,-3,3
,-50,-28,-24,4,2,-3,-23,-17
,28,6,26,8,-4,2,15,-10
,0,3,-26,-2,3,12,15,-2
,-19,-2,-16,-4,0,-2,-10,-8
,10,2,29,0,0,2,6,50
,8,-9,38,3,-1,-20,-22,-30
,-14,0,-16,5,-2,-9,4,0
,-4,-10,-17,-6,-2,-5,17,7
,31,18,11,-5,0,24,11,12
,-23,-7,-77,-7,2,-7,-16,36
,8,-4,48,3,-3,-16,-1,-40
,-25,5,19,4,8,17,4,-27
,22,-16,-73,-17,-13,-7,-1,52
,-1,6,36,6,-5,-21,-14,3
,-1,0,5,-1,0,0,-9,-21
,5,2,-3,0,-1,-2,0,23
,-19,21,47,0,5,6,-2,-56
,26,-6,-22,1,-6,-23,-15,-11
,-19,-8,-43,-9,3,-10,-11,-8
,-12,-15,-13,-10,-13,-23,1,-3
,18,23,107,35,18,40,28,21
,-22,-8,5,-12,-8,8,0,-8
,6,5,-37,-3,5,21,11,-24
,4,-4,-33,-9,-8,-13,-33,-22
,-38,-15,-26,-18,-10,-57,-21,-9
,-5,4,73,16,-2,14,14,0
,2,0,19,3,-3,2,2,33
,3,2,-6,-6,2,12,-4,-22
,-4,-11,-12,1,2,5,16,59
,-6,12,-16,-10,-4,-14,-29,-42
,-1,-11,7,7,6,11,25,15
,16,-4,7,-3,-1,8,-3,17
,-17,19,-35,5,4,-4,5,-37
,-23,-12,40,5,6,39,9,17
,41,14,-11,-5,-5,-15,-11,48
,-36,-38,3,-2,0,-6,7,-5
,15,18,41,5,0,7,-1,-23
,16,9,-4,0,3,-8,-8,3
,-7,4,-1,2,-1,10,6,2
,-1,12,-3,-3,1,-6,-7,7
,2,-25,-52,-6,-7,-20,-6,-17
,2,-8,-10,3,6,6,10,1
,6,17,-24,-10,1,6,-26,-12
,14,-9,44,16,-8,-15,26,15
,-21,4,29,2,-2,-4,5,22
,13,-2,-38,-10,-3,-2,-6,-42
,0,-7,-35,-7,-2,16,3,15
,0,10,-6,-3,1,-3,-6,31
,-6,-4,26,0,-4,-8,-8,-27
,-15,-19,-36,-4,-4,-10,-3,1
,13,-13,45,-1,-5,-12,8,-20
,-13,18,-10,-1,4,8,-4,1
,20,-5,-6,1,2,16,0,15
,-2,10,-21,-3,2,14,8,1
,6,-8,-42,-8,-7,-12,-2,-6
,4,4,29,6,5,4,-5,19
,-7,-3,15,2,-1,2,-8,-37
,3,-4,-20,-5,-6,-35,-12,-14
,-17,23,37,13,6,13,22,-13
,5,-22,3,4,7,9,-1,2
,-8,17,-11,-12,-11,-20,-11,19
,7,3,-6,-3,0,13,15,22
,11,-4,-3,6,10,22,10,-35
,15,0,-20,1,2,-13,-8,20
,-9,-24,26,-4,-9,2,-12,-15
,9,15,-3,2,7,-10,18,-12
,-18,-5,-28,-4,0,11,6,14
,3,14,12,2,2,18,9,49
,-1,-2,3,3,0,-18,-17,-14
,-5,-13,-5,-4,-1,7,-6,-7
,-1,-9,-33,-4,-6,-11,-10,-51
,2,-4,26,5,-3,8,15,33
,0,4,8,0,9,14,16,7
,-5,-5,-32,-3,-4,-18,-20,-9
,13,31,39,3,-6,-21,-9,-2
,10,-14,2,-4,1,39,7,-60
,-7,-24,-32,6,1,1,20,83
,-1,12,39,9,5,5,-10,-16
,10,-16,-21,-11,-3,-19,-5,-30
,-12,11,-42,-2,-1,-9,2,39
,-11,18,37,-4,-3,8,-6,-12
,2,-10,16,-2,-5,-12,-4,14
,0,1,-25,-2,-3,5,-4,23
,-10,-16,3,4,1,-15,-1,-39
,-9,-3,-28,-8,-5,2,6,-11
,-5,2,-17,0,-2,18,13,2
,0,23,35,0,-2,-16,-21,-9
,-3,-10,-18,-6,-4,-5,15,-4
,19,-8,1,8,1,9,3,26
,4,16,-11,-8,-6,-3,-4,-16
,-1,-38,-34,-1,1,16,4,-7
,-14,9,42,0,-4,-15,-15,-14
,-4,16,8,11,6,-6,5,27
,10,-4,-11,-9,-4,14,5,9
,7,29,52,16,8,0,-14,-40
,9,-33,-22,-6,-3,-9,-4,61
,-14,4,-15,-7,0,-2,14,-18
,-4,-4,-7,-6,-1,20,6,16
,4,-18,-34,0,1,-9,-14,33
,5,13,28,-19,-12,-8,-5,-54
,13,9,25,26,13,22,10,-13
,-17,1,-38,-17,-8,-22,-27,18
,-24,-32,16,6,-5,-3,24,29
,23,15,-38,3,6,42,9,-32
,1,-2,22,-3,-3,-13,-9,41
,-10,-7,-26,-7,-1,-15,-14,-24
,-4,19,40,7,-1,-10,-6,18
,-20,-13,-7,-2,2,13,-4,-26
,20,11,-24,-7,-4,-20,8,5
,-1,-13,-3,11,-2,-7,-5,-19
,14,-6,6,-9,-4,7,-3,20
,-13,7,-15,6,4,-9,-4,-16
,-27,6,39,-9,-7,0,-8,-23
,13,6,13,7,0,-8,3,-11
,-21,-33,2,-4,-3,-3,-1,24
,11,4,-16,-1,-1,11,9,-2
,3,10,-28,-6,-6,-26,-26,-54
,-4,6,27,2,2,11,29,58
,-7,-8,6,-5,-2,-9,0,17
,-2,0,-12,-2,0,1,1,12
,19,-1,-52,-4,1,2,-13,-7
,-17,-2,57,1,-5,-10,-2,-62
,-17,14,-25,0,3,6,10,25
,11,-7,5,0,-1,-21,-7,-17
,0,-2,12,4,0,5,-8,-16
,-4,1,-2,0,-3,10,15,36
,19,2,-18,-15,2,12,4,-2
,-15,-13,-20,15,-3,-9,-3,-27
,-10,11,15,1,-2,18,6,-5
,-21,-22,-11,-1,-2,-22,-24,13
,7,-2,0,-4,-5,-19,5,12
,21,24,-11,-6,2,39,16,-19
,-15,-27,1,-7,-6,-14,-4,18
,15,12,13,7,5,21,-2,-20
,-1,-2,-36,1,7,1,-2,12
,-9,5,54,-2,-5,-34,-30,-30
,3,-2,-16,-3,-3,17,20,15
,11,5,67,20,17,28,26,34
,-12,-9,-28,-11,-11,-21,-25,-37
,3,9,-40,-6,-2,-21,-15,0
,8,-16,20,-3,-2,15,15,72
,-18,-7,-34,-11,-3,6,6,-3
,16,12,5,8,5,11,18,-12
,-20,-17,32,-8,-4,-3,-16,-14
,5,-3,-28,9,1,-17,-14,-9
,24,-12,0,-2,-4,22,8,3
,-23,2,2,3,-2,-20,-15,-16
,16,28,22,-8,-14,-20,-11,-16
,-23,-22,-17,-9,2,32,17,-14
,0,4,-5,3,7,-5,-1,17
,14,19,-57,-7,-9,-6,-4,-31
,-19,-32,62,12,0,-24,-16,71
,3,14,-4,-13,-10,-17,0,-47
,14,0,-18,7,7,40,17,5
,-18,-6,-5,-10,-5,-7,-8,-23
,37,-5,24,13,3,-8,-7,2
,-26,7,21,1,1,-4,-16,-5
,11,16,-44,-8,-3,-7,3,-23
,-5,-31,18,6,2,9,0,27
,-33,16,-35,-10,-11,1,3,11
,4,-34,-18,3,11,-3,6,-4
,-4,32,16,-6,-7,-14,2,-15
,9,-20,49,5,4,30,1,9
,-10,3,-23,2,3,-5,17,-20
,14,14,-28,-5,-10,-6,-8,40
,-32,-10,15,1,1,-20,-22,-37
,24,19,25,0,0,-19,-8,42
,-16,-6,-4,0,1,0,2,-28
,-3,-2,8,4,5,30,3,-2
,24,-16,-6,5,2,1,4,-4
,-36,1,-11,-8,-3,-5,0,13
,40,20,-40,-8,1,-9,-9,19
,7,1,29,-4,-7,6,13,-33
,-15,-28,56,1,-6,-4,-10,23
,-1,2,-7,-4,-7,2,-18,-42
,-24,-13,2,-3,8,4,4,10
,9,30,-4,-1,-4,-15,13,-1
,19,-2,-44,-6,-5,9,-7,-21
,0,13,21,6,3,-15,8,35
,-16,-14,24,0,-5,-1,-11,30
,8,-8,-15,5,8,0,-9,-23
,-9,-7,-9,-9,-8,-9,-5,-5
,-23,1,-2,2,1,3,9,-10
,-14,14,-2,-1,-6,8,-2,-37
,-8,-7,-2,0,3,4,16,-17
,35,54,-60,-6,7,10,-18,-22
,-20,-63,80,11,1,4,5,15
,24,10,-5,2,1,0,11,35
,11,2,23,1,-7,-21,-19,-40
,-30,-3,-28,-11,-3,-4,-3,24
,19,16,-25,3,5,-2,-5,-21
,-11,-4,-8,-3,-4,24,2,-29
,15,-20,31,16,6,-10,3,55
,-22,-9,11,-7,-5,-28,-32,-43
,2,17,-26,-3,-5,4,6,-14
,-12,-7,22,-1,3,17,38,25
,2,14,3,-5,-2,12,-13,2
,-3,-1,1,-3,-7,-11,-3,6
,24,-19,10,-2,4,7,-3,9
,-7,-6,-43,-2,0,-12,-4,0
,-19,15,4,-12,-7,-9,-16,-19
,30,-20,-3,8,3,-15,-3,33
,-13,12,-20,0,-1,31,15,-44
,18,4,19,2,0,4,13,9
,-6,-4,-3,5,2,-21,-11,14
,-6,-1,-23,-14,-8,10,7,9
,2,20,21,5,6,-4,-1,-25
,-11,-24,-28,0,-3,3,-3,0
,-12,-5,-23,-8,1,-14,-24,-5
,33,9,17,7,-1,-8,13,-4
,7,-7,5,-2,-1,14,6,0
,-9,-5,7,9,7,22,11,27
,6,12,-28,-7,-9,-38,-10,3
,-10,-14,-5,-3,7,32,22,-3
,-1,-6,-42,-7,-9,-32,-4,9
,-14,4,24,-1,-2,-12,-32,-53
,49,0,-19,-3,0,8,1,12
,-32,-11,97,10,3,-8,8,-10
,-8,13,19,2,-2,6,6,33
,3,-3,-26,-4,-1,-8,-17,-22
,4,-6,-34,-6,-2,4,6,-17
,1,-8,4,10,2,5,-3,17
,-4,1,-17,-7,-3,-8,-9,10
,-11,17,9,-2,-4,-10,-4,0
,-8,-33,-36,-13,-2,12,11,-16
,6,15,-24,4,7,20,6,5
,-19,-5,47,4,-3,-1,-3,-11
,10,-2,-20,-1,1,-3,3,17
,-11,2,-34,-7,-7,-14,-9,-14
,-12,10,58,1,0,-14,-10,27
,16,-1,-68,-7,1,26,26,2
,-1,27,39,1,-8,-25,5,10
,-3,-14,17,12,9,29,14,-4
,3,-10,-1,-4,0,-21,-19,-7
,3,4,0,-3,0,-13,-9,4
,-13,12,-31,-6,-7,-10,-6,-14
,1,-18,-5,2,1,14,11,4
,6,8,31,9,3,-2,1,-6
,-1,7,-19,-5,1,-15,-14,0
,11,-9,15,-4,-5,-4,-1,9
,-7,12,31,6,8,28,1,4
,-8,-7,-38,-12,-15,-4,14,14
,-1,0,67,15,8,4,5,-23
,17,-10,-19,-2,5,-1,3,36
,1,6,-14,-1,0,0,-6,11
,2,6,-26,-15,0,11,-5,-2
,15,-2,59,9,-1,-9,-6,-16
,-6,-11,-1,6,4,10,12,-10
,-8,27,-18,-13,-8,0,0,24
,-9,-45,-18,11,6,-4,2,-8
,7,9,-24,-6,-6,3,-1,-29
,13,-10,0,-4,2,8,-4,26
,-29,13,35,7,-1,-42,-28,-57
,23,14,-44,-3,1,42,27,61
,-26,-4,40,10,6,15,18,16
,-7,-21,-26,-5,-2,1,5,-5
,6,1,-53,-8,-7,-12,-16,-9
,-2,13,57,8,0,-35,-32,-38
,4,-27,-23,-7,2,19,25,35
,5,23,6,1,5,18,7,3
,-8,0,17,3,-3,-16,-9,-19
,-2,-24,-28,-3,0,-7,-9,-25
,1,6,-29,0,2,14,4,9
,-5,8,13,-9,-9,-23,-9,-14
,-5,-26,19,11,1,-6,-8,21
,0,13,-1,2,5,19,11,-70
,20,4,-5,-7,-7,-6,7,-8
,-15,-1,6,7,5,12,9,61
,1,-3,-7,-9,0,-10,-5,-7
,-5,4,-12,-7,-6,-3,7,37
,-8,2,-13,4,-5,-21,-25,-25
,-4,5,11,-5,-2,2,-9,-50
,-20,-33,0,-2,-3,-3,1,0
,9,19,20,5,2,3,12,5
,-5,-5,-26,-10,-2,2,-10,10
,16,-5,-1,1,-3,-11,-3,8
,2,-7,15,9,2,11,16,31
,-6,26,-18,-11,-12,-14,21,-15
,-6,-21,6,-7,-5,-9,-11,19
,-12,-6,-3,7,3,-12,-14,4
,3,18,-19,-4,-7,-15,-6,-59
,14,-15,25,5,12,38,20,56
,2,3,-68,-16,-9,-17,2,9
,0,9,82,10,2,2,-6,-49
,10,5,6,2,6,16,8,31
,-1,17,1,-2,-10,-20,-18,4
,-4,-24,-20,3,1,-1,3,-16
,-4,-11,-39,-6,-4,-24,-26,-13
,1,18,47,8,4,20,21,2
,12,-5,-34,-6,-1,9,12,6
,-8,4,40,5,-2,10,-1,16
,20,8,-16,0,0,-3,2,25
,4,-20,52,0,-4,-11,-31,-83
,-12,-9,-22,-4,-1,-23,-3,39
,-25,19,15,1,2,4,-10,-34
,0,9,-46,-19,-5,9,8,-14
,34,-6,37,21,10,26,21,26
,-30,-19,-16,-14,-3,-10,-19,-27
,25,15,37,6,1,1,-6,-1
,-22,-3,0,-2,0,-7,10,-3
,20,14,-12,-2,3,20,0,12
,0,-7,-13,-5,-2,-3,2,44
,-9,-8,1,14,6,-16,-15,-29
,-5,-8,46,-4,-6,6,3,24
,-5,10,-42,-14,-14,-21,4,56
,1,-9,46,5,0,-15,-13,-47
,4,-12,-54,-1,-4,8,9,-41
,-3,10,14,14,9,24,13,29
,-10,-20,-19,-6,2,1,4,8
,-2,5,-23,-16,-10,-24,-24,-9
,-20,9,34,2,3,6,9,17
,18,-12,31,7,2,21,13,-22
,-19,12,-27,-4,0,-4,1,14
,15,8,-25,3,5,2,-14,-16
,7,-19,3,-9,-8,-25,-12,1
,-11,5,-9,8,8,15,12,-21
,-19,29,-11,-25,-20,-20,-15,-5
,24,-35,45,29,7,7,3,-32
,-9,16,-7,-5,4,17,0,66
,-24,-23,-21,-9,-2,-5,16,43
,21,8,-46,2,6,-1,8,-9
,-21,25,-1,-6,-7,-3,-15,-22
,1,-27,13,8,-4,-19,-8,-16
,28,23,43,-2,0,30,12,37
,-22,-19,-3,4,7,27,10,-8
,1,-9,13,-1,-4,-6,1,19
,10,10,-60,-16,-13,-18,0,4
,-14,-12,-10,-8,-10,-36,-21,11
,5,2,42,10,1,6,4,-50
,0,10,-10,5,0,8,0,16
,6,8,2,4,4,-2,-6,-4
,19,-22,-14,-5,3,2,10,28
,-16,3,-18,-7,-6,-9,0,10
,9,-2,-7,8,4,2,-11,-30
,-12,13,11,0,5,-1,8,28
,14,-2,-27,0,1,16,2,5
,2,0,38,2,1,-21,-21,-9
,0,8,-7,-5,0,41,27,-59
,4,-11,45,11,0,-19,1,74
,14,29,-42,-14,-4,-5,-18,-45
,11,-26,10,14,10,5,8,20
,-25,-6,36,8,-4,-6,6,-2
,14,21,-6,-2,0,14,-2,-22
,1,-26,-28,-1,-2,-13,4,9
,10,4,-16,-10,-1,-7,2,35
,-40,13,-36,-15,-7,-13,-10,-4
,1,-18,17,2,4,4,-8,-4
,0,7,93,20,4,8,11,-35
,5,-3,-47,-18,-13,-13,0,66
,23,2,7,9,7,2,-10,4
,-20,-6,-6,-8,-3,-19,-19,-44
,-14,-7,-72,-5,-2,-1,5,-26
,-10,-16,26,-3,-1,15,9,10
,3,7,17,-2,0,6,6,6
,10,3,-1,-3,-1,9,-10,-33
,-13,29,22,-1,-5,-24,-12,-55
,-1,-34,-29,2,-2,16,11,22
,-13,-11,0,-12,-6,-3,-4,16
,10,34,47,4,2,5,-3,-28
,10,-20,0,8,-2,-8,-14,7
,-32,17,3,-1,-4,-7,5,-26
,10,-8,-66,-24,-12,-25,-11,24
,0,-13,65,23,7,15,10,10
,8,2,-41,4,-1,-6,4,31
,13,40,-25,-18,-4,0,-21,-46
,-22,-45,51,23,5,-2,2,-7
,-18,-8,-81,-20,-8,-2,11,46
,18,8,18,-1,2,10,-5,-44
,-17,41,29,0,5,-2,-7,6
,19,-34,-76,-8,-2,8,11,-9
,-19,19,62,6,-1,-26,-21,-8
,-7,-28,11,8,0,-4,6,9
,9,2,-34,6,10,28,4,-13
,15,6,29,-11,-1,8,23,-7
,13,-6,-41,8,2,6,5,58
,-34,-7,3,-6,-4,-16,-16,-59
,-14,9,36,-3,-6,-10,1,21
,16,-13,31,-1,3,-27,-20,-9
,-3,4,-64,-17,-8,12,16,-8
,-5,-4,3,7,4,0,-11,-37
,-3,-21,-1,9,-2,-3,4,20
,-10,6,-26,-11,-6,2,21,64
,19,17,4,-5,-2,-1,-12,-39
,7,-1,17,2,3,-7,-8,12
,-6,-17,-38,-9,-6,-23,-9,-14
,-14,10,65,15,1,3,1,-6
,-2,1,-32,-5,-6,9,9,5
,7,-8,-67,-20,-8,-5,-12,2
,25,11,80,17,6,-2,9,16
,-7,13,23,18,12,-9,-24,-6
,-13,-7,-28,-16,-14,4,16,-3
,17,1,-16,-15,-3,40,17,4
,-6,7,-17,2,3,-11,-16,-18
,9,5,-53,1,0,-3,-18,-26
,-16,3,67,12,-9,-38,-7,16
,-28,-15,45,12,10,24,15,20
,27,4,-1,-4,-7,-2,6,-17
,-38,11,-13,-4,1,1,-6,-25
,18,6,-75,-14,2,-2,-6,-30
,-10,-21,44,5,-11,-11,-3,32
,6,-3,12,8,5,18,0,34
,35,-4,-46,-13,1,-3,-9,15
,-18,-9,36,7,4,-9,-1,-40
,-3,9,-10,-11,-2,23,13,-3
,-6,14,11,8,7,23,10,-4
,-25,-19,-58,-7,-2,14,8,-8
,25,-14,38,8,5,-10,-10,12
,4,23,15,0,-9,-33,-14,-52
,-9,-30,-43,-7,-2,3,-7,12
,18,21,9,-3,-4,4,7,52
,-7,-21,14,4,3,13,3,30
,3,17,9,3,7,4,9,19
,-27,2,-2,-11,-4,-6,-14,-59
,5,-16,6,-1,-3,-1,6,-42
,-23,-3,7,5,6,26,16,33
,34,2,-75,-16,-6,-27,-33,16
,5,-1,44,3,-7,0,-6,-21
,-5,5,13,1,5,14,4,-16
,-18,2,19,5,-2,-5,-1,-21
,-8,-8,-48,1,1,-7,-13,-11
,15,-7,-17,-8,-12,-21,-2,2
,-13,14,9,0,-3,22,17,36
,17,-7,2,-1,5,10,5,0
,-15,6,-3,-2,-3,-15,0,1
,7,-12,-37,-5,-1,-25,-27,-32
,4,6,4,2,-8,-39,-20,-75
,-14,13,22,-7,-2,33,28,31
,1,-17,-13,5,6,14,-6,-5
,10,8,12,2,1,2,9,3
,8,2,2,2,-5,-18,-2,22
,-31,-9,-44,-3,2,-22,-20,-22
,31,0,-16,0,2,13,7,-31
,-1,2,59,5,8,38,30,55
,4,14,-42,-10,-10,-6,-15,-6
,-3,-6,6,-6,-5,-11,-2,-9
,-3,4,99,24,8,-9,-3,30
,-10,-8,-24,0,-6,19,2,-53
,8,-5,7,-9,-1,-8,10,27
,14,25,-29,2,-5,-5,-12,-1
,-8,-21,35,2,-2,-12,1,57
,15,6,6,1,1,-35,-18,-59
,-46,-13,-16,2,3,45,28,42
,-6,-13,-26,-7,1,6,-14,-39
,-9,-7,-80,-9,-7,-27,7,25
,-5,17,70,0,1,-9,-3,10
,5,27,35,-2,-8,0,-4,-1
,24,-28,-29,2,4,11,17,-1
,5,16,-36,-2,2,20,-4,6
,-20,-22,-18,1,-1,-21,-18,2
,15,-8,25,7,3,16,14,22
,14,28,7,-3,-4,-22,-6,-3
,-13,-7,-22,-9,-5,1,2,5
,11,-14,-41,-4,-3,4,17,57
,-11,-1,27,13,8,10,-3,-22
,-7,-4,-5,7,9,8,-13,-12
,12,3,16,-6,-6,-14,8,8
,-28,5,-21,3,1,33,11,13
,0,9,-9,-2,4,-4,-13,-31
,8,-10,8,2,-4,1,1,47
,-9,-15,-6,-12,-3,-26,-6,-25
,11,-2,63,16,7,17,7,0
,9,6,-68,-14,-8,-20,-15,-28
,11,-1,32,6,7,28,10,7
,-28,4,-2,5,2,10,7,0
,-4,12,-36,-16,-8,-12,3,35
,0,-40,44,17,3,-24,-15,-10
,34,22,-54,-15,-6,-11,-3,-24
,-18,-8,32,3,3,32,-2,-18
,1,14,16,11,10,23,23,18
,-10,7,-10,-1,3,10,2,-1
,3,-11,-1,-4,0,-4,7,17
,15,2,65,6,-9,-17,-19,-29
,-20,-4,-39,-4,-6,-26,-17,-25
,4,-2,-6,-1,0,-16,-5,27
,-10,-4,6,-4,-4,12,0,12
,-1,0,11,-4,-2,9,12,17
,23,-1,-3,5,3,6,-10,-66
,-2,12,7,-15,-10,-2,19,46
,-6,-26,-32,0,0,-17,6,25
,14,18,1,-2,1,-5,-17,-10
,-19,-5,14,-7,-4,2,3,-2
,11,1,-20,21,16,20,-5,-4
,19,24,38,-7,-15,-28,-16,-45
,-35,-27,3,-2,-4,24,22,22
,24,1,-38,-10,-1,19,0,-3
,12,-8,7,-1,-6,-19,-10,2
,-30,0,-22,1,-1,-12,2,-31
,29,18,-12,2,6,-1,-3,23
,-2,22,-12,-5,-3,-14,-23,-24
,-6,-34,10,-5,-4,4,17,-6
,-14,-16,32,11,0,0,2,23
,19,21,10,-4,-2,14,1,-6
,-18,-19,-47,1,2,-13,9,36
,-13,33,16,0,-2,-6,-12,-3
,-4,13,11,-11,-9,-15,-17,-22
,5,-36,-20,-1,1,3,2,-13
,-8,2,28,11,0,3,17,15
,-8,-4,-22,-3,-5,-5,-8,-40
,-23,-8,-33,-10,-2,1,-2,-12
,-5,14,-5,6,12,32,14,7
,23,7,59,-4,-7,-27,-14,-1
,-25,-24,-37,-8,-7,8,6,1
,21,12,60,19,14,22,14,22
,-14,-9,-26,-9,-12,-25,-11,-19
,11,-3,-74,-9,3,-9,-9,-14
,23,15,94,17,3,-9,1,21
,-14,-8,31,8,3,26,11,25
,-11,8,-20,-1,1,0,-2,-1
,-5,-9,-26,-6,-1,-10,22,51
,21,0,-2,-8,-10,-36,-29,2
,30,12,-46,-4,4,29,14,-6
,-24,-15,28,9,1,-8,-13,-23
,5,-4,-34,-3,5,-17,-34,-38
,-17,-20,53,-14,-8,21,36,5
,10,9,-8,-2,1,24,1,16
,-8,-14,-69,-13,-7,-33,-10,11
,-7,-6,66,8,-3,5,8,6
,11,31,-6,11,11,-17,-18,-24
,-19,-23,4,-8,-9,-13,-11,-22
,-12,9,21,-3,-5,18,1,8
,-8,-17,9,2,3,-17,-20,-22
,13,16,-35,-5,-5,-15,10,-3
,12,-12,-66,-4,-4,14,10,27
,-7,16,48,5,3,5,-6,-10
,-1,-24,40,9,-1,20,11,3
,-25,5,-2,-2,9,16,4,-6
,6,5,-46,-8,-4,-20,-13,-25
,2,-5,-21,-5,-4,-21,-10,-13
,1,4,-6,-3,-4,0,-4,17
,0,-9,16,2,2,26,9,11
,-22,-4,-6,-4,0,-9,-5,-7
,21,11,7,-1,1,3,15,21
,-2,-6,14,0,-1,11,3,-12
,1,1,-42,-6,0,-3,-10,-5
,-7,-1,22,3,0,-8,-3,-4
,14,3,15,10,4,3,4,-34
,-7,17,-60,-10,-2,2,2,13
,-11,-21,29,-1,-7,2,-13,12
,-1,5,11,7,0,-18,11,-24
,14,2,3,0,-5,-3,-14,22
,-6,-18,-9,-12,-5,-7,23,40
,-1,11,-1,-1,10,64,25,5
,3,2,5,-3,-3,-20,-18,4
,-13,-6,-14,-3,0,-14,-8,-14
,3,-2,-23,1,-5,-13,-15,-13
,3,7,-2,-4,-4,-15,-11,1
,-1,-26,8,3,2,0,-6,-12
,1,7,2,-2,-6,-3,9,4
,-4,3,9,2,5,16,3,-6
,16,-1,-3,7,1,-10,1,-3
,-1,6,1,-5,2,1,0,0
,-7,0,-13,-9,-3,-7,-2,5
,4,-1,22,9,4,7,3,-3
,-6,1,-1,-2,-2,-1,0,-3
,-14,-5,-21,2,-4,-5,-3,-2
,4,0,10,0,2,4,3,11
,0,4,2,-4,0,5,2,-6
,-4,-6,-19,-5,0,-4,-5,-3
,0,2,13,-1,-1,-4,-4,1
,-4,-3,-1,3,0,1,2,0
,0,0,0,-2,-10,-2,-5,-6
,-4,-6,-8,-4,-3,-9,-2,-4
,4,0,2,-3,17,7,0,5
,-1,1,2,7,-1,2,5,1
,-5,10,23,1,0,-12,-16,-7
,2,-17,-12,0,-5,11,12,-12
,5,10,15,-1,-9,19,12,13
,-9,-5,-21,-10,-6,-8,-5,-5
,2,-3,-2,7,8,1,-1,-2
,-1,3,4,2,14,-17,-9,-5
,-1,1,-5,-2,-2,-4,-2,-5
,0,2,4,3,-7,16,2,2
,1,1,3,-3,-3,-7,-1,0
,-3,0,-3,4,12,-5,-5,2
,-2,-3,-4,-7,-15,-3,-2,-4
,1,-1,1,-1,-4,2,-2,3
,-2,-2,-3,-3,3,-7,0,-4
,1,1,0,2,42,6,2,4
,-1,-3,-3,4,-1,-2,-2,-1
,-2,-2,0,-6,1,-5,-1,-1
,-1,-2,-2,11,-28,2,2,-2
,-1,0,-1,-6,-2,-3,-2,-1
,1,2,2,1,-1,-7,-4,0
,0,2,-4,-1,0,0,0,0
,1,-5,-7,-10,-3,4,0,-1
,3,0,0,4,-11,0,-1,3
,-4,-3,1,-2,-14,-12,-3,-5
,0,1,3,8,35,8,5,2
,-1,-1,-5,-7,-4,-2,-1,-2
,-4,-2,0,1,-23,2,-2,-2
,-1,-2,0,2,32,2,0,-1
,-3,-1,-2,-1,-13,-3,0,-1
,1,-1,-3,-4,7,3,3,0
,-3,-1,1,-1,-4,0,-1,0
,-1,-1,-1,-6,-9,-3,-1,-1
,1,-2,0,4,-16,-4,-5,-1
,-1,0,1,4,12,3,1,-2
,-4,-1,-3,-3,-18,-4,0,-2
,1,-1,0,1,1,1,-1,-1
,0,-1,-4,-9,3,-7,-1,-2
,-3,-1,-3,-4,-3,1,-1,1
,0,-2,0,8,9,0,0,-1
,0,0,2,4,3,1,-1,0
,-1,-3,-2,-1,2,-2,0,0
,-2,-2,-4,0,-2,-1,1,-1
,2,-1,-1,-14,-9,-1,-2,-1
,-1,0,-1,5,0,-1,0,-1
,-3,-1,-1,5,-7,-3,-2,-3
,2,0,0,-3,1,1,1,0
,-1,-3,-3,1,0,-4,-3,0
,-4,-1,-3,-10,-5,-1,0,-1
,1,0,4,5,3,0,-1,0
,0,-2,1,1,1,0,0,-1
,-2,-2,2,1,-6,-2,-2,0
,0,0,-3,-3,2,0,-1,-2
,-1,0,-4,-4,-1,-1,-1,0
,-1,-2,-1,0,0,-1,0,-3
,-1,0,-3,-7,-3,-3,-2,-1
,1,-2,0,0,0,1,0,0
,-1,-3,2,9,2,0,0,-2
,-4,0,2,-2,-10,0,-1,1
,-2,-1,-6,-2,17,-2,-1,-3
,1,-1,-3,-7,-3,-1,-1,0
,-2,-1,3,-1,-3,-3,-1,-2
,1,-1,0,1,-1,2,-1,-1
,0,-1,0,0,-5,-4,-2,-1
,-1,0,0,-6,-17,-3,-1,-2
,-1,-2,-5,-3,4,-2,-1,-2
,2,-1,2,7,6,7,1,0
,-1,0,0,0,13,-1,-1,1
,-5,-2,-1,0,0,0,-2,-2
,0,-1,-4,-6,-17,-5,-1,0
,1,0,-2,-17,-9,-5,-3,-1
,2,0,-1,12,7,5,1,1
,1,-1,3,7,-5,-3,0,-1
,-1,-2,0,2,-5,-1,0,0
,-2,-1,-3,3,14,1,0,0
,-4,-2,-4,-13,-13,-7,-1,-2
,1,0,0,2,1,2,-1,1
,2,2,-2,-1,14,2,-1,-2
,-3,-2,1,-4,-4,-3,-1,-1
,-4,-1,-1,-1,-12,-1,0,-2
,0,-3,0,7,9,0,0,-1
,-2,-4,-2,-6,6,2,-2,0
,-2,-4,-4,-5,-4,-5,-1,0
,1,0,1,2,-1,2,1,0
,-1,-1,0,-10,-4,-3,0,-1
,-2,-1,-2,10,1,-4,-1,0
,1,0,4,8,2,0,-1,-2
,-1,-2,0,3,-6,0,-1,-1
,-3,0,-6,-5,-2,-2,-1,-1
,0,-2,-1,-13,-1,-1,0,1
,0,-2,-3,0,0,-2,1,-2
,-2,0,-1,-2,-7,-2,-2,-1
,-3,0,-3,1,3,0,-1,-1
,2,-1,1,2,0,-2,-1,0
,-1,-1,-3,-3,-4,-1,-1,-2
,-1,-1,0,-5,-1,1,-1,0
,1,1,-3,0,-4,-2,-2,-1
,0,-1,-3,-6,-3,0,-1,-2
,-1,0,-1,-5,-4,-1,0,0
,0,0,4,15,-4,-1,-1,-1
,1,-1,0,1,10,1,-1,-2
,-4,-1,0,-2,-8,-1,-2,-1
,-2,-1,0,-2,10,0,0,-1
,2,-1,-3,-6,-9,-2,-1,-1
,-2,-1,-1,3,0,-1,1,1
,0,0,-2,-5,-1,-1,-1,0
,0,-1,1,1,-4,-1,-1,0
,-2,0,1,-1,0,-2,-1,1
,-3,-1,1,3,2,-2,-1,-1
,-2,-1,-4,-4,2,-1,-1,-1
,0,-1,-5,-1,-2,0,-1,0
,-2,0,4,5,5,0,-1,0
,0,1,-1,-7,-5,-1,-2,-2
,2,1,2,2,-1,2,0,1
,-3,0,0,8,-1,-1,-1,-2
,0,1,-6,-5,0,0,-1,0
,2,-1,-2,0,0,2,0,2
,-2,-2,3,0,0,-1,0,-1
,-3,-1,-6,-2,-2,0,-1,0
,-1,-2,-2,-4,1,0,1,-2
,-2,-1,1,-2,-5,-3,-1,0
,-3,-3,-1,7,3,-1,0,-1
,0,-1,-1,-3,0,-2,0,0
,0,0,-5,-5,-4,0,-2,-1
,-1,-1,3,2,1,-2,-1,0
,-1,-1,0,0,-4,-1,0,-1
,2,-2,-1,-2,1,0,-2,-1
,-1,0,-1,5,0,-2,0,-1
,-2,-1,0,0,-3,0,-1,-2
,0,1,-2,-1,-1,-2,-1,-2
,1,-1,-5,-7,-2,-4,-1,-1
,-1,-1,-4,-7,0,1,-1,-1
,1,-1,2,4,2,-1,-1,1
,0,-1,2,5,-1,-1,-1,0
,-2,-2,0,-2,-1,-1,-2,-2
,-2,-2,-4,-3,2,0,-1,-2
,0,-1,-2,-3,-4,-1,0,0
,-1,0,-2,0,2,1,0,0
,-1,0,0,3,1,-1,0,-1
,-1,-1,3,-1,-2,-2,-1,-1
,-1,-3,-5,-9,-2,-1,-1,-2
,-3,0,-6,-16,-2,-2,0,-1
,0,0,3,15,0,-1,0,0
,0,0,3,-1,1,-2,1,0
,-5,1,0,-2,-3,0,-2,0
,0,0,-3,-7,0,-1,-2,-2
,2,-2,-1,-2,-1,0,-2,-1
,-3,-1,0,7,-1,0,-1,0
,1,-1,1,0,-2,-1,-1,-1
,6,1,-1,1,-3,-1,-1,0
,-8,-1,0,-5,-2,-3,-1,-2
,-6,-1,-2,-3,4,-1,0,-1
,7,-2,-4,2,0,-1,0,0
,-2,-2,1,4,-1,0,-1,-2
,-8,-1,2,-9,-4,-2,-1,-1
,7,0,-1,1,-4,0,-2,1
,3,-1,-1,3,2,-1,-1,-1
,-8,-2,-2,-7,-1,0,0,-1
,1,0,1,7,0,1,-1,0
,6,-1,2,9,-1,1,-2,0
,-7,0,-4,-7,-1,-1,-1,-2
,-4,-2,-3,0,-3,-2,-2,-1
,5,-1,2,-6,0,-1,0,1
,0,-1,-1,-5,-1,-2,1,0
,-5,-1,-1,3,2,0,-1,0
,3,-1,2,1,0,0,1,0
,1,1,1,3,-1,0,-1,-2
,-5,-2,-3,-3,0,-2,-2,-1
,-2,0,0,-8,-1,-2,-1,-1
,4,0,-1,3,0,-1,0,1
,-2,-3,-1,-2,-3,-1,-2,-1
,-2,-1,0,-2,1,-1,-1,-2
,1,0,0,5,-1,0,0,0
,-1,-3,-1,1,-1,-2,0,-2
,-2,0,-4,-12,-3,-1,0,-1
,1,-2,-2,4,-3,-3,0,0
,2,-2,2,0,1,0,0,0
,-2,0,1,6,0,0,-2,-1
,0,0,-6,-5,2,0,-1,-2
,2,0,2,-4,-3,0,-1,0
,-1,-2,1,3,-2,0,1,-2
,-3,-1,-1,-4,-4,-2,-2,0
,3,0,0,2,3,-1,1,0
,-3,-2,-4,-1,-3,1,0,-1
,-3,1,1,0,-1,-3,-1,-1
,0,0,-2,-3,-2,-1,0,0
,-4,-2,0,1,0,-1,-2,-1
,7,-1,-2,2,-3,-2,-1,-1
,-2,-1,-2,-5,-3,-1,-1,-1
,-9,0,-3,-5,0,-2,-1,-3
,6,-1,2,9,2,0,0,0
,-1,0,0,-9,-1,-1,-2,0
,-10,-2,-1,8,-4,-2,-3,-2
,4,1,-2,-8,-1,1,-1,1
,3,-2,2,7,-1,0,-1,0
,-1,-2,-3,-1,0,-1,-1,-1
,2,-2,-4,-9,-3,0,0,-2
,-7,1,3,6,6,-2,-1,-2
,-4,-1,1,4,-4,-1,-1,-1
,0,1,-3,-4,-1,0,-1,-1
,-1,-1,-2,-6,-3,-2,-2,-2
,0,-1,-1,1,2,1,-3,-1
,2,1,-3,5,1,0,-1,-1
,-3,-1,3,-2,-4,-1,-2,0
,-2,0,-2,-1,0,-3,-1,-1
,4,-1,1,1,-2,1,0,1
,0,0,-2,-15,-1,0,0,-1
,-5,-2,-1,12,-1,0,0,-2
,1,0,0,1,1,0,0,0
,2,0,-2,-3,-5,-1,0,1
,-4,-1,-3,-3,2,-2,0,-2
,-3,-2,-2,-7,-1,-1,-1,-2
,2,-1,1,2,1,1,-1,0
,-1,-1,-1,2,0,0,0,0
,-4,-1,-5,2,-2,-1,-1,-1
,-1,-1,2,-5,1,1,0,1
,1,-2,-3,1,-3,0,0,1
,-4,-1,-2,-2,4,-1,-1,0
,-1,-1,-4,-4,-2,0,-2,-2
,1,-2,1,2,-1,-3,0,0
,0,2,2,2,-3,0,-1,1
,-1,-2,-3,-6,-2,-1,0,-1
,1,-2,2,-2,1,-1,-2,0
,-3,0,0,14,2,-2,-2,-2
,-2,0,-3,-10,3,0,-2,-2
,0,-1,-1,4,-2,-2,0,-1
,-1,0,-1,-2,-3,0,-1,-2
,-1,-2,-3,-7,-3,-2,-1,1
,-1,0,2,3,1,0,0,0
,2,-1,1,4,2,-1,-2,-1
,-2,-1,-2,-5,-2,0,-1,-2
,-3,-1,0,-1,0,0,0,-1
,1,0,-3,-4,-3,-1,-1,-2
,0,0,-1,-3,-3,-2,0,0
,-3,-1,4,4,-3,-1,0,0
,-1,1,1,4,0,-1,-1,-2
,0,-4,-5,-11,-1,0,-1,0
,-3,-2,-2,5,-1,-2,-2,0
,-1,0,-4,3,3,0,0,0
,0,0,0,-5,-1,-1,2,1
,-2,0,2,8,1,-1,1,1
,0,-1,0,-2,-4,0,-1,-1
,-1,-2,-4,-1,-1,-4,-2,-1
,1,-1,-3,-4,-2,-1,0,0
,-1,1,0,-4,-2,-2,-1,0
,-1,-2,0,2,0,-1,1,0
,-2,1,-1,1,1,0,-1,-1
,-2,0,-4,-10,-1,0,0,-2
,0,0,3,7,0,-1,-1,1
,0,0,0,1,1,-1,0,-1
,0,-1,-1,-3,-3,-1,-1,-1
,-2,-1,-1,-2,-2,-2,-2,0
,0,-1,-4,-8,0,-1,0,-1
,2,-1,-1,6,5,-1,-1,0
,-2,-1,3,7,-3,0,0,0
,-1,0,-4,-10,1,1,-1,0
,-1,-1,3,3,-1,0,0,-2
,-2,-1,0,-2,-3,-1,-1,-1
,-1,-1,-2,-5,-1,-1,-2,0
,-1,-2,-2,2,2,-1,0,-1
,-1,0,-1,2,-2,0,-2,0
,-2,0,3,-6,-2,0,-1,-2
,0,-1,-1,2,-1,0,-1,0
,-1,-3,0,2,-1,-1,-1,-2
,-2,-2,-4,-4,0,-1,0,-1
,1,0,-4,-5,-1,-1,-2,-1
,0,-1,2,4,-1,0,1,0
,-1,0,1,1,-3,0,-3,-1
,0,-1,-3,-8,1,0,0,0
,-1,0,1,3,-3,1,0,0
,-1,-1,-4,1,1,-1,0,-2
,0,0,-1,-2,1,2,1,-1
,-1,-1,0,3,-2,1,-1,0
,0,-3,-1,-5,-2,0,-3,-1
,-2,0,-1,-4,-1,-1,-1,1
,-2,-1,-4,-1,1,0,-2,0
,1,1,-1,1,-1,-1,-1,0
,-1,0,3,1,0,0,-1,0
,0,0,1,-3,-1,-1,0,0
,-1,0,-1,3,1,-3,1,-1
,-1,-1,-5,-4,-2,-2,0,-2
,-1,-2,-3,-5,-2,-2,0,-1
,-1,-1,1,2,-3,-1,-1,0
,-1,0,-2,-1,-1,0,-2,-1
,3,-1,-4,-9,1,1,0,-1
,-6,-3,-5,10,-3,-2,-1,-1
,0,1,6,-3,1,-2,-1,-1
,7,-1,-1,3,-3,0,-2,-1
,-4,-2,1,3,-1,-3,-2,-2
,-3,0,-3,-12,-2,-1,-1,-2
,5,-2,-7,4,-1,0,0,-2
,-2,-2,4,2,2,-3,-2,-1
,-7,-1,0,-2,-1,-2,-1,0
,5,-1,-2,-3,0,-1,-1,1
,1,-1,-2,-3,-4,-1,0,0
,-6,0,1,4,0,-1,-1,0
,2,-3,-2,-1,-2,1,1,-2
,2,-1,1,-10,-2,0,-1,-1
,-4,-1,0,13,-1,0,-1,-1
,-2,0,3,-6,3,0,-2,-1
,0,0,-2,6,-1,-1,0,0
,0,0,1,3,1,0,-1,-1
,-2,-3,-6,-11,-1,-2,-3,-2
,-3,-3,-5,-1,-4,-1,-1,-1
,-2,1,3,-1,0,0,-2,-2
,5,1,-4,-1,-1,0,-1,0
,-1,0,1,2,-1,-1,1,0
,-6,0,-2,-2,1,0,0,-1
,0,-2,-3,-1,-2,1,0,-1
,0,-2,-2,0,-2,-1,1,-2
,-4,-1,-2,-7,-3,-2,-2,0
,3,0,0,1,3,0,-1,0
,5,-1,-1,-6,-4,0,0,0
,-4,-1,2,17,5,-1,-2,-2
,-2,0,2,-9,0,-1,-1,-1
,3,-1,-3,3,-5,-2,0,-1
,-1,0,-1,-4,-1,-3,-1,0
,-5,-1,-5,-6,-2,-2,-1,-1
,0,0,2,3,0,1,1,-1
,2,-1,-2,-2,-4,-1,-3,-1
,-3,-1,-1,2,1,-3,-2,1
,-2,0,-2,-7,-5,1,-1,0
,4,0,-2,3,3,1,1,0
,-2,-1,2,-1,-1,-1,0,-1
,-2,0,-1,-2,-4,-1,-1,0
,2,-1,1,1,1,-2,-1,-1
,-1,-1,-1,2,4,1,0,0
,-2,0,-3,-9,-4,0,-1,0
,0,-1,-3,1,2,0,-2,1
,0,-1,1,11,-2,-1,-2,0
,-1,-1,1,-3,-1,-1,-1,-2
,1,-2,0,-1,-1,0,0,-1
,0,-1,-3,-2,-1,0,0,0
,-4,-1,-2,-6,-2,0,0,-1
,-2,-2,-5,-3,-3,-2,-2,-1
,0,0,-1,-1,-1,0,0,-2
,1,-3,2,1,-1,0,0,-3
,0,-2,0,0,-1,0,0,0
,0,-1,3,4,0,-1,2,-1
,-1,1,0,-5,-4,-1,-2,0
,-1,0,4,10,0,0,0,-1
,-3,-1,-4,-5,-4,-2,-2,-1
,-2,1,-5,-7,2,-1,-2,0
,0,-1,-3,-4,0,1,0,2
,-1,0,5,5,0,-1,-1,-1
,2,0,2,12,2,-1,2,-1
,-1,-2,-3,-9,-4,-3,-1,-1
,-2,-1,1,-1,1,-1,0,-2
,-1,-1,-6,-9,-1,-1,1,-1
,-1,0,1,-2,1,0,-2,1
,-1,-1,1,1,0,2,-3,-2
,1,0,-3,0,-1,-2,-1,0
,1,-1,0,0,-2,-1,0,1
,0,-1,-1,-2,0,0,-2,-1
,0,1,-1,-4,-1,0,-1,0
,-2,-1,-1,-1,-3,-2,-2,-1
,-1,0,1,1,1,-1,-2,0
,0,-1,1,8,1,0,1,0
,-1,-2,2,-1,2,-1,-1,1
,-3,-1,1,8,-2,-1,-1,-2
,-2,-1,-5,-16,-1,-1,-1,-1
,-1,-1,0,6,-1,0,-1,0
,-1,-1,-1,-2,-1,-1,-2,-1
,-1,0,-2,-4,-1,0,-1,-2
,-1,0,-5,2,-2,-2,0,0
,-1,1,-1,-11,0,0,0,-3
,-1,-4,0,4,-3,-1,0,-1
,0,-1,0,1,1,-2,-1,0
,-2,0,-1,1,0,1,-1,-1
,-2,-1,-1,-5,-2,-2,0,-1
,1,-1,-3,2,0,1,-1,-1
,1,0,-1,-8,-3,-1,-1,0
,1,0,1,8,5,-1,0,-1
,-2,-1,1,2,0,0,-1,0
,-2,0,2,1,2,-1,0,-1
,-2,-4,-3,-4,-3,-1,0,0
,0,0,-1,-1,-3,0,-2,-1
,-3,-2,-1,-15,-2,-2,-2,1
,-1,0,0,13,-1,1,0,0
,-1,-1,3,-1,1,0,0,0
,-1,-1,-3,1,-3,-1,-2,-1
,0,-1,-4,-8,-3,0,0,-1
,-2,0,-1,-4,-2,-2,-1,-1
,-1,-1,0,3,1,0,1,0
,-2,-2,1,-4,0,-1,-2,-1
,0,-2,-1,6,0,1,0,-1
,1,-3,0,-6,-4,-2,-2,0
,-1,-1,-3,4,-2,0,-1,-1
,-1,0,0,0,0,0,-1,-1
,-1,-1,-4,-3,-1,-2,0,-2
,-2,-1,-5,-2,-2,0,0,0
,0,1,0,0,-1,-1,-2,-1
,1,-2,-2,-11,-3,1,-2,-1
,-2,1,1,13,0,-2,1,1
,1,-1,2,1,3,0,2,0
,-2,0,-4,-6,-1,-2,-1,0
,-1,-1,-1,2,-2,-1,-1,0
,1,-1,-2,-5,-1,-2,-2,-1
,0,-1,0,-3,-2,-3,0,-3
,0,0,-1,2,1,0,-1,0
,0,-2,0,1,0,0,0,0
,-2,-1,-3,-5,1,0,0,0
,-2,0,-1,1,-3,0,-1,-1
,-1,-2,-2,-4,1,-1,0,-1
,-1,-1,-4,3,-1,-1,0,0
,0,-1,-1,1,0,1,-1,0
,-1,0,-1,-14,-3,-1,-2,1
,-1,-1,1,6,3,-1,-2,-2
,-1,0,3,10,-1,-1,-1,-1
,0,-1,0,-6,-1,0,2,-1
,0,0,-1,-2,1,0,-1,-2
,-1,-3,-1,2,-3,-1,1,-2
,0,-1,-1,-4,-1,0,1,-2
,-1,0,-1,5,1,-1,-2,0
,-2,-1,-4,0,-2,0,-1,-2
,-1,-1,-2,-1,-1,0,0,-1
,0,-1,-2,-2,-1,-1,0,0
,0,0,4,1,1,-2,0,0
,-1,-3,1,-2,-3,-1,-1,-1
,0,0,0,2,3,-2,1,-1
,-3,-1,-3,-1,-3,-1,1,-1
,1,-2,-2,-4,0,-1,0,-2
,-1,-1,-2,0,-1,0,-2,-1
,-1,1,1,0,-1,0,-2,-1
,0,-1,-3,-6,0,0,0,-1
,-2,1,2,-8,0,0,0,-2
,-1,0,-2,16,0,-1,0,0
,0,0,5,1,-1,0,0,0
,-1,0,-4,-4,0,0,0,-1
,-2,-1,-1,-2,-4,-2,-1,-2
,-1,-1,-1,-4,1,-1,0,0
,-1,0,-2,2,-1,-1,0,-1
,-1,-1,1,2,-2,-1,-3,-1
,-1,-3,-3,-4,-3,-3,-1,-1
,-2,-1,-3,-4,-4,-2,-1,-1
,1,-1,-4,1,2,0,1,0
,-1,2,4,0,0,-1,0,-2
,-2,0,0,1,-2,-2,-3,0
,-1,-1,-1,-5,0,0,-1,0
,-1,-3,-5,4,0,-1,-3,-2
,-2,1,1,-8,-2,-2,-2,0
,-1,1,-1,5,0,-2,0,-1
,0,-3,1,9,1,1,-1,0
,-3,-1,-3,-9,-3,-2,-2,-2
,0,-2,-2,-2,-2,0,0,1
,-1,-2,-3,-3,-2,0,-2,-2
,0,1,-2,-4,1,-1,0,0
,-1,-1,0,5,-1,0,-1,-2
,0,-1,3,3,0,-1,-3,-1
,-2,1,-2,0,3,0,0,-1
,-1,-1,-4,-5,-5,-2,-3,-2
,-1,-2,0,-2,-2,1,0,0
,-2,-1,-2,-1,0,-1,-1,-2
,0,0,-4,-1,-5,0,-2,0
,0,2,8,6,6,0,-1,0
,-2,0,-1,-2,-1,-1,-1,-1
,0,-2,0,2,-3,-1,0,-1
,-2,-2,-3,-11,-2,1,0,-2
,0,-2,-3,2,-2,-2,-2,-1
,-1,1,2,-3,-2,0,1,-1
,-1,0,-2,7,2,1,-1,-1
,-3,-1,1,-1,0,-1,-1,0
,0,-2,-2,-8,-2,0,1,-2
,0,1,0,-1,-4,-2,-1,-1
,-1,2,0,5,3,0,-2,-1
,0,0,1,5,0,0,-2,0
,-2,-1,-2,-4,-1,-2,0,1
,-2,0,-2,0,-1,0,0,0
,0,-2,-3,-5,-1,0,0,0
,-1,0,-2,1,-1,-2,-2,-1
,-1,2,5,3,1,-2,0,-1
,1,-2,-5,-7,-2,0,0,1
,-1,1,3,6,-2,1,1,-1
,0,-1,0,-3,-1,-1,0,-1
,-2,-2,-6,3,-1,0,0,-1
,-2,-1,-2,-17,-3,-1,-2,-1
,-1,-1,-1,5,1,-2,0,-1
,1,-2,1,8,1,-1,0,1
,-1,0,1,-3,-1,-2,1,-2
,-1,-1,-2,1,1,1,0,-1
,0,-1,-3,-9,-3,-2,-1,-1
,-1,-2,-1,-2,-3,-1,-1,0
,0,-2,-2,-1,-2,-2,0,-1
,-2,-2,1,-1,1,-1,-1,0
,-1,-3,-1,-1,0,0,0,-2
,-1,-1,-2,-1,-2,-2,0,-1
,-2,-2,-3,-2,0,-1,0,-1
,-2,-2,-4,2,0,-2,-2,0
,-1,-2,1,1,1,-1,-1,0
,0,-2,1,1,-2,1,0,-1
,0,0,-1,-4,-2,0,0,0
,-1,-1,-2,4,2,0,1,-1
,0,-2,-4,-5,-2,-4,-1,0
,-1,-2,1,0,1,1,0,1
,-1,-1,0,0,1,-1,-3,-1
,1,0,-1,1,-1,-2,0,-1
,0,-2,-3,0,-1,-1,-1,0
,0,2,-1,-3,-3,-1,0,0
,-1,-1,0,0,0,0,1,-1
,0,-1,0,3,1,-3,0,0
,0,-2,-5,-18,-3,-2,0,-2
,-1,-1,-2,13,2,-1,-2,-1
,0,0,6,4,1,2,-2,0
,-2,-1,1,2,-3,0,-1,-1
,-1,-1,-4,0,0,0,0,-1
,1,0,-1,-8,-2,-1,0,-1
,0,0,-5,-2,-4,0,-2,-1
,0,0,0,-2,-1,0,0,-1
,-2,0,0,-1,0,-1,0,-1
,-1,-1,0,-3,1,1,-1,-2
,-1,-1,-1,2,-2,-1,-1,-1
,1,-1,0,-2,-2,-1,-2,-3
,0,1,-2,2,0,-1,-1,0
,-2,-1,-4,-10,0,0,0,-1
,-1,-1,2,2,-1,0,0,0
,-1,0,3,3,2,0,-1,-1
,-1,-1,-2,-2,-2,-1,0,1
,0,-1,-1,-4,2,-3,-2,-1
,1,-1,-3,3,0,-2,1,-1
,-1,0,4,-7,-4,1,0,0
,-1,-2,1,7,1,1,-1,0
,-3,0,-2,-3,-3,-1,1,0
,-1,-1,-5,-9,-2,-1,-2,-2
,0,0,-1,6,3,0,0,0
,-1,-2,1,-2,-1,-2,-2,-1
,0,-1,-3,2,-2,-2,-1,-1
,0,-1,-1,-3,1,-1,-1,-1
,-2,0,-3,-1,-2,-1,-2,0
,-2,0,1,1,-2,1,-2,-1
,0,-2,-2,2,-1,-1,0,-2
,-1,-1,-3,-8,-2,-1,-1,0
,0,-3,-2,-1,-1,-1,0,-1
,2,0,4,8,1,1,-1,1
,-2,-2,0,0,-2,-1,-1,-1
,-2,-4,-3,-14,-5,0,1,0
,-2,-2,-6,6,-1,-2,0,-1
,0,0,1,1,1,1,0,-2
,1,2,2,13,2,0,-1,-1
,-1,1,1,-3,1,0,-1,-1
,-2,-3,-5,-6,-3,-2,-1,-1
,0,-1,-3,-4,-2,-3,-1,0
,-1,-1,-3,-5,-1,-1,-2,-1
,1,-2,0,2,-2,-2,-1,0
,-1,-1,1,-2,-2,0,-1,0
,-1,0,-5,-2,-3,-2,-1,0
,0,2,3,2,0,0,-1,0
,-2,-4,-3,3,-1,1,-1,0
,-1,-1,1,-1,1,0,-1,0
,0,-2,-2,-7,-1,-1,-2,-1
,-1,-1,-1,0,-4,-1,0,0
,0,2,0,-3,-2,-1,-2,-1
,-1,-1,1,1,4,-2,-2,0
,-1,-2,-1,7,-2,0,-2,0
,0,-1,0,-4,-2,0,-2,1
,0,1,0,9,3,-2,0,-2
,-1,-1,-4,-10,-5,0,0,-1
,-3,-1,-2,-3,0,0,-1,-1
,-3,-2,-2,-2,-2,0,-2,-2
,0,-3,-1,-7,-1,-2,-2,0
,-1,0,-1,1,-2,-1,-1,-1
,0,0,7,7,2,-1,-1,-1
,-2,0,-2,-1,0,-1,0,0
,-2,-2,-2,0,0,-1,0,0
,-1,-1,-2,-3,-1,-2,-2,-1
,0,-2,-4,-3,-3,-1,-1,-1
,-1,-4,-1,-7,-1,0,1,0
,1,1,0,2,1,1,-2,0
,0,-1,1,3,-1,-2,1,-1
,-2,1,0,-3,0,4,0,0
,1,4,0,-3,-3,-2,0,-2
,-1,-4,-1,2,0,0,0,-1
,-1,-1,0,-3,-3,-3,-1,0
,-1,-1,0,2,-1,-20,-1,-3
,-1,-1,-3,-3,5,36,1,0
,-1,2,-2,2,-3,-6,1,0
,0,1,3,-2,-1,6,0,-1
,-1,2,0,-4,-2,-9,-3,-2
,-3,-3,-5,-1,-1,-11,-1,-1
,1,-1,1,-1,0,0,0,0
,-3,-10,-4,-11,-2,-1,-1,-2
,0,-1,0,12,0,5,1,0
,0,0,0,-1,-2,-21,-3,-1
,-1,17,4,-1,-2,27,1,-1
,-3,-20,-6,-3,0,-11,-3,-1
,0,4,1,-8,-1,7,-1,-1
,0,1,2,6,3,-6,3,0
,-1,-4,-3,-1,-3,-11,-3,-1
,-1,1,-2,-5,-2,4,0,1
,0,-5,-6,-3,-2,3,-1,-1
,0,2,3,6,1,-1,-1,0
,-1,1,1,-3,-3,-3,2,0
,0,29,7,6,0,4,0,-1
,-1,-32,-6,-8,1,-1,-1,-1
,1,2,-3,3,-4,-1,4,1
,-3,-5,-1,-8,0,-1,-7,-6
,2,0,-2,9,-1,-1,0,0
,0,14,4,1,-1,-1,0,1
,-1,-2,-3,-7,0,0,1,1
,1,-8,-3,1,0,-9,-1,1
,-1,2,-1,-1,-1,10,-1,0
,-3,5,0,-1,0,7,0,-1
,-1,-8,-2,-1,-3,1,1,0
,-1,1,-4,-5,-3,-3,0,2
,0,0,-2,3,5,-11,-2,-3
,0,-1,0,-3,-5,-3,-1,-3
,-1,0,-1,2,3,2,-2,-1
,-3,-7,-3,1,-1,-7,0,0
,-2,-1,-1,-6,-3,0,0,1
,-2,0,-1,0,0,0,1,0
,-1,2,0,-2,-3,-4,-4,-2
,0,-2,-1,-1,-1,-1,-2,-1
,1,-2,0,2,-1,-1,0,-1
,-1,-4,-5,-2,-2,1,0,1
,-1,1,-2,-1,-6,-2,-3,-3
,-1,-3,-1,-7,1,0,0,1
,1,-2,-2,9,-3,1,2,0
,0,5,2,-3,2,-4,-2,-1
,0,-4,-1,2,0,0,-2,0
,0,-3,2,1,-2,1,0,-3
,-2,1,0,-6,-6,-3,-1,0
,-1,-1,-4,-4,-2,-2,-1,0
,-3,-5,-2,3,6,1,-1,0
,-1,4,-1,0,-1,1,0,0
,-1,-4,-1,-4,0,-2,-2,-1
,0,1,0,2,-3,0,0,-1
,-1,-2,-3,-6,-4,-1,-2,-1
,-2,2,-2,4,1,-1,-2,-1
,-1,-2,0,3,0,1,0,-2
,-1,-1,-3,-11,-2,0,-1,0
,0,0,-1,8,1,-1,-1,-3
,-1,1,2,6,1,1,-1,1
,-1,-2,0,-2,-2,-1,0,0
,0,0,0,0,-1,-2,0,-1
,-2,-1,1,-9,-5,-3,-1,-1
,0,-1,-2,4,1,-1,-1,-1
,2,-1,-1,-2,-1,0,-1,1
,0,0,1,2,2,1,0,-1
,-1,-1,0,0,-3,0,-1,1
,-1,-2,0,3,-1,0,0,0
,-3,0,-1,-6,-2,-1,-2,-1
,-1,-1,0,-1,-3,-2,-2,0
,0,-2,-2,-3,-3,-1,-1,-1
,-2,-2,-1,-3,2,-1,-2,-1
,-2,-1,2,9,-1,-1,0,-2
,0,2,-3,-4,-1,-1,0,0
,-1,-2,1,0,-2,0,-1,-1
,-1,-1,-4,-2,-1,-1,-1,-1
,-1,-1,0,-3,-1,-2,-2,-2
,-1,-1,0,4,2,0,-2,-1
,-1,0,-1,-2,-2,-2,-1,-1
,2,-2,0,2,0,0,0,0
,-1,-2,0,0,-2,0,-1,1
,-1,0,-1,-1,-2,-1,-1,1
,-1,-1,-2,-3,-1,-1,0,-2
,-3,1,1,1,-3,-1,-2,-2
,0,-1,1,-10,1,0,-1,0
,0,-1,-1,12,-2,-1,-1,-1
,-2,-1,1,-7,0,-1,0,0
,0,-2,-3,0,-3,0,-1,-1
,0,-2,-8,-7,-1,-2,0,-2
,0,-1,4,1,-1,2,1,0
,-1,0,2,5,2,-1,-1,0
,-1,-1,0,-1,-2,-1,1,-1
,0,-1,-3,-2,3,-1,-1,-2
,-2,-2,-2,-2,-1,-2,1,-1
,-1,0,-1,0,-2,-1,-1,0
,-2,-4,1,-4,-2,-2,0,-1
,-1,0,-2,-1,3,-2,-1,0
,0,-3,-1,3,0,-1,0,0
,1,-1,-2,1,-1,-1,-2,-1
,1,1,2,2,0,-2,-1,0
,-9,-1,-4,-1,-2,-2,0,-2
,2,3,-1,-17,-2,-2,-1,-1
,6,-1,0,12,0,-1,-1,-1
,-10,0,1,-1,0,-2,-1,-3
,2,-1,-3,0,0,1,-1,1
,4,-1,0,1,-4,-1,-1,-1
,-6,-1,-3,-9,-4,-1,0,-2
,-2,0,-4,-1,1,-1,-1,-1
,6,1,5,6,0,1,0,-1
,-5,-2,-2,-7,0,-1,-2,-1
,-5,0,0,4,1,-2,0,-2
,6,-1,-5,-1,-2,-1,-1,0
,0,-2,-3,2,-2,-2,0,0
,-7,-2,1,1,0,-1,-2,-3
,-1,0,-2,-6,-1,-2,-2,-1
,4,-1,-1,0,-2,-1,-3,0
,-1,0,-3,0,0,-1,-1,-1
,-2,-2,-4,-11,0,-2,1,-2
,2,0,0,10,-2,0,-2,-1
,-3,-1,4,0,0,2,0,0
,-3,0,-1,-4,-3,-1,0,-1
,2,0,-2,1,-3,0,0,0
,-1,-2,0,-7,2,-1,0,0
,-3,-1,-5,-4,-1,-3,-1,-1
,2,-2,8,4,-3,-1,-1,-1
,0,0,-2,-1,0,0,-1,0
,-4,-1,-6,-4,-1,-2,1,-1
,0,-3,0,-2,-2,0,-1,-1
,2,0,-2,1,0,-1,-1,-1
,-2,-1,1,3,2,0,-1,-1
,0,1,5,-4,0,-1,0,1
,3,-1,-4,9,-2,0,1,0
,-3,-1,1,-11,-4,-2,1,-1
,-1,-2,-4,-2,-2,-1,0,-1
,1,-2,-2,-7,0,-1,-1,-1
,-1,0,2,-7,-3,-1,2,-1
,-4,-4,1,9,1,-2,-1,0
,1,0,2,5,1,-2,-1,-1
,0,1,-3,-5,-2,-1,0,-1
,-1,-1,0,-9,-3,0,-1,0
,0,-1,-2,3,2,0,-3,-1
,-1,-1,-1,2,-1,1,0,0
,0,-1,0,-3,-1,1,1,-1
,-2,-1,-3,-1,-1,0,0,0
,0,-3,1,2,-1,0,0,0
,-2,1,-4,-9,1,-1,-1,0
,-2,0,-3,14,-2,0,-3,-1
,1,-1,1,-6,-1,-2,0,-1
,-2,0,2,-7,-1,0,-1,-1
,0,-3,0,7,-2,0,0,-2
,0,-1,-1,-1,0,1,-1,0
,-1,-1,-3,-1,2,-1,-2,-1
,-1,0,-2,0,-3,-1,-1,-2
,-3,0,-3,-2,-1,-1,-2,0
,0,-2,0,-7,-3,2,0,-3
,-1,1,-2,6,2,0,-3,0
,-2,-2,-3,-6,-2,0,0,0
,2,-1,1,2,-1,-2,-1,0
,0,-1,0,0,0,-1,1,1
,-2,-3,-3,-1,-2,-4,-2,-1
,1,0,0,2,-1,-2,0,-1
,-1,1,0,4,0,-2,-2,-2
,-3,-3,-4,-8,0,-1,0,-1
,0,0,-4,-7,-1,0,-1,-1
,-1,0,3,10,0,0,-1,-2
,-1,-2,1,-2,0,0,-1,1
,-1,-1,-5,-2,0,-2,-1,0
,0,0,5,7,1,0,-1,-1
,-2,-2,0,-7,-2,-1,-2,-1
,-2,-1,-4,-2,-2,1,1,-1
,1,1,-2,-2,-3,0,-1,-2
,0,0,-1,0,2,0,-2,-1
,-4,-1,-2,-1,-1,0,0,0
,-1,-1,2,0,-2,-3,-1,-1
,0,-2,-3,0,-1,-1,0,0
,-1,-1,-2,-1,-3,-1,0,-1
,-1,-1,-2,-2,0,0,0,0
,1,0,-2,-2,1,0,0,0
,-2,-1,0,1,0,-2,-3,-1
,-1,-1,0,-9,-3,0,-1,-2
,0,1,0,8,0,1,1,-1
,0,-1,-5,-3,-1,-1,0,0
,0,0,4,-3,1,-2,-2,-1
,-2,-2,3,12,0,1,0,-3
,-1,0,-4,-9,-2,-2,-3,-2
,-2,0,-2,0,-4,-2,0,-2
,-1,-1,-1,1,-1,-1,0,0
,1,-1,-1,-3,1,-2,-1,1
,0,-2,-2,-1,-1,-1,1,0
,-2,0,1,-2,-1,-2,0,0
,0,-1,0,-2,-3,-1,-1,-1
,-2,-1,-2,-1,-3,-2,0,-1
,-2,0,-2,1,0,0,-1,0
,0,0,4,2,5,0,0,-1
,0,-2,0,0,-3,0,-1,0
,-2,-3,0,3,-2,0,-1,0
,-2,-1,-7,-8,-3,-1,-2,0
,0,-2,0,3,-2,-1,-1,0
,-1,0,0,3,0,-1,-1,1
,-2,1,-5,-8,-1,-1,0,-1
,1,-1,4,4,0,-3,1,1
,-2,-2,1,-8,1,1,-1,1
,-2,-2,-2,10,-1,-1,1,-2
,0,0,0,-4,-2,0,-1,0
,1,0,-6,-3,0,-1,0,-1
,-2,0,-3,0,0,-2,-3,0
,-2,1,-2,-5,0,-2,3,1
,1,14,1,-2,-1,-1,0,0
,-3,-24,-3,1,0,0,-1,0
,1,-6,-1,1,1,2,-1,1
,1,5,2,-4,-1,-1,0,-2
,0,-11,-4,0,1,-1,4,-1
,-1,19,3,3,-2,-2,-2,-1
,-2,9,2,1,0,2,-2,-3
,-5,-29,-7,2,-6,-4,4,-1
,-2,7,-1,-4,-3,-4,-14,-4
,2,8,-1,-3,2,-1,-4,0
,4,18,1,1,0,1,1,0
,-4,-13,2,-1,1,0,-5,-2
,-10,-21,3,3,0,7,22,-1
,-10,-28,-9,-5,-3,-8,-29,-7
,22,25,-3,-3,-9,-2,-8,3
,-11,-16,-1,-9,-6,-3,14,0
,2,17,-3,-2,8,0,-18,-4
,-28,-23,3,7,-2,3,13,-3
,3,-13,1,-2,1,-2,-12,-1
,-3,-1,0,-2,-3,5,30,-1
,0,8,2,1,-2,-3,-40,-4
,17,34,-4,-4,2,-3,19,18
,-13,-50,-2,2,2,0,-14,-5
,7,36,-3,-3,-6,-11,-10,-1
,7,-5,1,3,1,9,60,7
,-4,19,-1,-8,4,-4,-71,-17
,1,7,-2,-1,0,1,19,3
,5,2,-1,-4,10,7,1,3
,-16,-22,-3,5,-15,-6,8,-3
,8,-9,4,1,5,-3,11,6
,0,-10,-3,-2,2,10,2,0
,-13,-32,-6,0,0,-3,-21,-9
,2,18,-1,0,0,-4,11,4
,14,-15,1,-7,-19,-4,-11,-2
,-25,18,0,4,0,0,-12,-7
,13,-13,6,-4,5,-1,10,7
,2,-2,-9,11,0,1,-3,-2
,-1,-2,4,-1,23,5,16,1
,5,13,5,-1,-5,-6,-3,0
,-2,6,1,3,-4,1,-7,-3
,9,20,0,-9,-8,-7,-7,2
,-19,-52,-8,-4,-9,0,5,-4
,-1,6,-1,-1,1,-3,6,1
,3,14,-4,4,4,1,-6,1
,0,-2,7,-2,2,-2,-1,1
,1,10,-2,0,-3,-1,4,-2
,2,6,-2,-6,-5,-2,7,1
,5,10,-2,1,14,2,-17,-3
,-11,-15,0,-4,2,0,-4,-2
,4,18,0,-1,-3,0,11,0
,-2,-12,-5,-4,-3,-4,6,-1
,0,8,2,4,-7,-2,-4,1
,3,-7,-1,1,1,-2,-6,0
,3,-3,-1,0,-6,2,7,-1
,-6,0,-1,-7,11,-1,-5,-2
,-3,-2,-4,3,-7,1,3,-1
,9,15,4,5,0,-4,-9,0
,-19,-46,-1,-6,-5,0,3,-1
,11,13,-5,3,2,-2,6,2
,-12,8,2,-4,-6,1,-9,-7
,-3,-26,-7,-7,-2,-6,-5,-1
,7,23,2,1,-4,2,9,3
,-4,-4,0,-3,0,-3,0,-4
,-5,1,-7,1,-9,-2,-3,-2
,7,1,2,-4,-8,4,-20,-3
,-1,9,0,-2,-6,-4,1,-1
,-3,-18,-6,2,2,-2,10,2
,12,21,-1,-2,-2,-4,-13,-4
,-22,-27,0,-1,-5,-3,4,-1
,2,7,-4,-2,-5,0,-2,-3
,8,33,2,3,1,2,0,2
,3,-4,2,2,16,0,3,1
,-2,-2,1,-5,-1,2,2,-1
,13,39,4,2,-12,1,1,1
,-16,-74,-4,1,-10,-8,-6,-5
,2,6,-7,-2,4,2,5,5
,-6,-10,-3,-11,17,6,-2,-2
,0,20,0,13,20,0,5,-1
,0,4,2,0,-33,-4,7,-1
,6,9,0,0,16,-2,-15,0
,6,9,0,-1,-8,-2,1,0
,-6,-2,-1,-5,-16,2,-2,-3
,13,13,0,1,11,0,-2,3
,-18,-19,-5,-2,-7,-2,5,0
,-4,23,-7,-2,-4,-4,0,0
,-6,-52,-3,-1,3,-1,-5,-3
,11,54,12,5,1,4,1,2
,-6,-30,-5,-5,-3,-5,3,-1
,2,9,0,-1,-4,-3,-4,0
,1,4,-1,-2,-7,-4,1,-1
,-6,-14,-2,0,25,6,-2,-1
,2,19,4,-9,-17,-2,1,0
,1,-18,-3,12,-1,-1,2,-2
,-7,-22,1,-5,44,0,2,-1
,3,-2,-3,0,-13,-2,-2,-3
,1,-13,0,3,11,5,-1,0
,-1,13,2,-1,-6,-2,4,1
,-1,15,4,4,-16,-2,-2,1
,-1,-9,-4,-12,-1,-4,-7,-2
,1,12,-1,-1,-4,-2,8,2
,3,-5,3,6,6,0,-2,1
,0,5,-1,-3,4,-3,1,0
,-8,-24,-2,-1,1,-1,-5,-3
,3,19,2,1,-6,3,1,0
,1,-6,-2,-2,2,-1,-1,-2
,0,-4,-2,0,-3,1,-1,2
,-6,1,0,-3,-1,-1,-3,-2
,-1,-13,2,0,-5,0,2,0
,-2,1,1,1,2,-1,-1,-2
,5,9,-1,-3,-4,0,1,0
,-8,-26,-6,-8,0,1,-2,-1
,-1,1,1,12,3,-5,-1,-2
,2,12,1,-3,1,3,1,-1
,-1,-1,1,-2,-5,0,-3,-1
,0,-1,0,-2,-2,-3,-1,-1
,-5,-8,0,-4,-2,0,-2,-1
,2,-4,0,6,-1,-1,-1,-1
,2,0,0,-1,-1,-1,-2,-1
,0,13,-2,-1,0,0,-1,-2
,1,1,0,-3,-3,0,1,-1
,-1,-3,-5,-2,1,-2,-1,-1
,-1,3,-4,-6,-2,1,-2,0
,-1,0,2,3,-2,1,1,-1
,-1,-9,5,9,2,0,0,-2
,-1,3,-4,-8,-3,-2,0,1
,1,7,0,0,-3,-2,0,-2
,1,0,-5,-12,1,-2,1,0
,-5,-5,-1,7,-2,-1,-1,-3
,-3,-6,3,-2,0,0,-1,-1
,-2,0,2,5,2,-1,-1,-1
,0,1,0,2,-3,-2,0,-2
,2,0,-4,-11,-3,-2,-2,-2
,-3,-8,-5,-3,-3,0,-2,0
,2,9,-7,-4,-3,-1,-2,-2
,-3,-4,2,-1,-1,-2,-1,1
,0,1,6,4,2,0,0,0
,0,-6,-1,3,0,0,-1,0
,-1,-5,-1,-5,-1,-1,0,-1
,-1,1,-4,9,0,-1,-2,-1
,0,1,-2,-7,-4,-3,-1,0
,1,0,2,-2,2,-1,0,-1
,1,-5,1,5,-1,-1,0,1
,-4,-3,-6,-11,-2,-2,-2,0
,4,4,-2,10,-3,0,-2,0
,0,1,5,-1,0,1,-1,-1
,-3,-2,3,0,1,-2,-1,0
,0,-7,0,3,-1,1,-2,0
,2,2,-3,-7,-3,0,0,-1
,1,10,-7,-3,-2,-1,0,1
,-2,-8,-5,1,0,0,-1,-1
,4,13,3,3,0,-1,0,1
,-4,-8,0,-5,1,2,0,2
,-2,-8,-3,-3,0,-2,0,-1
,0,3,-2,0,-2,0,0,-1
,-2,-7,-1,4,2,1,1,0
,-4,-6,0,-5,-1,0,-2,-3
,3,3,-2,-2,-2,-4,-1,0
,2,0,1,1,0,0,0,0
,-5,2,-6,-2,-1,-2,-1,-2
,3,4,1,-5,0,3,0,0
,-4,-6,-4,-2,-5,-4,-2,-2
,-4,-3,0,2,3,0,5,0
,0,0,6,2,1,0,-1,-1
,-2,2,0,1,-2,-3,0,-2
,-3,-4,-4,-11,-1,0,-3,-1
,0,10,-6,9,-1,-1,-4,-2
,2,5,4,-7,0,0,1,0
,-3,-13,1,3,-1,0,0,0
,0,8,-3,1,0,1,0,-1
,-3,-11,0,-5,-2,0,0,0
,0,0,-3,4,0,1,-1,-1
,3,0,-2,-4,-1,-3,-3,-1
,-4,-1,-1,-1,-1,-1,-1,-1
,0,0,-1,-3,-1,-1,-2,-1
,-4,-6,0,3,-1,-1,-2,-1
,-2,-2,-1,-4,0,-1,-1,1
,0,-1,-3,2,0,1,1,-1
,-1,2,-1,-2,-2,-1,-1,0
,-1,0,-1,-4,-2,0,0,-1
,-2,2,-1,0,0,-2,-1,0
,1,-1,2,1,0,1,-1,-2
,-3,4,-1,-6,-3,-1,-2,-2
,-2,1,-5,-1,-1,-4,-2,-2
,0,-2,-2,-2,0,-2,1,0
,-2,3,1,-1,-3,0,-1,-1
,0,-4,2,6,4,0,-3,-3
,0,-6,2,0,-4,0,0,-2
,2,3,-2,1,0,-2,-1,0
,-2,6,-3,-1,2,1,1,-1
,-5,-22,-1,-7,-2,-2,-1,-1
,2,6,-2,3,-2,1,-3,-1
,-6,-4,0,-3,1,-2,-1,-2
,-3,-12,1,2,-1,-1,1,0
,4,11,-2,2,-2,-3,0,1
,-1,-1,-5,-14,-2,1,2,-1
,-7,-14,-1,8,-8,-6,6,-3
,3,-6,3,6,-12,-7,-8,0
,-1,5,-4,0,24,15,-5,-2
,5,10,-2,-4,-12,-13,-3,-1
,-7,-31,-4,-5,7,9,-2,-3
,4,31,1,3,-10,-11,9,3
,2,25,3,-3,-18,-7,1,-1
,-12,-28,-3,0,26,6,-2,-3
,-2,-26,-6,-3,7,3,0,-1
,8,-7,1,1,7,1,5,3
,-2,21,-2,-9,-16,-2,-8,-6
,10,33,-1,6,-3,-2,-6,1
,-4,-2,7,1,-8,-13,-3,0
,-7,7,-2,-2,-4,5,1,-4
,1,-29,-2,5,32,6,2,3
,7,26,-4,-3,-8,-6,3,1
,-11,-18,-6,-6,-42,-11,-6,-3
,14,20,5,-4,10,6,-6,0
,-12,-11,-3,0,-9,13,7,0
,-7,-19,1,2,22,-9,0,-2
,3,26,-4,-5,-11,-2,-5,-3
,-5,-10,2,5,36,6,5,0
,2,-7,0,-1,-30,-7,0,1
,-1,-17,-2,-7,-25,-1,-2,0
,6,13,2,-4,31,12,-6,-2
,-7,-7,-3,-5,-49,-23,-4,-7
,-2,7,-2,0,-11,-30,-2,-3
,1,-5,3,4,13,20,3,0
,-2,5,0,2,3,17,6,2
,2,-8,-4,1,45,4,-4,-1
,3,0,-2,3,1,4,1,1
,-1,4,2,-5,-33,-24,1,0
,-6,-18,-3,-1,7,-3,-2,1
,2,-4,-2,-3,11,17,-3,-2
,13,13,4,5,19,9,3,1
,-8,-9,-2,-1,-11,5,-2,-3
,8,27,-2,1,47,22,3,2
,-1,-5,1,0,-32,-12,-2,-2
,-7,-6,-4,-2,5,-7,-6,-4
,-5,6,-3,6,52,15,4,2
,6,5,4,-1,-27,-17,-5,-2
,-8,-18,-4,-4,-31,-10,-2,-3
,-1,3,4,-1,31,16,4,1
,4,17,-1,0,-9,-8,-3,-2
,2,-30,-5,-2,-22,-5,-3,-2
,-11,-3,-3,-3,33,-3,1,0
,1,6,0,-3,-19,-7,-1,-1
,-3,7,0,8,14,8,0,0
,-2,-14,-1,-3,20,6,0,-2
,1,19,2,-2,-4,-7,-3,1
,0,-28,-1,-1,-30,-3,0,1
,4,15,-1,-10,-41,5,-3,0
,-9,-15,-2,1,30,-29,1,-6
,1,9,0,5,-11,9,-5,1
,-3,-9,-1,-3,-7,-5,2,-2
,1,-1,5,6,-7,-4,10,4
,-2,9,-2,-5,-45,-11,-14,-7
,2,-4,-2,1,29,18,9,4
,-5,3,-4,-5,-1,-8,-5,-4
,4,17,1,-3,-2,-2,-2,-1
,4,26,-3,-4,-23,-10,6,4
,-8,-41,-9,-6,-36,-7,6,-1
,-5,-7,3,7,41,14,-18,-1
,-4,-24,-3,-4,2,-14,10,-4
,7,26,3,2,0,-4,-2,12
,-9,-43,-4,0,1,13,-6,-7
,0,1,-4,-9,-10,-16,6,4
,-3,-17,-2,5,-5,18,-4,-1
,0,13,5,8,47,14,13,-2
,4,7,-3,-10,-26,-13,-6,4
,-1,-6,1,4,22,7,-19,-1
,2,26,2,0,6,-5,-3,0
,0,-14,-4,-2,-14,7,-1,0
,-3,0,-1,-4,-4,-5,-4,-2
,1,11,3,2,-22,-11,8,-3
,-3,-33,-2,4,3,-2,-4,4
,-5,-8,-1,-4,-11,12,-2,-1
,4,21,-4,-1,14,-17,0,-2
,6,-1,0,4,16,15,9,3
,-4,11,-3,-6,-16,-4,-4,-3
,1,-12,-1,1,-6,3,0,0
,2,-3,-1,4,-1,4,-5,-2
,-10,3,-1,-11,-44,-7,1,-7
,4,-8,0,6,48,6,2,3
,4,12,-3,-7,-18,-10,-8,-2
,0,22,2,2,16,8,5,-1
,4,-4,-1,-2,-9,-2,-1,-1
,-5,-22,-3,-4,-21,-7,-4,-4
,1,15,-1,0,-3,0,3,0
,3,10,0,3,11,1,-1,1
,-3,-12,0,2,3,-2,4,-2
,5,8,2,-1,-2,0,-2,1
,-8,-20,-3,1,7,2,1,-1
,-4,9,-1,-4,-7,1,-2,-1
,1,-4,-6,-1,1,-3,1,2
,-3,-3,1,0,-5,-5,0,0
,5,24,2,0,-6,-1,-2,0
,-3,-62,-3,2,-4,-3,0,-1
,2,15,-3,-7,0,-4,-2,-2
,-1,3,-3,-3,-2,-1,-2,-2
,-1,9,0,1,-8,-5,-2,-1
,-4,-10,0,0,13,5,1,-2
,3,8,-2,2,7,0,2,2
,-4,-11,-1,-1,-13,1,-1,-1
,-3,-19,-5,-1,4,-3,0,-1
,1,21,3,0,-4,0,-2,0
,2,21,-2,-5,-5,-2,-1,0
,-4,-18,0,5,6,-3,3,0
,-1,-1,-2,-2,-4,-1,1,-1
,6,20,3,1,-4,0,0,1
,-5,-16,0,-2,0,0,-2,-1
,-6,-20,-7,-8,-3,0,-3,-3
,2,8,2,4,5,1,1,1
,-2,-4,0,2,0,-1,0,0
,1,1,-1,-1,-3,0,3,0
,6,8,0,-4,-2,-2,-3,1
,-8,-39,-2,1,6,1,-1,0
,2,24,1,0,-2,-3,-2,-2
,-2,-3,-2,2,-2,0,0,-1
,-1,10,-2,-6,0,1,-2,-2
,1,-9,0,-4,-2,-2,1,-1
,2,20,-1,-7,-9,-1,-1,0
,-11,-42,-3,7,5,1,0,-1
,-2,8,-1,2,-1,0,-1,-2
,7,10,1,-3,1,-3,-1,0
,-1,-8,-2,2,-3,1,1,1
,1,16,2,-1,0,-2,0,0
,-5,-22,-5,-3,-1,-1,-1,-2
,1,11,0,-2,-1,0,-1,-1
,-4,-14,-1,-3,2,0,1,0
,7,19,0,3,1,-1,-1,2
,-1,-2,0,2,-3,-1,0,0
,5,20,1,-4,-2,0,0,2
,-10,-44,-7,-4,0,-1,-2,-2
,-2,7,-2,1,-4,-1,-2,-1
,2,-9,-1,-1,1,0,-1,-1
,-2,6,-1,3,-2,-3,-1,-2
,8,27,4,2,3,0,0,0
,-9,-20,-3,-4,-5,-1,-3,-2
,2,-5,-1,0,-1,-1,0,-3
,-3,2,-1,-2,0,2,1,-1
,3,5,1,4,-3,-2,-3,-1
,-7,-14,-3,-1,2,-2,0,-1
,-2,-12,0,-9,-10,-7,-2,0
,2,6,-1,3,-6,-1,-6,-1
,-4,-23,-1,2,13,-3,4,-2
,3,12,1,-2,-14,1,4,0
,-1,4,0,-1,-13,3,0,3
,1,-4,-1,0,26,-7,9,-4
,-2,2,-1,-7,-39,-14,-26,-2
,0,-3,-1,-3,-4,8,5,2
,1,6,1,7,19,0,17,0
,2,2,2,5,29,7,-30,3
,4,10,0,-8,-32,-8,4,-4
,-1,-10,-3,-4,-39,-14,54,10
,0,3,-3,-2,3,10,-29,-18
,0,-1,2,8,13,18,-3,25
,-6,14,-4,-8,-38,-38,-20,-20
,-6,-45,-7,-3,-33,25,-12,-12
,8,40,2,-4,-3,9,35,10
,-2,-7,-3,-6,-16,26,39,-16
,11,12,3,14,82,15,26,26
,0,-2,5,3,-18,-41,-58,-7
,-2,-16,-3,9,14,-22,34,-1
,-2,-1,-1,-2,59,-59,-62,3
,-11,-9,-5,6,39,105,51,-6
,6,11,0,-8,19,-55,65,0
,-7,-6,-2,-6,-24,-21,-22,2
,5,-24,-1,-4,-11,9,-51,16
,3,15,1,4,-46,-57,-45,-26
,-4,21,-2,-5,14,98,56,10
,-11,-12,2,-15,-9,-31,-20,4
,-6,5,-2,-5,-91,-34,78,-18
,10,-27,0,3,13,25,6,55
,3,14,4,10,100,14,-60,-3
,4,26,1,13,-5,-58,-3,-17
,3,10,-11,-19,-95,42,74,11
,9,-12,10,17,95,64,-14,-5
,-3,13,-5,-1,-101,-78,31,34
,4,-13,-1,-16,20,-5,93,-11
,9,24,11,28,127,78,43,14
,-14,37,6,-9,-114,-94,-87,-36
,10,11,-1,-13,7,65,-104,47
,-7,-4,-5,3,12,-83,-3,-3
,-9,-8,-1,-2,-56,32,52,-45
,10,46,1,-6,-10,-5,-35,17
,-24,-64,-5,5,120,-1,-38,-36
,-11,-16,-6,5,-38,21,65,-6
,-3,-9,-10,-27,-85,-25,114,-19
,11,38,7,3,49,-42,-59,28
,-3,-14,-1,0,-3,-42,7,-14
,8,30,7,0,-28,5,-54,3
,-16,-40,1,7,28,-2,-34,-18
,-18,-46,-20,-10,-63,6,125,-9
,11,14,9,14,76,5,22,-55
,-1,-31,0,-5,-21,8,-56,15
,7,52,7,21,22,11,-37,-4
,-11,-49,-13,-18,-24,56,68,-35
,-5,38,-4,-8,-99,-87,89,12
,8,-22,-3,7,80,127,16,20
,6,-1,6,2,-80,-128,-128,63
,9,-11,1,21,95,91,61,32
,-3,-55,-3,-4,-71,-11,31,19
,3,68,1,-4,5,9,-18,-6
,4,15,-2,-14,-23,-78,64,-2
,-2,-20,-1,-2,-21,5,3,-6
,8,1,1,-2,-12,-9,-54,0
,-1,-6,1,15,20,-12,3,18
,-8,-10,-7,-11,-16,29,2,-30
,12,-10,2,4,-12,-44,4,37
,5,40,-3,-3,52,66,96,8
,-14,-48,0,-14,-33,50,-64,-15
,-18,-25,-6,-3,17,-38,8,-33
,-5,-1,0,-15,-100,-110,-59,-9
,13,47,-1,-3,15,-63,53,8
,-5,-12,-4,-1,-43,-11,71,-28
,8,1,3,-5,-41,21,-123,41
,-6,-14,2,-5,41,2,38,23
,-6,-29,-4,7,-66,-3,-32,-14
,7,25,0,9,-23,-8,20,11
,-8,6,-4,-6,-33,-61,78,-7
,-13,-9,-12,-15,-24,-93,-71,-39
,-11,3,2,3,-57,-31,-64,-33
,24,23,7,11,94,28,67,41
,6,-37,-11,1,-15,127,-85,61
,1,40,11,18,40,16,17,-14
,6,-5,3,-3,7,40,-37,14
,-20,-14,-9,-23,-39,-75,-71,-18
,8,5,4,15,39,-42,74,0
,3,1,-3,-10,-8,-72,-60,-7
,-10,-8,1,3,19,71,-9,-24
,5,4,-3,5,-12,98,-52,35
,-4,10,-5,-17,-36,-64,-52,-19
,-4,-28,2,11,33,6,38,7
,5,28,6,7,1,61,-2,7
,-14,-6,-4,7,49,-81,88,-38
,5,-5,1,3,12,-49,-3,-10
,-12,2,-3,-15,7,37,-69,18
,10,-13,3,-14,-43,25,-11,-3
,4,25,-2,8,-26,-9,27,3
,-19,-33,1,24,83,-8,55,11
,-9,-3,-13,6,49,95,-26,-23
,-4,-21,-4,-9,-58,-79,16,-4
,10,7,-3,-22,-80,-59,-53,2
,4,26,7,6,62,87,4,8
,-2,-62,-2,-1,-35,-69,-55,-41
,-13,13,-10,-10,-16,-16,0,-6
,-3,-9,-3,2,60,-79,-22,-5
,14,52,10,6,-6,125,-3,11
,-4,-65,-12,-20,-60,-53,37,45
,-7,-11,4,2,5,24,-60,6
,6,12,-8,-1,-35,-92,-37,13
,3,-2,-9,-14,-59,-20,9,-32
,-7,2,7,6,14,61,52,-3
,8,13,-5,5,19,-21,91,1
,11,17,9,5,-23,98,-81,39
,-10,5,-8,-10,9,-5,10,-9
,13,16,6,13,6,-42,1,0
,-15,-37,-8,-3,52,-82,-31,-47
,-12,-12,4,-4,-49,105,127,-49
,-3,-3,0,-5,18,-22,20,4
,17,37,7,15,52,4,62,12
,-26,-21,-6,-2,1,-74,-64,8
,0,-19,-11,11,19,-8,14,-2
,-6,-23,-2,-5,-31,5,46,41
,20,64,12,19,74,127,71,22
,11,41,5,-12,-43,-98,-9,7
,-11,-25,3,-19,-17,-44,-21,-17
,-6,3,-8,-2,-47,-74,-4,-34
,-8,16,-7,-8,-53,30,7,-58
,31,-9,4,15,36,11,65,107
,-11,-4,-8,-3,-53,-72,-26,-1
,12,10,10,7,98,78,36,-6
,-7,28,-2,-10,-35,-28,-108,-8
,-5,0,-7,-4,13,-17,44,-29
,-6,28,7,-5,-31,4,-50,-11
,-9,-76,-11,0,-44,-123,45,2
,8,29,2,-2,-39,27,21,10
,3,-9,3,13,76,54,-5,26
,0,-24,-2,-1,4,18,-42,2
,8,-3,5,9,19,-17,-18,-6
,-15,9,-2,4,40,-50,18,-2
,-10,-2,1,-7,-62,-36,-7,-18
,4,-19,-13,-2,-11,126,15,-11
,3,31,11,8,42,-23,-25,-1
,-7,-46,-7,-19,-67,-60,12,-10
,-17,14,0,-7,15,68,-29,-10
,2,17,3,19,62,-85,28,-24
,-7,-71,-9,-15,-39,72,16,6
,-1,-2,0,0,20,-3,26,18
,13,32,4,-2,-17,6,17,-10
,-6,-9,0,-5,-10,-83,22,-2
,0,-24,-11,8,-29,44,-105,3
,1,7,3,-15,-52,-9,51,-15
,6,-33,-4,16,77,33,8,5
,1,38,2,-10,1,-36,36,-9
,-13,-5,-4,-9,-1,14,5,-3
,-21,14,-1,1,-24,-59,-11,-28
,3,-13,3,3,-27,-2,-17,-7
,5,-3,-1,-2,1,21,-28,20
,9,18,4,5,6,-85,-22,-7
,-5,36,-3,-7,-18,40,9,-16
,-12,6,-7,-11,-8,-50,22,7
,6,-9,10,13,44,84,-17,7
,-16,19,-6,-13,-54,-54,30,-44
,2,-45,-17,-3,35,74,-34,9
,-6,-48,-2,-8,-50,-66,-14,-9
,7,30,-6,6,16,7,39,8
,7,74,12,2,40,56,1,-18
,-12,-97,-5,-3,-14,11,-55,0
,2,34,1,15,-1,-22,-45,-19
,-1,-14,7,10,-32,35,22,34
,-4,44,6,-7,-7,-30,-30,21
,5,-1,-1,-1,-5,-96,39,14
,8,12,5,-3,-17,99,12,4
,-1,-18,-5,-4,-9,-45,-40,7
,-13,-24,-11,-14,1,6,-9,8
,12,8,7,4,-41,-110,-55,-4
,8,-6,-4,2,58,0,22,17
,-27,-44,-11,-16,-42,35,30,-9
,13,46,3,17,9,-9,-34,25
,3,-8,4,2,0,-16,-20,0
,-6,5,0,7,58,51,-43,-19
,12,-17,3,-1,21,-37,-18,23
,-12,-34,-7,-10,-36,-69,38,-6
,13,27,6,17,91,127,78,11
,2,44,0,-6,-46,-32,-23,-27
,-10,-38,5,2,-13,30,-58,-28
,6,-14,7,8,38,-30,-2,-19
,7,40,-2,4,-6,6,-14,20
,-17,-27,-5,-11,-64,5,19,-14
,4,-11,-7,4,57,-46,50,-7
,-2,-45,-2,-7,-32,7,-14,7
,0,24,-6,-6,-18,-70,-36,-5
,15,17,4,3,41,94,-1,24
,-12,4,-6,-19,-56,-64,-34,-11
,10,30,8,24,67,-32,-18,8
,-2,-37,-2,-10,-24,49,4,-31
