,28,-20,-36,-10,-6,112,-17,-5
,42,19,31,13,11,-34,5,11
,1,31,-7,-17,-20,-116,-25,-2
,-42,16,-38,-10,0,35,-2,1
,37,-10,36,8,-3,-53,15,21
,-31,-37,-1,12,3,-8,-25,0
,24,-62,-27,-9,-5,109,8,15
,40,79,-21,-20,-4,-7,4,22
,26,-5,50,6,-8,-82,-19,-42
,-97,7,-2,-1,7,64,17,-20
,4,-21,-46,-7,-1,8,0,-40
,34,9,58,5,-1,-40,-9,60
,-24,-34,-51,-1,0,61,-10,-54
,16,33,6,-6,-6,-25,13,12
,-99,-9,1,-3,-7,-72,-13,-71
,20,-19,-3,-6,4,49,-9,-3
,5,13,-13,10,-1,-45,-6,-6
,-14,-28,4,-10,1,15,8,33
,70,53,-46,-16,-9,28,-1,-11
,-21,-41,32,6,-2,-7,-13,46
,67,-2,16,4,2,-55,14,1
,-25,-13,-56,-16,-15,-24,-5,-48
,110,81,29,12,13,51,10,42
,-87,-26,4,-19,1,-1,0,-39
,7,-17,-24,6,-2,62,-12,33
,13,-5,36,11,8,-24,1,11
,-21,14,-23,-1,-3,-30,3,-10
,91,49,2,-1,-7,-12,2,-8
,-45,-73,-1,3,4,-80,-14,21
,-11,16,-26,-10,0,107,30,29
,3,-57,50,4,-1,-105,-22,-19
,18,43,9,14,8,5,40,43
,20,8,-16,-15,-17,36,-31,-13
,4,45,-7,1,2,-42,-2,1
,31,48,11,-5,1,9,-11,-32
,-34,-91,-23,11,4,2,11,55
,88,20,26,-5,-3,-37,36,-7
,-71,-66,-11,4,-3,-23,-64,-50
,-9,35,53,12,10,61,14,30
,-21,6,-45,-18,-9,-32,-5,9
,3,8,8,0,5,8,8,6
,68,3,-9,-8,-10,-62,12,34
,-65,-68,-33,-3,1,-36,-2,-39
,-17,13,5,2,0,69,-26,-55
,-41,51,9,-6,-4,-57,11,5
,-5,-23,-13,10,4,26,0,-6
,-13,-9,-17,-5,-3,-13,4,19
,49,8,14,-11,-11,-54,-13,1
,-125,-73,-21,13,19,85,22,-26
,25,67,53,-6,-11,-29,-5,37
,33,-3,-21,0,-2,31,3,4
,23,34,5,6,3,-86,-7,6
,2,-7,-24,-16,-10,-71,-24,-14
,24,-28,19,11,11,89,15,-11
,-19,-6,-4,-1,-7,-40,10,53
,57,82,-48,-16,1,55,-3,5
,-32,-34,72,24,12,15,-2,3
,-61,-22,-29,-14,3,18,22,26
,24,8,23,12,0,-43,-10,-33
,2,-67,-22,-5,-10,-30,-27,-8
,-8,15,-29,-3,0,56,13,-17
,2,13,22,1,1,-35,1,52
,54,31,11,-5,-5,28,11,31
,-80,-56,21,-2,-2,-95,-9,-85
,53,69,-8,3,4,89,0,94
,22,-47,-3,2,3,-10,20,-31
,15,12,16,11,2,-32,1,24
,30,-23,-28,-16,-9,100,-7,-6
,-17,17,-36,-18,-10,-93,-19,-13
,5,-25,22,2,2,-8,-2,-25
,27,-1,0,17,9,47,3,-11
,-97,-30,47,17,0,-69,2,-2
,72,55,-7,-10,-1,61,0,-32
,-10,-3,-29,-4,-3,-77,-37,-8
,-36,-61,11,-14,-8,94,17,-5
,4,49,-15,6,6,14,24,75
,-90,-18,32,-5,-5,-93,-7,-56
,-11,3,-21,-7,3,95,5,54
,-46,-22,-13,-2,9,-5,-30,-65
,78,-5,-25,-1,-7,-3,31,11
,-26,-19,-12,-8,-5,10,-13,-10
,50,45,59,19,-3,-92,-6,-25
,-55,-14,-45,-7,-2,-14,-10,-57
,13,-16,-12,-13,0,-40,15,18
,79,10,86,40,21,61,-2,19
,-88,6,-30,-16,-1,21,21,-11
,-24,16,-12,-9,-11,-69,-8,19
,12,5,-17,1,6,77,-4,-65
,31,-34,-63,-18,-17,-55,-7,40
,53,69,66,12,10,30,-5,-44
,-4,48,15,11,3,6,11,60
,-53,-28,-35,-11,-9,-56,-11,-41
,85,-24,3,10,11,61,6,3
,6,18,-25,-7,3,31,7,-36
,-16,4,36,5,-1,6,11,42
,46,13,8,13,-1,3,-18,-18
,-76,-22,-5,-20,-6,-1,12,14
,15,-39,22,22,-7,-115,-22,4
,29,68,-5,-14,-7,1,-16,-45
,-8,-23,-18,14,4,68,-13,-12
,-31,57,28,-12,-3,-64,12,-10
,55,-59,-29,-4,1,41,-2,31
,-8,-16,-4,1,-3,-102,-6,7
,-52,-51,6,-2,2,119,21,19
,26,-3,-29,-12,-6,-2,-41,-55
,-43,68,-12,-7,-11,-35,30,75
,-28,-74,12,15,13,41,-1,-17
,68,76,-12,3,2,-32,-14,-3
,-62,-54,30,1,-2,-41,16,3
,33,-31,-32,-13,2,97,10,-23
,5,26,11,-9,-10,-77,-36,-11
,45,-1,1,-9,-1,92,14,18
,-62,29,18,13,9,1,-5,-28
,-17,-47,-30,-3,-8,-18,-18,-53
,-5,29,-18,-3,4,25,26,56
,-8,-50,25,-2,-6,-63,-12,-19
,49,38,18,15,5,-32,8,26
,-8,3,2,1,7,52,6,-18
,-8,-3,-20,-10,-11,-45,-12,-3
,-38,-13,16,3,9,31,4,45
,-2,26,-20,3,-9,-21,5,2
,-30,25,-48,-9,7,-41,-1,43
,-23,-65,62,2,-9,92,-4,-35
,-32,53,-1,5,9,22,28,-12
,79,-77,11,-6,-5,18,-13,29
,-39,65,19,13,-5,-67,-25,-15
,7,27,-39,-14,-5,-34,10,-11
,26,-2,30,3,5,52,17,-35
,-28,-30,-30,-7,-8,2,-6,71
,-40,-21,-33,-19,-7,-10,-19,-17
,24,-39,29,8,3,2,-4,-27
,-72,31,-1,11,1,-2,25,-14
,46,33,-35,-12,-10,49,-3,25
,-58,-31,-17,-3,-1,-95,-2,-30
,1,-31,13,2,14,124,2,2
,15,6,18,-1,-3,-120,-22,0
,-25,15,-5,-2,-3,15,0,25
,-13,0,11,-7,-13,23,-9,8
,66,12,-24,7,10,33,14,-23
,-38,6,19,-3,-5,-58,-22,-27
,51,13,-8,7,10,28,25,39
,9,-33,9,-3,-7,15,3,1
,21,-18,-25,3,0,-65,3,-3
,47,25,23,-7,-10,56,13,26
,-67,-40,11,4,-11,-128,-47,-55
,30,15,0,-1,6,51,4,30
,-59,-32,-18,11,3,16,-6,1
,68,-31,-30,-17,-6,-11,4,-13
,-17,80,34,14,9,-2,34,-10
,19,26,27,2,-6,49,-19,6
,16,11,-49,-24,-2,15,14,-3
,-37,-37,-13,7,-1,-49,-15,32
,-12,-3,52,2,-16,-46,-12,-19
,-44,-18,18,5,9,-21,5,-28
,19,12,-23,19,18,22,-4,-1
,-66,-1,-23,-7,-6,10,3,17
,-73,-47,47,-2,2,16,15,-8
,33,9,-27,-3,-17,-57,-7,-6
,-50,6,17,-13,-12,-68,-7,-24
,94,13,1,0,2,99,2,27
,14,3,-40,-4,0,-72,-23,-19
,-58,-52,25,6,10,61,10,-35
,14,21,-7,2,-2,26,7,20
,1,23,1,-5,-5,-42,-4,5
,-18,13,-24,-11,-2,-23,-16,-25
,51,-7,22,17,14,76,-7,20
,35,-15,-9,-8,-14,-28,7,-37
,-7,-18,19,-9,-1,-24,5,34
,-15,30,-11,13,3,-2,-15,-35
,71,4,-8,5,8,4,-4,-18
,-39,14,59,-3,-5,-5,15,86
,-29,-34,-59,0,3,51,0,-78
,-14,-14,15,10,7,15,-16,31
,98,29,9,-3,-5,-29,16,60
,-21,19,-29,-18,-10,-47,-9,-30
,-55,-58,55,15,9,2,-13,-14
,110,58,-25,4,0,57,21,5
,-26,-42,-18,3,5,3,0,-23
,29,23,-24,-9,-11,-77,-21,5
,-63,-20,-9,-7,-4,-16,3,13
,13,-36,8,-9,-3,115,-10,-21
,-12,31,33,10,-1,-37,13,-14
,-24,-49,-13,-5,-3,-22,11,30
,31,36,-9,-6,-5,31,-7,-19
,-76,-35,-49,-15,-8,-71,-10,20
,-24,71,9,3,-6,-32,5,-10
,21,-39,40,6,16,127,12,-1
,17,8,-28,8,-5,-58,-13,-12
,-33,-69,-19,-9,0,-28,21,17
,-36,-3,-6,-12,-7,48,-21,3
,27,14,-17,6,8,-48,-26,-18
,-31,68,67,7,-7,-62,8,23
,75,-23,-25,-2,10,75,0,8
,-66,-63,-19,-10,-17,-72,18,10
,-51,96,-33,2,-6,2,5,-10
,79,34,20,-2,5,-6,-28,-7
,-19,-48,45,8,-2,-55,12,-8
,62,48,-44,-10,5,41,8,6
,-5,-91,27,4,-4,-26,-11,14
,-30,31,-25,2,1,34,15,14
,0,8,11,2,0,-12,-1,6
,40,11,-6,-7,0,-26,-7,-16
,-51,-2,3,-7,2,100,8,12
,33,-32,22,14,13,96,14,33
,-5,19,-26,-6,-12,-74,-18,-41
,-18,-86,-3,-4,7,17,-5,13
,33,49,28,-5,0,-42,15,-14
,79,44,-21,1,-6,-48,-6,-10
,-81,-10,-6,-1,7,37,-2,-50
,41,-14,-4,-1,-5,-57,-27,37
,58,16,27,14,3,-6,23,45
,-50,-30,-62,-11,0,22,13,-15
,25,30,41,-6,-5,-11,-8,-25
,-33,-31,-48,-18,-8,-15,-4,-8
,-2,30,24,7,-7,-84,-18,-7
,-23,-22,-3,-5,9,78,8,60
,4,-1,18,-1,-5,-39,-11,-30
,3,-13,15,-2,-7,-5,2,-12
,-4,37,-2,1,1,-6,17,-9
,31,26,4,-2,-13,-127,-32,-43
,-20,-40,-40,-2,8,99,2,30
,35,-15,18,1,7,33,4,9
,20,-6,6,-4,-9,-22,-8,-6
,-28,9,2,3,6,23,21,3
,6,57,39,-2,-3,35,5,10
,-36,14,-4,9,-4,-104,0,-38
,-34,-50,-21,-12,1,20,3,37
,1,-6,2,-8,2,61,-18,-14
,-4,-14,-55,-3,2,5,8,45
,-28,58,35,5,-6,-12,-13,-32
,-24,-6,15,12,12,-37,-8,-22
,-20,-25,21,-5,-8,62,12,3
,54,25,-33,-7,3,0,10,5
,-13,7,46,0,-8,-21,1,12
,-22,-20,-43,3,9,23,-28,15
,-12,7,-8,-4,-11,-85,0,28
,-39,4,-13,-5,1,24,24,-38
,49,-4,-20,-7,-3,-5,-1,36
,9,14,70,20,13,94,8,-42
,0,5,-26,-11,-8,-46,-28,18
,-1,5,-9,3,-3,-31,19,11
,-29,-11,27,6,3,-36,-9,-54
,52,-32,-32,-7,0,69,25,28
,-20,20,0,5,5,-16,-9,-12
,44,17,4,6,-2,-27,-10,0
,-18,30,-21,0,-1,13,8,25
,-63,-9,-29,-23,-15,-32,-1,-10
,81,-22,40,3,2,24,-4,8
,-39,-33,32,17,6,9,-1,-26
,-3,21,-16,3,12,86,24,-11
,-11,-30,1,-12,-13,-47,-7,38
,-52,59,-44,2,5,18,25,10
,0,-22,30,6,-4,-13,-17,-31
,28,-20,13,-1,1,-6,3,29
,31,20,-4,5,3,43,-14,4
,-32,-53,-5,-4,-9,-80,-4,-60
,-19,-24,-8,-6,0,17,-7,26
,36,23,5,-1,2,28,3,4
,14,-12,-30,-6,-11,-102,-27,-24
,-35,-6,12,-6,0,71,4,-9
,13,33,-4,-1,-3,35,9,23
,4,-18,23,5,-8,-85,-5,-7
,-43,14,-9,6,15,107,12,11
,48,-44,43,11,0,-42,-14,9
,14,6,-23,-13,-13,-72,6,6
,-23,15,-35,-4,7,115,14,-10
,-10,-22,33,4,-13,-75,-34,-18
,-28,50,0,-15,5,4,24,7
,50,-12,-13,12,10,50,5,-13
,-41,-39,-34,-5,-5,-39,-24,-2
,-19,22,60,-2,-7,13,-1,-18
,10,13,-35,-10,-7,-48,-9,-11
,39,16,29,-8,-9,-102,3,8
,-5,-40,-42,4,14,91,9,30
,13,27,-3,-10,-10,-19,0,-19
,-28,-53,4,10,13,71,-8,-6
,-33,51,-12,-5,0,-12,-4,11
,-12,-6,31,-4,-5,-2,0,-9
,74,4,-51,0,11,5,16,13
,26,-24,18,3,-6,-57,-10,20
,28,-8,-14,2,1,45,2,-16
,-38,-5,17,-4,-2,-37,-8,-35
,9,-23,-9,10,4,13,9,56
,-12,-29,-7,-4,-5,-30,-8,-26
,23,26,7,-2,2,40,-11,0
,-20,30,17,-2,-6,-11,13,-20
,47,16,-13,-1,2,-2,-5,-6
,-36,-6,-10,2,3,26,-2,-37
,-18,-15,-34,-22,-9,4,-14,-9
,45,-20,11,2,1,-30,17,39
,4,4,14,13,5,35,-1,-27
,-23,-6,12,5,3,0,-1,8
,39,-19,11,4,-4,-45,-1,36
,-32,10,-17,-2,0,37,-3,-30
,-25,16,-31,-15,0,-2,-4,-31
,10,13,20,-1,-9,-49,-8,25
,14,-33,0,0,-2,23,-5,-17
,23,38,7,0,-1,-70,-9,32
,-17,-6,-25,-1,0,97,20,10
,15,1,41,3,-3,-14,-4,-3
,-33,3,-3,-12,4,29,6,-16
,-1,-38,-9,15,-11,-75,-27,-2
,-58,-46,-14,9,2,47,-25,-24
,-21,50,-5,-9,6,10,33,31
,78,-17,24,4,-13,-41,-8,9
,-8,7,2,-1,15,62,25,3
,-19,18,7,-2,2,-46,-8,10
,38,28,-19,-6,-7,-6,-14,-30
,-51,-5,-2,3,5,18,-10,11
,31,31,26,1,-9,-108,-3,21
,-1,8,-8,-2,4,78,0,-40
,-30,-81,-8,-5,2,18,-13,-20
,1,78,-18,-4,2,-18,15,7
,11,-26,4,-1,-3,53,-19,-17
,-79,-17,-67,-20,-13,-69,17,-1
,99,-9,75,13,7,48,18,30
,-61,-15,18,-5,-14,-101,-21,-15
,26,6,-9,11,6,127,-2,-19
,-1,-13,6,-6,3,-37,12,23
,-22,3,-53,-9,-1,54,-2,-35
,15,19,-3,6,2,-36,16,58
,3,-42,-1,-15,-6,36,0,33
,-9,59,25,2,-7,-42,-11,-33
,20,-62,-7,4,-5,-55,-15,-5
,-53,-8,4,8,5,30,-10,-49
,5,-15,-18,-4,1,19,17,-10
,8,26,8,-7,-3,-34,-2,31
,61,-7,7,4,-4,9,12,11
,-51,-18,-32,4,4,-39,-3,-11
,20,2,9,-9,-10,14,-14,29
,56,16,41,11,9,31,5,-27
,-21,69,-16,-10,-1,-1,-11,20
,48,-50,11,2,1,62,5,14
,-90,-32,-22,-2,-3,-61,-15,-15
,44,9,13,-5,-6,-58,-2,10
,-14,-19,-23,3,7,32,5,-10
,48,18,7,-2,3,59,9,-27
,-4,57,-12,-10,-10,-43,-6,-31
,22,-21,14,-2,-12,-29,-15,30
,-72,-7,-27,-4,-8,-42,-14,-28
,59,-4,12,10,12,9,13,27
,-46,-22,7,-5,-5,74,-3,-12
,3,-29,16,5,5,-27,6,22
,38,42,-32,-3,-1,4,2,31
,-103,-3,45,-7,-11,40,-18,-17
,15,30,4,9,15,43,28,22
,13,-33,-16,-2,-9,-29,-6,9
,-2,2,-24,-5,2,23,3,-22
,-11,50,23,14,-7,-52,-16,-2
,-13,-46,-7,-3,0,-61,-41,-13
,50,34,5,-11,-6,31,38,-31
,-33,-13,8,3,8,28,7,41
,-8,1,-22,-5,0,13,3,1
,38,-27,2,0,-7,-74,-8,-18
,7,-51,-11,0,-6,-48,-9,-1
,20,38,-34,-19,-12,-17,-3,28
,18,-6,4,-1,4,82,4,-32
,-15,-41,41,13,12,49,7,32
,17,43,-20,-3,-1,-39,-18,-41
,-17,-1,23,6,-6,-45,-4,-21
,-5,-24,-26,-9,-3,-10,-4,13
,33,3,-19,-6,-2,-6,1,-14
,-27,-1,-21,-9,-6,-44,-22,-11
,-70,-58,8,8,4,79,10,-22
,52,11,-18,-7,-1,0,9,30
,10,46,9,5,1,-23,5,-31
,-37,24,4,3,4,72,4,32
,19,32,4,-3,-8,-96,-25,-2
,-77,-63,7,-9,-2,-1,11,16
,-29,-5,-52,4,9,33,24,-10
,6,37,76,5,-4,23,-5,11
,-25,-17,-2,-6,-18,-123,-18,-32
,-31,27,-19,2,18,103,30,-4
,43,20,-19,-8,-2,-64,-4,26
,-17,-34,6,4,9,45,14,5
,27,19,32,14,1,-6,-20,-10
,24,4,-2,-10,-13,-110,-7,-12
,-18,-30,-24,-3,5,102,5,-19
,82,45,-28,5,3,-47,0,18
,2,-20,29,2,15,88,35,52
,36,40,-29,-6,-6,46,-9,-16
,-58,-18,-6,-17,-5,-36,-6,-5
,-9,-48,28,16,0,-15,-14,-17
,-20,42,-16,0,3,-5,-6,1
,-10,-40,5,4,0,-5,9,-36
,-53,42,7,-6,-8,-21,-17,6
,28,-9,-12,-8,1,37,13,17
,-33,23,-5,5,2,-5,-9,-16
,63,-23,-8,-4,-7,-36,-15,-15
,-16,30,35,10,6,37,33,27
,-31,-39,11,7,2,17,4,-19
,9,0,-33,-13,0,49,-10,22
,27,22,27,0,1,-25,7,35
,19,-14,-2,6,-4,-86,-12,-6
,-23,4,17,3,10,82,10,-10
,61,-6,12,5,-1,-16,3,7
,-6,8,-42,-3,-6,-12,-15,-22
,23,-19,47,-7,-8,-61,-10,9
,-5,13,-25,3,1,22,15,1
,-37,-4,10,-6,-5,-11,3,-15
,19,-29,-27,1,7,29,2,11
,31,49,30,2,-8,-45,-14,16
,-5,5,-9,-3,6,55,15,-5
,-28,-46,-4,-2,3,30,3,9
,25,12,2,-1,-8,-57,-27,43
,-24,-11,1,3,7,46,20,-8
,-34,4,-19,-12,-11,-51,-18,8
,6,-22,-7,0,-6,-84,5,-24
,15,40,-20,-7,3,97,5,-1
,39,-25,31,0,-1,-16,-15,-27
,20,1,-10,8,-6,-29,-1,34
,-32,-10,-2,1,14,74,22,-4
,-37,-56,10,0,-10,-71,-7,-6
,103,90,-46,-16,-9,75,-14,-14
,-41,-45,16,0,-2,-82,9,6
,52,25,-2,2,-9,34,2,39
,-28,63,17,-9,-1,-22,-1,-41
,-23,-8,-3,10,3,71,26,13
,17,-59,-21,-8,-3,-7,-20,-6
,59,21,20,-4,-5,-35,-24,9
,-9,-22,5,4,-7,-8,12,-8
,-36,-6,-50,-1,5,-4,-2,9
,-37,31,60,0,-1,14,4,26
,23,-13,-15,-1,1,22,6,-24
,21,-6,-10,8,5,-37,-4,6
,-12,-24,6,2,-3,-10,11,16
,-36,4,-64,-16,-7,6,-4,-15
,29,-3,66,17,3,-10,-11,-31
,11,21,22,6,5,25,24,27
,-12,24,-4,1,2,-19,-12,3
,-10,-25,-29,-6,-5,-40,-9,-11
,-3,1,5,3,-1,51,0,-14
,-45,2,3,0,2,-58,-22,8
,-15,-59,2,-14,2,40,6,-15
,40,80,11,13,0,49,1,-22
,-30,-36,-45,-5,-6,-66,0,30
,22,-7,32,4,-3,8,-8,-17
,14,-25,-3,-7,0,-8,-6,5
,-10,38,-3,-6,-2,-12,-7,-31
,-68,-76,-35,-1,5,29,14,0
,-15,45,38,0,2,6,0,-38
,17,29,-6,10,-4,-20,10,-2
,19,-33,5,0,-4,7,-18,31
,5,5,-8,-6,-2,-1,4,17
,-38,-51,-29,-11,-4,-46,-15,-39
,-9,62,33,11,5,7,15,20
,-8,-2,15,5,-4,-68,-9,11
,18,14,1,-2,8,95,5,5
,15,-19,-18,-8,-10,-22,-11,-4
,1,-12,-12,3,5,21,-4,-1
,12,0,5,-5,-5,-35,-7,-5
,29,45,16,4,4,-27,0,30
,-23,8,4,10,-4,-18,-3,-18
,-40,-15,-16,-7,2,33,23,-13
,37,-11,-16,6,4,21,-10,11
,-43,-2,33,1,-4,-39,-4,-9
,-21,-45,-9,6,8,30,7,47
,-28,17,17,-4,-10,-46,-18,-30
,-26,13,19,-1,4,58,9,-35
,36,22,-12,0,-12,-81,-15,-5
,-6,-16,7,10,12,96,17,19
,-5,-40,-28,-9,-10,-11,1,-8
,3,-2,-2,-5,0,13,5,-9
,-67,-8,-18,-2,-1,-14,-2,-23
,30,-8,29,-11,-11,-15,-10,16
,49,62,-26,14,5,-35,5,0
,-10,-28,23,-7,1,54,2,-21
,-8,0,-6,3,8,4,9,7
,34,31,-8,6,-5,3,8,25
,-28,-1,21,-3,-12,-105,-16,-9
,3,-3,1,6,15,96,13,18
,41,9,-75,-15,-4,-19,-13,-8
,-36,-45,89,19,10,19,17,-18
,21,62,13,8,1,-15,10,69
,-13,-6,-15,-4,-2,-4,-1,-15
,23,2,1,-10,-6,8,-9,-11
,-45,12,-64,-14,-7,-85,-33,-15
,40,-74,45,6,1,98,6,-3
,-57,-1,-22,-1,-1,2,-2,7
,7,81,25,1,2,-10,7,9
,-41,-22,-29,-4,4,27,20,18
,17,9,14,-1,-1,-18,-18,-18
,28,15,-27,-4,-4,-23,-10,-9
,-34,-53,8,0,-8,-72,-17,-41
,52,52,-41,-15,-1,50,3,-20
,-59,-61,6,-5,7,-9,3,8
,38,20,15,8,4,33,5,23
,28,4,-13,-4,-2,-38,4,42
,-3,0,17,-5,-1,23,-3,0
,-14,-7,-40,3,-7,-33,-5,-40
,29,-29,14,-3,-5,-38,-14,-6
,2,16,11,6,5,32,26,-2
,-21,-22,-29,-8,-5,31,-1,27
,4,25,19,1,5,14,-9,4
,-26,-10,8,2,-4,-49,-5,-5
,12,-12,-25,-2,-4,19,-6,-29
,27,45,42,-1,-2,-22,2,12
,-37,-30,-28,-2,-3,4,-2,10
,-31,-19,22,12,4,-22,2,-13
,37,-14,8,-5,-4,19,5,-8
,5,30,-12,-2,-4,30,-9,4
,-3,-2,0,-4,4,9,-5,18
,-35,-29,-47,-12,-1,-3,3,-21
,35,20,80,5,6,25,13,13
,-30,-7,-51,10,-4,-26,-8,-11
,-26,-16,-38,-7,0,-1,-2,-15
,21,11,42,1,2,12,-6,-7
,-28,-32,-7,-2,-7,-36,-13,-1
,16,56,17,-1,5,29,21,-4
,12,-23,-17,-3,6,34,-13,-20
,-29,21,-17,-9,-17,-60,5,16
,28,9,-1,1,-1,60,-1,7
,7,-39,25,10,9,-36,-25,-19
,16,12,-8,-3,-8,15,32,4
,-14,-26,12,7,11,30,4,11
,-25,27,-11,-5,-6,-3,-12,-25
,31,-18,-33,-5,5,47,5,22
,-77,-53,17,-3,-5,-25,-19,-63
,45,57,38,7,3,26,14,14
,-2,11,-24,-2,2,-17,7,9
,-6,-2,4,-3,-3,-38,-12,-18
,22,28,1,-1,-2,16,-14,4
,-9,14,-56,-25,-9,-39,-7,-20
,-30,-47,68,34,10,24,22,66
,35,-27,8,-7,-9,-11,7,14
,-55,28,10,-2,-7,-8,-3,-20
,-54,-8,-29,-9,-6,19,-5,-30
,38,-25,-43,-13,-3,-29,-17,-4
,29,40,1,-1,-3,-13,-4,20
,60,24,49,2,5,5,14,32
,-16,-38,-47,-2,0,5,-1,-20
,10,2,15,1,-1,2,-18,-2
,-47,-18,0,5,4,-12,16,-34
,29,-29,-14,-4,1,12,4,39
,-2,28,9,3,-5,-73,-14,-6
,28,7,23,-7,-11,-16,-7,8
,-9,-9,-15,5,14,50,6,-1
,69,28,-6,-7,-2,32,1,-11
,-8,-54,-21,1,1,29,16,18
,-9,29,-2,7,6,-3,3,-16
,-49,-4,7,-7,-20,-84,-17,-10
,-7,-2,-5,-4,-2,0,-6,-3
,62,-2,38,10,11,31,7,44
,-92,-20,-29,4,2,29,-4,-40
,23,46,-10,-10,-3,-4,-5,-5
,39,-2,-9,7,-1,-11,4,38
,45,12,31,-4,0,-19,-5,0
,-38,-15,-65,-13,-1,16,-2,-23
,5,-45,60,-1,-6,-18,5,43
,-38,38,35,10,10,47,14,10
,4,5,-6,4,-2,-7,-15,-17
,-35,-72,-29,-5,-6,8,-4,-22
,7,22,-13,-3,7,9,2,17
,-14,-5,-22,-10,-11,-64,-43,-44
,16,39,22,-4,-8,-2,26,8
,-30,-13,7,0,6,21,8,15
,26,-39,-14,-1,-4,48,-7,-29
,14,-13,-1,1,4,8,3,21
,10,-38,-16,4,4,10,-11,-15
,-22,50,-22,-10,-12,-85,-1,-7
,52,-12,39,4,-1,44,-8,32
,-63,27,1,-1,3,-36,11,-5
,6,-24,-15,-3,-1,6,-2,-55
,1,-19,-20,-12,2,10,-3,21
,-13,34,2,2,-4,-7,5,-31
,-4,2,18,6,8,-18,-1,3
,12,-37,2,4,-2,5,6,15
,-36,32,0,2,1,25,-6,-6
,-42,0,9,3,2,-47,-23,-23
,-1,-54,-36,-8,-7,18,20,-5
,34,37,0,-3,-2,-3,-1,34
,-10,-10,-7,2,7,10,4,1
,-4,-43,-24,2,-3,-75,-9,-29
,20,77,69,14,-1,79,11,6
,-10,-16,-23,-6,2,-19,-3,19
,70,3,22,-4,-4,25,-3,-20
,-27,-11,-60,-11,-2,-26,1,42
,-17,-58,-7,-10,-18,-95,-7,-1
,14,52,-13,-9,-5,68,6,-21
,-12,9,32,7,4,-1,-16,12
,-22,-17,26,8,11,-1,23,-16
,107,33,-30,-9,-8,24,4,27
,-64,-24,-13,2,2,-12,-1,16
,-21,32,1,-4,0,-22,-11,-10
,7,-5,-2,-6,-12,7,-9,8
,-2,-21,-8,9,0,-19,-2,-18
,-26,43,30,2,-8,-84,-16,20
,42,-24,19,-1,-4,84,26,-7
,-16,0,16,-4,4,91,16,8
,11,-21,-19,2,5,-6,3,9
,20,22,1,-3,-1,-23,-18,3
,-20,-20,-6,-4,-9,-78,-3,7
,69,-3,-20,-10,-10,-29,-4,-17
,15,34,17,5,-1,44,2,13
,-51,-18,-6,15,19,51,10,12
,25,28,42,2,-3,-30,5,-6
,28,23,-20,-5,0,30,-1,3
,-23,-11,-52,-2,9,-43,-15,-37
,29,-41,22,1,-11,-33,3,-9
,-16,13,1,11,10,31,21,31
,-49,-3,18,12,3,-12,6,-3
,17,-15,28,-4,-1,37,-16,2
,-35,26,-15,-17,-8,5,-5,-10
,13,-3,-4,0,-1,-3,-8,-13
,12,29,6,9,-1,-25,0,18
,6,-36,-23,-3,5,15,4,10
,-57,-34,10,-2,-3,-29,5,-12
,-20,3,-3,0,-2,-45,-11,5
,38,45,-49,-10,-5,46,3,5
,-33,5,96,12,9,1,4,1
,14,-10,-61,-10,-13,-68,1,-10
,13,-33,64,7,-2,91,0,5
,-59,-38,-41,-2,11,-4,-14,-20
,-25,41,-18,-8,-5,-52,6,4
,21,-4,7,7,12,49,9,-17
,-27,82,9,-11,-19,-101,-16,-14
,-51,-37,5,-3,12,76,31,5
,99,2,-22,-3,-14,-32,-21,8
,-14,4,3,-2,6,25,3,34
,-17,-51,-12,-1,5,16,4,-25
,15,57,21,16,9,22,0,13
,-24,-23,-12,-8,-8,-17,-6,-42
,4,13,9,5,-4,-31,-1,18
,25,-46,-54,-10,4,61,6,8
,-16,33,28,-3,-5,-29,-22,-23
,-20,-8,38,9,-4,-67,9,19
,-2,-13,0,3,1,89,0,-10
,-10,22,-22,0,4,-1,-8,4
,20,-16,52,-5,0,-13,10,-13
,-42,-38,-73,10,2,47,-3,-1
,-35,-20,23,1,-1,3,-9,-19
,-5,-26,-56,-10,-3,-34,7,-1
,-61,22,21,-9,-13,-27,-24,-10
,-25,-52,15,6,2,-36,2,19
,9,68,17,0,-4,-37,12,7
,12,29,-14,4,-1,64,-8,-18
,-2,-42,-15,3,-3,-89,-6,-11
,4,-16,-13,-10,-7,43,-1,-12
,21,-31,10,-3,3,3,3,22
,9,26,13,3,-1,-13,-10,-39
,-28,-32,-49,-1,-2,-7,4,9
,40,13,53,-1,2,38,7,-18
,38,11,-56,-4,-4,-54,-17,20
,-4,4,12,-13,-8,-95,-1,7
,75,24,19,7,4,115,17,38
,-29,-23,-33,-4,3,-17,-14,-86
,6,33,-1,0,7,-2,6,36
,-36,-26,-2,2,-3,-43,-11,8
,97,25,24,6,2,4,17,33
,-46,20,-6,-8,-4,-23,-7,6
,2,0,18,2,-6,56,6,-41
,-33,-43,12,11,8,64,-2,25
,-11,-45,-35,-6,-1,3,-15,-41
,-9,33,23,-2,-3,-11,4,12
,-24,-31,1,-4,-8,-11,-25,-42
,58,75,-6,4,9,-18,40,22
,-6,-33,3,2,3,28,4,-2
,-42,61,-19,-20,-13,-56,-15,25
,63,-8,4,2,-1,23,-14,-5
,-12,-26,28,4,-8,-14,-10,-22
,-60,31,-22,-5,-8,-22,-12,-2
,21,-3,0,-4,1,8,3,-44
,25,-29,10,4,-1,-38,0,62
,77,-12,-10,-8,-3,-12,-1,23
,-4,12,18,8,-3,-50,-3,1
,7,40,-55,-1,13,53,-5,56
,56,-20,23,-2,5,87,23,-52
,-72,2,55,11,7,9,10,7
,16,5,-36,-9,-11,-66,-15,7
,-9,1,-22,-2,-5,-93,-24,-16
,40,-10,16,-1,9,94,7,-10
,36,30,5,-2,-11,-90,16,10
,-48,-32,15,6,4,104,11,13
,-1,-46,-5,-12,-4,22,3,19
,-41,20,-14,9,-5,-79,-19,-14
,-53,-23,25,0,-9,-88,-22,-34
,-8,-12,-27,-10,4,78,6,-5
,57,1,19,10,1,-32,-2,-3
,-42,9,-13,-6,-10,-68,-17,-35
,-16,-14,-27,0,6,53,27,66
,57,24,11,-1,-7,-120,-2,6
,26,-25,15,3,12,127,18,20
,-77,8,-1,2,-5,-128,-10,-27
,25,5,-27,-10,-6,72,-4,-13
,-8,-44,3,17,9,-4,-5,-12
,-53,57,17,-3,4,60,20,-11
,31,-8,24,4,8,43,4,9
,57,-16,-52,-12,-14,-45,-28,9
,-65,7,11,-14,-3,86,6,12
,18,-21,28,22,9,-47,-1,-31
,-74,-40,-41,-7,-8,-19,-9,-19
,-7,18,30,-1,-5,-58,12,2
,-35,49,-18,0,1,32,-19,9
,1,-36,4,0,-10,-60,-25,-11
,22,-14,-27,-11,21,127,22,2
,-1,-13,20,-7,-2,-74,-9,5
,10,36,22,-6,-17,-99,1,-15
,-37,9,-17,-7,-13,100,7,18
,9,-19,5,24,33,80,52,-36
,-16,-12,9,2,6,-32,-5,19
,-27,-35,-23,-6,3,54,-3,-15
,21,41,16,-11,-16,-128,-23,51
,19,-9,-15,-9,-10,39,-18,36
,54,0,53,45,26,33,27,-54
,10,-21,-4,-1,-3,-57,1,11
,-51,-18,-27,-11,-2,-96,2,10
,8,29,49,7,-11,16,-3,21
,-27,27,-32,-8,7,108,-1,-21
,27,-17,19,-18,-17,-15,-8,5
,35,-58,-5,31,17,83,7,-101
,-25,6,3,-4,-7,-49,36,72
,68,23,-22,-9,8,26,-63,-33
,-25,64,28,2,-15,24,-3,31
,8,43,-73,-19,19,25,3,0
,-56,-27,26,3,-7,-104,-17,8
,-19,-32,41,3,3,-59,7,-12
,23,-30,-60,-10,-6,-5,2,17
,91,24,34,8,-2,-27,12,16
,-86,-19,20,1,8,105,5,-32
,4,-9,-50,-9,-16,-100,-6,3
,-60,-1,-12,1,4,-66,-23,33
,-2,-23,51,-1,-11,-71,18,22
,-7,7,-93,-24,3,-10,21,-22
,18,40,51,0,-15,35,-14,-1
,-2,6,12,12,4,48,37,22
,33,-9,-61,-14,1,-80,-31,-17
,-78,31,38,-2,-2,-31,-3,-4
,52,-31,-33,-2,2,74,-1,-24
,56,-17,24,14,-1,-125,-15,-23
,-128,1,-14,-4,-10,43,26,33
,127,14,25,10,7,-60,-11,-17
,-58,-19,-40,-10,-6,77,14,27
,-15,-14,21,-1,2,-73,-23,-50
,-6,18,10,4,-1,-12,-1,6
,65,78,-14,-1,1,38,25,44
,-50,-10,12,2,-1,4,-2,9
,26,0,-21,6,13,17,1,-38
,37,-26,-14,-13,0,75,8,47
,-28,10,-9,-2,-17,-11,-35,-19
,-51,45,-93,-18,0,-7,20,25
,87,-22,96,8,6,22,5,-10
,-7,15,-1,6,0,48,-33,-4
,-6,-31,-21,-12,-8,-50,6,10
,-18,-24,2,-5,-2,42,6,-10
,-24,53,-38,-21,-15,-51,-18,-20
,-26,-35,18,14,-1,-59,6,-12
,10,25,-47,-3,0,66,-3,28
,-13,-24,66,17,10,41,14,-7
,37,29,-11,-4,2,-10,9,18
,-6,-2,48,10,-7,-79,-5,-4
,22,8,-51,-2,11,23,-28,18
,23,40,-44,-12,-7,-59,-3,-46
,-51,-51,76,26,19,70,48,15
,109,30,-4,5,-8,10,-3,4
,-82,-4,0,-14,1,18,-10,-4
,-34,-9,-22,-10,-25,-94,-40,-8
,59,-33,-12,5,16,45,11,9
,-1,21,-20,-14,-1,46,5,-17
,23,-28,-6,0,-19,-107,-13,-15
,30,61,51,17,22,82,22,16
,-30,-32,-38,-5,-9,-70,-28,-40
,-17,-10,3,-2,-2,30,8,20
,10,-39,41,3,-1,-70,0,-19
,16,-23,-84,-5,0,56,10,17
,-9,30,28,6,3,-61,-17,-17
,-55,-46,29,6,11,105,13,-19
,64,61,-13,-11,-9,5,-12,5
,0,-26,-15,-7,-16,-79,-1,4
,6,6,-48,-13,11,122,4,13
,-46,14,8,-2,-3,39,-10,25
,-61,-49,44,15,15,-52,21,-17
,85,11,44,6,8,37,2,29
,7,4,-21,2,-15,-70,-18,-20
,-56,41,-22,-5,2,-20,0,-44
,52,-24,-7,3,-2,-17,-3,37
,-23,1,35,-7,-13,-35,-9,44
,-38,9,-87,-21,9,126,49,1
,43,-32,101,36,2,-55,-11,-23
,-16,38,-42,-12,-12,63,-12,-6
,-18,33,-10,-12,-12,-75,-22,-48
,2,-23,18,6,5,13,-11,59
,-22,6,-27,-10,-8,-26,7,-60
,5,-57,30,24,11,21,2,-26
,11,8,2,0,-1,-38,3,38
,14,55,3,-10,-3,-3,24,2
,-13,-18,-42,-12,-4,17,-27,28
,-19,-55,-3,-7,-14,-92,11,17
,-31,9,-13,-2,10,127,-8,-37
,-37,-20,35,4,2,-75,5,2
,55,5,-13,10,3,2,1,28
,-8,74,17,-2,-3,-3,4,-24
,1,-68,-7,8,-2,8,-1,10
,78,28,-17,-13,-2,43,-6,-33
,-48,-32,-27,-10,-3,-25,3,-8
,7,14,15,-1,6,69,16,29
,24,-28,64,18,10,-43,0,-38
,-9,5,10,13,-2,23,9,26
,28,54,-14,-11,0,-95,-2,19
,-12,-2,-21,-1,-5,-72,-16,-9
,56,15,11,6,17,114,13,25
,-48,-24,-12,-3,-16,-46,-29,-59
,-57,-39,17,-4,2,4,18,10
,33,39,-34,-11,-20,-114,-17,-5
,-63,-42,15,13,21,87,31,28
,96,24,-78,-19,-22,-56,-19,-7
,-40,42,85,4,7,36,-20,38
,-69,-50,-3,3,7,37,16,-46
,45,23,-23,-5,-5,-12,-5,-1
,-20,-3,41,12,2,-33,-5,-23
,20,-19,-72,-14,-8,19,-2,28
,-22,-30,2,-1,0,-22,-22,-17
,-28,10,4,2,-6,-60,13,-6
,8,-76,-30,-9,2,42,19,52
,65,81,63,15,-2,8,-11,-20
,-10,20,8,-4,4,23,-9,-8
,-52,-14,-49,-9,-13,-128,-12,-15
,-43,-58,7,-4,1,101,8,31
,39,-33,7,9,17,66,14,-30
,-23,54,49,8,4,-14,8,11
,26,3,-8,-8,-5,-35,-10,8
,30,62,1,2,5,17,10,3
,-60,-20,-21,0,-10,-48,-21,-29
,88,25,22,5,1,16,0,10
,-4,-3,-27,-14,-11,-51,-7,-16
,-64,-1,31,13,8,61,28,-8
,90,-17,-99,-23,-6,36,-15,4
,-42,-19,13,4,3,-59,-10,27
,-7,-41,68,9,-8,35,10,-4
,8,37,-16,-2,4,-2,-6,-29
,-44,17,-6,-5,0,-6,10,6
,11,-20,-26,-10,-1,52,-9,17
,11,9,-21,-6,-5,-85,-25,-8
,0,-8,46,9,6,-14,-8,-44
,26,47,-35,2,3,51,7,15
,-35,-49,31,3,-1,-33,0,-31
,-6,47,16,-8,1,60,-1,24
,-14,-61,-10,-8,-1,-2,16,5
,16,-48,31,30,0,-34,-7,-15
,28,-1,-46,-12,-7,-16,-3,2
,-47,23,-1,-1,4,69,13,0
,46,56,-2,-10,-11,-89,-18,33
,-24,-27,-36,-20,-5,22,6,-8
,-26,-24,62,18,4,39,-3,-20
,56,37,-29,-2,4,1,3,17
,-46,-5,-6,-7,-3,18,-7,-6
,-8,13,21,17,3,-27,5,4
,14,-6,-24,-10,5,20,4,-8
,-22,-21,-29,-10,-10,21,-6,29
,1,45,32,6,-2,-31,-11,-40
,-21,-5,32,-8,-13,-75,-12,39
,5,16,-36,-8,14,95,-1,-11
,2,-29,15,4,2,-23,4,-25
,4,-39,-20,-1,-5,3,-5,25
,-14,42,-26,-14,-6,-63,-11,-57
,53,-38,53,19,-3,9,14,27
,-44,38,-36,-10,-6,-17,-7,18
,-16,-44,37,7,3,-13,5,-9
,31,15,-35,-4,0,-7,-3,2
,-26,24,-38,-5,-10,10,5,20
,-87,-65,8,4,14,72,4,-32
,74,48,0,-1,-12,-79,-18,26
,-100,-31,9,-12,1,54,21,19
,28,-71,-94,-13,-7,-16,-32,-24
,56,99,100,14,1,-22,20,25
,-70,-27,6,14,7,-1,7,-31
,62,-8,-25,-12,0,31,13,6
,-42,-16,11,7,-1,-20,-9,-7
,-7,6,-33,-11,-9,-56,-10,-23
,76,-2,-20,-4,-3,-37,-1,18
,-22,24,22,5,10,103,11,-8
,16,-7,26,0,5,9,16,23
,48,22,3,17,-4,-73,-14,-44
,-111,-48,1,-2,-3,50,-1,13
,10,48,-9,-8,-5,-59,-22,-11
,20,4,-15,-12,-1,22,11,12
,-48,-46,24,14,5,0,-1,-23
,43,-7,-1,-13,-4,-27,-9,30
,-20,-49,85,24,2,3,11,0
,75,127,-19,-5,-1,1,-7,6
,-11,-27,-31,-7,-1,0,-1,-36
,36,25,-21,-6,-5,-18,-15,12
,-76,-75,-29,-14,0,-19,6,-23
,41,53,41,9,14,66,21,19
,-15,-68,-16,-5,-8,-33,-18,6
,-33,72,-21,-2,2,69,6,-17
,31,5,20,7,8,-15,4,-8
,0,-5,-18,1,-6,-19,-2,10
,-61,-16,-10,-8,-3,15,-19,2
,-6,12,21,1,1,-67,1,-7
,48,22,10,5,-7,12,10,31
,11,25,34,-3,-5,1,6,-13
,8,-4,-14,3,2,22,-4,-2
,-9,-62,-11,1,4,11,-2,2
,23,48,-16,-7,-9,-11,-11,-13
,-32,-15,-20,3,3,-26,2,3
,-37,-48,3,-4,3,-14,-4,16
,61,50,-13,-6,-7,29,5,-20
,-15,-68,-15,-3,5,27,7,-15
,-27,-2,47,13,-2,-17,-4,28
,12,12,-23,-5,-4,20,4,-2
,-27,-7,1,0,-3,-33,-25,-18
,38,7,2,1,5,-21,-1,0
,-67,-12,14,-5,-11,-17,-5,-5
,35,-20,-12,6,14,77,28,12
,-19,52,51,14,-9,-28,-5,-8
,70,-27,-51,-8,-4,-29,-21,23
,-1,18,-23,-11,-11,-59,-5,-13
,11,18,20,2,4,62,24,16
,-30,-17,-43,-7,-5,-56,-18,-20
,3,13,46,7,8,78,10,-11
,-44,-57,-12,-2,1,-15,-4,13
,67,60,-4,-8,-6,-25,-9,0
,-11,-19,-14,-2,3,24,13,4
,-38,-23,57,26,-2,-55,5,13
,-18,-53,-41,-10,-1,28,-12,-22
,15,33,25,2,1,17,12,3
,-28,17,-11,-3,-1,-43,-1,9
,-39,2,10,-11,0,29,-7,-17
,67,23,-3,9,8,30,13,2
,-8,-22,-4,-1,-7,-79,-22,4
,-45,1,-23,-2,3,36,-9,9
,57,-23,-15,-13,-1,17,32,23
,-61,0,-23,-8,-5,-3,6,7
,23,28,12,-3,2,-13,-4,-10
,27,-35,-28,-4,-1,4,0,-6
,-19,10,-15,-2,-3,-20,-7,-26
,-11,-11,24,0,-1,-43,-22,-21
,-21,-26,-33,0,-4,33,6,6
,-22,10,18,6,8,61,17,-5
,1,49,32,2,0,-7,2,45
,21,28,-43,-10,-3,-19,-7,-37
,-37,-45,52,6,-5,-25,-10,-20
,-8,-29,7,9,8,-3,3,13
,-13,7,-33,-5,-2,22,3,6
,-45,-6,-8,-3,-4,-9,-2,-7
,14,10,-37,-14,-7,-5,-8,6
,35,11,0,-6,-9,20,-2,-3
,-7,-14,15,8,4,-39,-15,-29
,20,7,27,0,-14,-90,3,0
,-39,14,2,-2,-2,110,6,-3
,-12,-6,10,1,2,15,-3,7
,-39,48,-39,-13,-5,-34,-10,-21
,42,-35,22,9,7,49,16,6
,0,6,30,0,-7,-37,-5,48
,-16,-32,-8,0,-4,-46,2,-24
,-27,31,27,5,1,46,6,9
,6,1,-58,-10,-3,20,1,9
,21,6,48,8,13,-22,3,-5
,79,28,-25,-13,-6,9,-12,12
,-31,-92,-13,10,3,-10,-9,-21
,22,41,3,1,-4,-8,6,19
,-3,6,-29,-11,-4,-7,0,-6
,2,4,40,1,-6,19,-7,-26
,70,31,-50,-8,0,2,2,26
,-20,-10,68,1,2,27,-1,-7
,0,-23,-1,11,1,-23,6,8
,4,41,-26,-11,-11,-15,-9,-14
,5,-47,13,-6,0,20,-1,-25
,-23,14,4,23,16,49,6,36
,-1,20,-27,-8,-1,3,4,3
,-9,-42,18,4,1,-20,11,15
,-94,17,-36,-14,-8,-28,-17,-9
,30,9,59,0,0,-2,-8,6
,-24,-33,-9,4,-4,-23,-14,-41
,-17,-8,-3,-1,6,-5,11,40
,36,-19,-29,6,-2,-6,2,11
,-13,29,-20,-3,1,0,16,-17
,-33,-4,6,-1,2,55,5,1
,8,0,-6,-5,-5,-26,-12,-12
,22,-12,18,-1,-8,-11,-6,-7
,42,-32,-8,-2,-2,-18,0,31
,15,68,-25,-8,-6,-42,-15,8
,-5,-23,31,8,8,36,2,-19
,15,-2,13,16,12,15,15,15
,17,-4,-31,-6,-5,2,-6,-4
,-37,-38,-38,-9,-5,-16,-6,-19
,16,29,73,2,1,5,-5,22
,46,35,1,8,2,-25,-3,2
,9,-29,-20,-11,-7,10,-8,-32
,20,18,43,9,8,14,16,14
,-31,-37,-57,-4,-3,-10,-2,-14
,-12,10,13,-7,-3,20,5,11
,-7,-27,-5,-1,-3,-51,-20,-1
,33,1,-16,-9,-8,38,-3,3
,13,-11,-7,11,15,23,22,14
,-94,-11,0,-9,-9,-9,-5,-13
,21,16,-8,-5,1,-8,-2,-6
,47,-23,-15,3,-3,-10,-10,-9
,21,21,1,2,3,15,-9,-13
,-20,-11,42,13,0,-85,0,-9
,3,1,-4,1,8,110,15,16
,-37,5,3,3,2,-25,0,0
,-1,-7,-31,-11,-8,-13,2,-5
,52,54,-56,-13,-4,-1,-10,-21
,-55,-56,58,9,0,-32,-8,1
,27,-7,1,7,0,2,7,-2
,26,21,18,6,4,16,0,20
,-46,-22,12,-8,-5,3,17,5
,23,15,-25,0,0,39,19,-17
,17,-18,-56,-12,1,2,-12,-7
,11,4,15,-1,-6,-25,1,-1
,-49,-18,54,6,-3,17,-11,5
,6,51,-30,-2,0,-32,-13,-31
,53,17,-11,-11,-2,-2,4,9
,-117,-33,2,5,-3,-6,-6,-20
,58,-10,2,-1,-3,-23,5,-4
,-43,-19,-5,-2,1,37,-7,31
,-13,15,18,-2,-4,-21,-4,-31
,-19,20,-30,-11,-2,5,-4,-6
,58,-15,-42,-7,-1,19,2,32
,-5,5,66,9,-2,-52,3,-2
,-6,6,1,3,3,42,9,-21
,29,-25,-11,1,5,8,7,35
,-33,-15,7,3,-4,-11,-20,-37
,59,75,-56,-14,-9,-21,-3,18
,-26,-24,53,18,2,14,-4,6
,-40,-14,21,2,4,-8,8,-3
,33,-20,-13,0,2,9,3,15
,-13,-16,-22,0,0,38,11,-10
,12,-19,43,-2,-3,-27,-21,-19
,33,3,-16,4,-4,-21,-1,32
,-33,51,-11,-9,6,53,9,11
,83,-23,2,7,4,-14,2,8
,-19,10,-15,-6,-1,-1,-2,-10
,-17,25,-8,-7,-10,-54,-17,-48
,14,-7,61,6,1,30,-3,37
,-11,2,-13,4,4,18,6,-14
,-9,2,-7,-4,2,-17,0,-2
,-7,-7,1,-1,-4,19,2,-14
,2,9,-18,1,3,-14,-1,0
,-5,5,25,1,-5,-5,-8,-4
,-33,-41,-26,-3,1,-2,6,12
,-17,32,-25,-5,-5,14,-2,-18
,17,5,44,16,3,5,6,8
,1,-14,7,-12,-9,-11,-3,9
,-26,-12,-21,-5,0,-29,-11,-7
,-20,12,0,-6,-1,24,13,-7
,4,-33,8,8,3,-51,5,0
,22,41,-38,-9,1,73,-9,10
,28,37,53,5,1,-2,5,-7
,20,-36,-13,-7,-2,-11,-4,-5
,-11,-14,-33,2,-3,-18,-14,-19
,0,-19,15,2,-2,-41,2,-1
,-22,1,2,-1,0,5,8,22
,-14,29,24,8,4,39,7,4
,10,18,-38,-13,-8,-2,6,-3
,-39,-23,22,3,-2,-16,-5,-8
,23,-36,-33,-2,-7,-18,-19,-15
,59,20,45,13,12,5,19,19
,-73,8,-30,-10,-5,32,1,6
,-31,-9,-11,-11,-5,-36,-11,22
,-12,14,22,6,6,19,12,6
,-3,44,-17,-5,-7,-19,-11,1
,30,-3,-11,-7,-3,3,-18,-19
,-52,-23,42,8,5,6,10,-21
,30,14,-22,-7,-3,-4,6,24
,-20,-30,-8,2,-6,-13,-4,-21
,81,70,30,1,9,36,15,34
,-37,-23,-20,-1,2,-28,-7,-8
,-4,-9,-37,-6,0,4,-8,-2
,-27,-11,-22,-7,-11,9,-5,-28
,-22,-20,60,6,-1,-13,1,-4
,-8,19,-30,-1,2,14,13,-4
,60,-8,21,5,-2,-7,-14,4
,-95,17,-40,-17,-9,-6,-11,-8
,42,-34,-24,-18,-10,-13,-13,-16
,5,39,46,15,4,-8,12,5
,-11,-19,-3,1,5,26,13,2
,20,-51,-1,1,-1,-21,-15,10
,-21,1,-57,-12,-6,-9,-5,-4
,3,29,26,6,0,6,-8,-35
,-13,6,-19,-2,-5,-39,-8,-4
,21,-35,22,0,5,53,19,36
,54,53,9,3,0,-10,-5,-5
,-14,-42,-21,-2,-6,-18,-17,-20
,8,-4,1,1,10,10,17,-8
,14,12,-3,-5,-12,-18,-11,19
,-17,1,3,2,1,-4,-9,-32
,26,-24,-19,-7,-5,-2,7,32
,9,22,41,7,-2,-3,4,11
,-1,-23,-5,4,9,0,8,2
,-41,-21,-36,-4,0,-4,-3,-17
,-19,15,13,-7,-5,-13,-7,-3
,39,21,2,0,-4,7,0,16
,44,-5,-28,3,7,13,-5,-8
,-25,-17,80,16,5,13,4,-8
,19,9,-8,4,5,7,3,23
,-20,19,-23,-1,-5,-1,6,-10
,23,22,6,-10,-6,-1,-10,1
,10,-37,-43,3,1,-3,1,7
,-1,-6,0,-2,0,-8,-6,-13
,-7,21,72,-2,-3,9,-3,25
,14,-21,-25,7,1,-34,-5,-11
,-51,-1,-10,-9,-2,18,4,2
,-19,2,-4,-4,-7,-2,-11,-11
,61,-12,-31,-2,2,5,13,2
,0,30,-17,0,5,-13,-10,6
,55,-64,57,-2,-4,-30,-6,20
,9,54,6,8,3,31,15,-30
,-40,-5,-35,-8,-7,8,-5,-1
,-35,29,24,0,-2,-2,1,-15
,-12,-25,-83,-20,-6,7,-14,-8
,10,-10,29,5,-1,-73,-1,-1
,-28,-9,42,8,4,53,7,-5
,68,-57,-9,6,2,8,5,-3
,-20,105,-6,-2,-1,-21,-6,26
,-38,-52,5,-5,-4,37,5,-14
,-22,25,-14,-3,0,-20,-5,-17
,3,-19,1,4,2,3,-2,3
,-2,-22,2,3,-4,-28,-11,12
,20,20,-2,-3,-1,21,8,16
,14,-7,0,-6,-2,2,1,-2
,7,5,-5,4,0,-3,-8,2
,-70,-9,12,-1,-5,-3,0,-10
,22,-5,-12,-4,2,10,10,15
,-24,-16,-44,-8,-8,-14,-8,-20
,1,-24,51,2,-1,-23,-4,11
,33,73,-15,0,3,29,18,-3
,-33,1,-8,-12,-1,16,-8,-4
,-37,-30,4,10,0,-18,1,-8
,20,24,-4,2,-2,9,-9,20
,-9,-35,-6,0,4,-10,19,-15
,2,0,20,-1,-2,21,-14,-4
,-21,-10,-22,3,-1,-33,-5,-7
,-37,30,32,2,9,30,13,9
,49,-25,-6,-1,-2,-5,-5,-5
,-23,15,-22,-2,1,-12,1,-4
,-29,-30,-16,-3,-2,3,-8,-14
,-7,16,-3,-10,-12,-19,-17,-14
,19,-9,6,-3,1,10,6,1
,16,11,-30,3,8,12,3,13
,8,-13,27,-1,0,-13,-7,2
,-11,-34,-18,-5,-4,8,7,1
,1,49,20,-2,-7,-21,-22,-9
,-41,-53,-22,3,2,8,6,-20
,65,8,29,-1,0,17,12,42
,12,29,-15,-6,4,-1,6,-15
,-54,-20,18,12,1,0,-7,9
,25,-19,2,-4,-5,-29,-2,3
,-13,25,-6,-2,-1,10,-2,-8
,36,-8,4,-3,-2,-4,2,-13
,-26,-13,-33,-4,0,19,7,5
,3,31,37,6,0,-19,-14,3
,18,-4,-15,-7,0,-5,3,13
,-12,4,39,7,2,20,9,1
,-10,-31,-29,3,4,0,1,-15
,36,-8,8,2,3,22,10,11
,3,10,-27,-8,-5,-6,-16,-16
,-5,15,1,-1,-6,-30,-8,0
,-20,-39,7,-5,0,39,17,12
,58,45,-3,-1,-4,-2,-2,-30
,-12,1,-1,1,-2,-10,2,-9
,-6,-12,-9,-8,-5,-23,-12,20
,1,11,7,-1,-4,-5,-5,1
,-76,12,-13,-12,-4,-1,-8,-9
,43,18,13,4,2,13,10,5
,-81,-29,-4,5,2,4,-5,-23
,92,28,-27,-7,-6,-14,2,10
,19,-26,30,7,-1,-9,-8,3
,-17,59,-6,-5,-2,-6,4,-2
,-8,-13,-11,-4,1,-4,10,24
,-22,23,6,0,4,41,4,-15
,91,-29,-10,2,-3,-23,-9,-22
,1,-7,32,8,3,9,10,32
,12,10,-11,2,-1,-1,0,-23
,34,13,0,-4,-5,-16,-1,-8
,-56,-10,-19,-5,-2,-7,0,10
,-10,-23,-1,-1,-5,-18,-14,-4
,32,-29,-26,-7,-9,-3,-3,-4
,-6,18,18,16,19,25,17,30
,18,-12,37,7,-2,8,4,-13
,-43,-29,-30,-7,-9,-28,-10,-5
,-7,42,7,-3,-1,26,4,-7
,-75,-44,-43,-10,-8,-33,-17,-22
,70,17,-4,-5,6,21,13,23
,-14,-7,15,0,3,16,-2,5
,23,-2,-2,2,3,11,2,6
,-10,-5,23,4,-7,-30,-14,-13
,-64,-5,-15,-11,-4,-2,-6,-8
,14,17,-24,-5,0,-5,0,8
,0,-28,27,17,8,13,13,19
,45,2,-15,-5,0,6,-2,-10
,-86,-22,-8,-4,-7,-16,-6,-7
,-3,13,-7,2,0,23,13,14
,34,41,-2,-9,0,-7,3,12
,26,-7,25,12,5,8,-2,14
,-10,5,-46,-12,0,-1,-3,-8
,7,-30,7,-1,-7,-16,-1,-5
,-44,-13,53,7,5,16,8,-7
,50,36,-13,-5,-7,-5,-4,2
,20,-44,-21,5,1,-12,-6,3
,-34,59,30,7,4,15,1,26
,17,-23,-48,-7,-3,-15,-5,-17
,1,-11,19,9,3,-13,-1,-5
,13,-23,14,-8,-4,-2,1,11
,-14,18,-19,12,4,12,-5,-20
,-21,-6,-2,-6,-4,-12,-9,-29
,-2,39,13,1,-1,2,8,21
,25,-11,-29,-1,4,2,4,3
,17,-42,18,-6,-7,-7,-14,3
,15,48,5,3,4,2,12,-1
,-4,-35,20,0,2,-3,-13,-17
,-37,17,7,-4,-7,-13,1,13
,41,2,-22,-5,3,19,-4,-11
,-42,-60,-21,-2,-6,-12,-6,-23
,13,17,2,-4,-5,-20,-7,15
,-49,4,13,1,0,21,10,4
,2,-32,-8,-7,-1,-10,-4,-22
,9,36,20,12,5,11,-2,-2
,48,-1,-8,-4,-5,-5,1,-24
,-11,7,22,7,0,-6,-1,44
,32,8,-41,-8,-2,3,-11,-3
,-53,-38,14,-6,2,-18,-7,11
,-38,30,51,16,5,18,12,-37
,30,24,-36,-4,-8,-1,-11,3
,15,1,17,-6,0,-1,18,5
,51,-28,-17,-8,-6,-7,-15,-5
,-20,1,-1,3,-1,-2,4,13
,-50,18,-23,-10,-3,-4,-7,-7
,16,-42,39,25,10,11,13,-23
,9,10,-12,-9,-7,9,7,49
,-29,45,-10,-9,-8,-16,-10,-12
,2,-9,12,8,6,6,0,-9
,31,15,-33,-16,-8,-12,-8,-1
,46,-14,2,-1,1,-1,6,-9
,-6,-54,40,3,0,14,6,17
,-49,17,2,3,2,-3,1,-26
,-13,4,-22,-10,-5,-14,-12,-1
,-17,26,45,3,-5,-2,-5,-28
,63,-52,-72,-6,2,2,9,50
,-20,4,17,-2,2,12,5,-8
,45,4,-2,0,0,-4,-5,4
,24,29,2,1,-3,-13,-3,-10
,-23,6,-3,-5,6,28,-3,-12
,6,-55,4,1,-7,-28,0,6
,-58,-11,-4,8,9,45,16,4
,68,25,-19,-10,-5,-4,-6,22
,-41,-8,-16,1,2,-8,-7,-19
,62,35,-13,-3,-6,-30,-12,-3
,-77,-13,25,-3,-6,-6,6,8
,-4,-42,13,0,4,10,0,-12
,-48,-20,7,9,2,7,4,-10
,39,48,-14,-5,-2,5,1,2
,-13,-35,-18,-5,-2,-10,1,-14
,-26,4,2,2,1,3,-3,12
,9,-2,0,6,-2,-2,-8,-14
,20,7,32,-2,-1,-5,-8,8
,28,19,-14,5,7,32,28,3
,-31,13,12,4,0,-1,3,12
,-17,-22,-17,-12,-6,-20,-6,-14
,7,10,-2,2,-5,5,-10,-11
,-32,-12,22,0,-4,-23,-9,-10
,-10,12,-1,14,10,13,11,13
,0,13,-17,-8,-10,-15,-14,-15
,24,-24,-1,-7,-8,-18,-1,15
,-17,-6,1,0,1,15,-1,-12
,16,-29,-45,-7,-4,-1,9,-24
,-33,20,1,-6,-2,-7,-2,32
,22,-12,27,15,5,12,-3,-2
,-44,24,-2,-7,-3,-16,-10,3
,5,68,49,14,6,13,5,14
,1,-41,-26,-5,5,12,8,-23
,-20,36,-24,-6,-2,5,4,13
,29,-38,6,-2,-7,-13,-15,-8
,-29,-20,-7,-10,-2,-12,-7,-6
,-5,12,27,18,9,22,19,37
,-34,5,14,4,2,14,5,-15
,8,-13,-10,1,-1,-20,-18,-11
,28,4,-29,-8,-10,-27,-3,-4
,-9,-35,7,-6,-6,16,3,-23
,2,15,-40,-4,1,-2,-8,-2
,-5,12,32,-1,3,5,17,38
,34,-9,-13,8,1,13,-3,11
,28,-2,28,-3,-2,-13,-3,7
,-21,-29,-3,0,-1,1,-1,-27
,-3,52,-28,-10,-4,-15,-10,7
,-38,-14,30,20,6,-4,-3,1
,42,-6,-1,-8,-1,-2,7,4
,-67,-8,10,-2,4,25,12,4
,38,10,-10,4,-3,-6,-10,-9
,-2,-29,-21,-12,-5,-7,-8,8
,-48,23,-3,-2,-4,-6,-2,-44
,31,-15,15,3,6,8,10,33
,-50,-13,-36,-1,3,5,1,-23
,-20,2,47,-2,-6,-10,-10,-14
,48,17,-27,-6,2,3,9,17
,-8,-11,68,15,3,31,13,17
,-20,15,8,-3,-5,-12,-8,-8
,25,-29,-43,-11,-3,9,-2,13
,-16,19,-4,-11,-6,-18,-7,-5
,71,-1,17,9,1,-12,3,-14
,31,12,8,13,8,21,8,13
,-19,-19,-7,-2,-1,0,3,2
,27,55,-41,-15,-7,-9,-4,10
,9,-42,13,-1,-2,-16,-12,-5
,0,-9,26,12,3,3,5,-28
,1,5,-28,-5,-3,1,-10,11
,5,-26,5,5,6,-12,1,12
,-15,16,-36,-10,-6,11,1,-26
,7,0,12,-3,-5,-12,-2,25
,-18,-13,8,3,4,7,15,-12
,4,44,4,2,3,11,1,25
,14,16,0,1,0,-11,-7,-8
,31,-15,23,6,-2,-19,-9,-14
,-19,1,-6,0,-1,4,14,22
,66,-23,-22,1,-1,19,3,-10
,4,17,12,-4,-1,-4,2,33
,-8,-9,0,4,1,10,-2,-12
,-25,-6,-14,-3,-3,-13,-20,-20
,66,47,55,4,-3,-12,10,21
,-6,-10,-25,1,0,9,-6,-33
,-18,-12,-5,-10,-2,0,-2,6
,-16,7,-22,-2,-1,-17,-10,-20
,-23,-20,-6,3,0,4,1,-12
,-87,-9,-14,-4,4,6,9,9
,-9,7,13,-1,-4,-16,-8,5
,25,13,-37,-15,-4,20,5,-14
,-43,-35,62,19,7,2,-9,-20
,42,8,-22,-3,-13,-46,-6,21
,-47,13,-1,-2,-1,-3,3,19
,-6,-22,5,2,5,6,4,-6
,64,13,-29,-13,-6,2,-11,16
,-35,15,10,-5,-3,-20,-22,-37
,-17,-1,-27,6,7,29,19,-16
,-20,-18,13,1,1,16,-8,6
,-22,-10,23,3,-1,-14,9,18
,38,-34,6,4,4,11,-2,6
,-21,17,-9,-6,-5,-20,-11,-14
,-10,25,3,1,4,10,6,2
,-14,-14,-16,-1,-1,6,-8,-22
,38,4,-22,-1,-1,-3,9,15
,44,-4,24,1,4,3,2,9
,-6,24,-22,-9,-8,-9,-3,-26
,-78,-32,64,14,-4,-11,-11,26
,16,25,-28,-7,-1,-10,-4,-20
,63,8,17,-1,1,34,14,19
,-23,-12,-17,6,-1,-10,-6,-12
,-14,1,-42,-13,-2,-10,-4,-8
,18,-23,58,19,6,0,1,-1
,35,18,-32,-7,-2,-1,-2,19
,54,17,11,-6,-4,-7,3,6
,-27,-18,-22,-8,-3,-2,-8,-1
,-26,-9,-19,-8,-5,-11,0,-6
,28,-8,6,3,0,10,6,-2
,-1,-2,21,-3,-2,7,8,0
,6,15,-46,-1,0,-4,-3,-10
,-11,-19,66,12,-1,-4,-2,-1
,22,6,-28,-4,1,-15,-7,31
,11,6,18,-5,-5,0,1,-3
,-6,-4,-32,-9,-2,-1,-4,-23
,-6,7,-2,-1,-4,5,-3,-12
,-40,3,-11,1,-5,-23,-14,7
,27,-2,-6,-1,7,3,13,16
,-8,13,19,2,-1,6,0,-16
,2,-14,-23,-3,0,7,1,9
,-21,-15,9,0,-1,-1,4,-15
,-45,1,-15,-4,-1,-4,-6,6
,13,3,-35,-1,-5,-9,1,-21
,18,-7,50,13,7,5,7,27
,19,-6,-1,1,1,1,1,-13
,-34,3,11,0,-2,-7,-2,10
,56,12,19,0,3,23,3,15
,19,50,-35,-5,1,27,6,1
,-40,-44,3,-4,-5,-23,-16,-32
,14,-13,7,3,0,-1,5,18
,-21,-27,4,3,-2,-17,-10,3
,90,89,-31,-12,-6,6,1,-14
,-47,-34,8,-4,0,-4,1,-15
,9,-8,14,6,0,-2,-7,-13
,-11,-20,10,3,-1,0,5,7
,9,-21,-48,-7,-6,-18,-6,3
,-39,30,30,0,4,2,-1,-10
,-5,-19,7,2,-1,3,-4,14
,58,14,-14,-1,3,1,5,12
,-40,9,8,-11,-1,2,0,-13
,-4,-7,-11,3,0,8,1,-1
,6,8,-21,-7,-5,-8,-7,12
,-30,-33,48,18,4,-4,2,-32
,-7,37,-42,-13,-3,10,3,26
,8,-3,16,3,4,-2,-1,21
,-30,31,-12,-2,-6,-6,-1,-15
,-25,-27,-15,-2,-4,-7,6,8
,-10,-19,29,6,4,-7,-11,-19
,4,-21,-10,-1,-3,10,5,3
,41,5,12,2,2,0,4,4
,-45,10,-5,-9,-2,4,-7,-11
,-9,-22,-24,2,1,-12,0,5
,36,12,41,6,0,28,12,-1
,25,-1,-8,-1,5,3,7,6
,-30,2,18,0,0,8,-2,3
,0,11,-45,-8,-2,-10,-4,5
,13,5,22,-6,-10,-21,-14,-19
,20,-8,14,10,6,17,11,12
,-70,2,-13,-5,-2,1,5,4
,-21,-38,2,1,-2,12,4,2
,48,4,-47,-4,1,9,-7,0
,-48,3,13,-1,-6,-32,-7,-16
,36,17,1,-2,1,6,4,29
,1,-16,20,2,-1,0,-2,25
,-43,3,-10,-3,-8,-9,-7,-39
,48,10,6,2,4,-6,-2,13
,1,3,-39,-4,1,5,2,-10
,-13,-50,53,4,-4,-5,1,-2
,23,21,2,11,8,5,11,38
,-21,1,-28,-8,-4,-2,-9,-14
,31,3,21,-3,-5,-16,-9,6
,-32,-3,-49,-8,-3,-1,-3,-39
,-6,0,24,5,1,8,6,28
,-48,-8,26,4,2,-13,-6,-7
,48,15,-10,-4,-5,8,5,8
,-19,-11,6,1,2,22,3,11
,1,-21,-19,-6,3,0,-3,-20
,-10,26,-25,-10,-3,-7,-2,-11
,-2,-13,47,9,1,-10,-3,-7
,-29,-34,-10,6,2,7,0,-21
,51,63,-36,-5,-5,-8,-2,13
,7,-20,39,7,5,8,-3,-4
,-35,-6,-34,-9,-6,-2,-2,-10
,15,-18,30,2,-1,-1,5,8
,60,7,-28,-2,4,-10,0,1
,-14,14,-40,-16,-8,3,0,-10
,15,-40,94,19,7,24,4,-26
,28,33,-37,-6,0,-15,-5,18
,-23,-19,15,-6,-3,6,-2,19
,-2,1,-13,0,-5,-26,-12,0
,9,17,-31,-6,0,7,-2,-1
,2,-14,24,7,6,17,9,-16
,-7,3,-2,-2,-4,-18,-3,-20
,-6,-11,-22,-6,1,11,1,5
,3,-12,-23,-5,-1,9,4,8
,2,16,32,5,3,-20,-3,7
,-56,-10,1,-4,-3,-2,0,4
,23,-2,1,9,2,15,6,-9
,-23,18,-8,-4,1,-14,-6,-10
,-12,11,-1,1,-2,-12,-5,-15
,-10,-4,-12,-3,-1,20,9,-5
,54,0,0,-7,-1,7,-2,20
,21,4,33,10,-1,-13,-5,16
,31,-2,-18,-12,-4,11,-4,-24
,10,8,-36,-8,-4,-10,-1,-2
,-24,-9,37,7,-5,-5,-1,-16
,-6,26,-24,-8,0,-2,-4,10
,-12,-1,-7,2,-3,-2,1,8
,8,-22,26,-7,-11,-9,-13,-11
,31,29,-7,7,0,4,7,12
,-18,-5,-14,-2,0,-6,2,-8
,-56,-6,-1,0,-7,-8,-8,-16
,-32,-12,-29,-9,-2,-2,0,-4
,20,-4,19,0,-3,-19,-6,-6
,26,-8,1,9,8,36,14,14
,-23,19,53,3,0,-3,-3,5
,-66,-4,18,4,-2,-4,1,3
,4,-26,-21,-1,-1,-3,-10,-9
,-13,4,-11,-1,-4,-26,-9,-1
,41,10,-24,-8,1,-3,7,9
,-7,1,15,8,0,15,7,-3
,14,22,26,-7,-6,-1,1,5
,-17,-34,-24,-2,0,8,5,-1
,15,-6,-3,1,-5,-19,-12,-19
,32,-6,-9,-1,3,3,7,24
,-22,2,0,-1,0,15,6,7
,25,18,17,-1,-3,0,-7,0
,-8,-5,-7,-4,-3,-21,-15,-21
,51,21,-28,-4,1,-18,-5,-3
,-38,-44,32,14,1,24,11,-8
,14,0,-14,-2,3,-1,0,20
,-39,-4,2,-3,-3,0,12,25
,52,11,-15,3,-1,5,-3,-1
,-46,-3,-3,-9,-4,-14,-10,-13
,-21,-7,20,-5,-6,-10,-1,-17
,-11,-4,-57,-2,2,11,0,5
,2,-41,25,1,0,-6,0,2
,14,20,-6,-1,0,3,2,-13
,-3,7,-31,-5,-2,-17,-7,5
,19,1,34,-1,-1,2,2,25
,7,1,21,5,2,6,7,7
,4,9,-25,-7,-1,1,1,13
,-37,-7,-13,-1,3,7,-2,-39
,24,10,3,-1,-2,-2,-1,1
,21,-3,16,-3,-9,-24,-13,17
,-14,-15,23,10,4,-3,-1,5
,19,-16,-39,-4,-2,7,11,0
,-67,32,20,-5,-1,17,8,-10
,-24,-28,9,6,7,-2,-11,-20
,9,2,-31,-10,-6,-5,-7,-11
,16,0,15,1,-4,-11,-8,-5
,-2,-16,-44,-2,1,11,6,27
,25,10,31,-4,-3,-10,8,-6
,-12,5,-14,-1,0,16,1,21
,14,-11,29,3,2,7,-5,-3
,1,-6,9,2,1,-14,-9,-13
,-36,17,-30,-7,-7,-1,-1,1
,25,-11,-12,4,6,16,12,14
,-2,-4,28,2,-2,-3,-3,-9
,-14,1,-5,-5,-2,-1,-10,-17
,7,3,19,11,0,-8,-9,2
,53,-9,9,1,3,6,5,-7
,-28,39,-13,-7,2,15,10,1
,62,-4,1,2,-2,-22,-11,8
,-63,-20,-18,4,5,20,13,6
,1,8,18,-4,0,-8,-9,3
,-24,-12,-34,-10,1,-12,-3,-7
,51,-11,36,14,4,19,7,8
,-36,-3,-18,-6,-5,-16,-4,-3
,-7,7,-2,0,-4,-17,-1,-4
,36,23,-19,0,-2,12,6,29
,-59,-14,2,-6,-1,-5,-3,-22
,-55,-12,-33,-2,4,12,-2,-22
,-17,-1,16,4,3,8,7,-1
,27,0,29,6,-2,-8,-2,25
,-19,-30,-20,-2,-1,5,7,-16
,40,40,16,-3,-3,-2,-6,-6
,-31,-6,-29,-13,-7,-14,-10,-17
,10,-1,-26,-5,-2,-11,-5,3
,0,-2,55,16,6,12,10,7
,18,-10,-38,-10,-4,-3,-3,-10
,-26,0,33,4,-1,-14,-11,-17
,19,6,8,5,3,8,4,23
,39,7,-11,-7,-2,-3,4,23
,-19,-6,4,2,-1,-1,2,-3
,0,-11,-31,-1,-4,-15,-7,-5
,-39,-7,15,0,1,8,1,-24
,13,7,-9,4,3,4,-4,5
,31,16,1,-6,-8,-7,1,0
,-19,-17,-37,-7,-2,14,4,-5
,-45,-14,81,5,4,4,-4,-3
,39,-2,-40,0,-6,-14,-1,16
,3,-3,22,2,2,11,0,-20
,9,24,-25,0,-4,-1,0,15
,-2,4,14,-8,-9,-17,-9,-12
,-41,10,-54,-7,10,22,0,-13
,44,-18,50,5,-4,-2,8,27
,10,-1,4,11,5,10,2,-4
,16,10,-13,-5,0,-6,1,18
,-37,-18,12,-5,-3,-17,-17,-22
,-5,10,-27,-3,2,19,6,7
,68,-6,7,-3,2,7,2,0
,-17,6,-68,-5,-5,-6,-1,-3
,11,-17,91,6,-9,-8,-4,13
,39,12,-6,7,2,3,-2,-12
,2,1,7,-7,-3,-13,-5,20
,-1,-9,-25,-1,0,1,-1,-35
,19,-7,-19,-13,-8,-23,-4,20
,-21,16,-6,1,1,26,8,-16
,37,12,41,9,0,-11,-3,6
,18,-1,5,-3,-4,-11,-6,0
,-16,4,-15,-5,-4,7,6,-7
,-21,-13,12,-2,-3,-1,-6,4
,-20,16,-29,-6,1,2,8,12
,-32,-43,5,12,1,-2,-4,-24
,13,11,5,0,0,-2,-2,-24
,-8,-15,-50,-6,-1,-12,-7,17
,15,12,28,-7,-4,-3,-2,-4
,-31,26,44,7,2,5,7,6
,-51,-3,-34,-5,-2,14,4,-4
,45,-10,-10,-7,1,-6,-3,-23
,-10,3,10,11,6,4,-2,13
,21,-3,-12,-1,-1,-1,4,2
,-18,5,-1,-2,1,3,2,1
,-49,-4,-11,-11,-6,-21,-10,4
,-6,-29,12,6,1,20,6,2
,-12,32,24,-1,-2,-1,-6,-13
,79,9,-25,3,3,13,9,24
,-72,-32,32,5,4,-15,-7,-7
,22,-11,-13,-2,-7,-1,-1,4
,-16,-12,-34,-2,4,9,2,-4
,6,16,15,4,-3,-10,-5,-15
,37,13,36,4,-3,1,-3,7
,-43,-15,-20,-1,0,-16,-6,-14
,9,-14,-25,-10,-3,2,-4,-11
,-10,1,-8,0,4,8,1,-8
,12,5,-11,-1,1,7,6,16
,-35,13,54,13,0,-6,-4,2
,3,1,-18,-7,-3,-7,-1,-22
,-11,-15,-1,-3,-2,2,0,15
,-7,1,-14,-8,-1,13,8,-20
,-4,-9,-35,-13,-7,-6,-3,-15
,38,4,30,8,0,-6,-3,24
,-16,21,30,4,1,-15,-9,-19
,5,-29,-34,-2,0,9,4,11
,3,11,9,-12,-5,-1,1,-13
,17,-9,-18,4,2,-8,-5,19
,-37,-3,-8,-8,-6,-1,-2,-10
,-24,10,3,2,0,-14,-7,-7
,-10,-11,-21,-4,5,4,1,10
,7,-4,55,12,3,9,4,-4
,-7,10,4,0,-4,-11,-4,-4
,20,22,26,4,7,9,-1,11
,-25,-1,-18,4,-1,-10,-2,-11
,10,-13,-35,-18,-2,-5,3,24
,24,-4,23,13,4,12,8,1
,-21,3,-9,-6,-7,-13,-12,-21
,33,-8,11,1,0,2,-4,-19
,-3,12,11,-2,-4,-2,4,28
,-6,3,-41,-6,0,13,2,-11
,61,16,17,3,0,-1,3,26
,39,-5,-9,-3,2,7,-6,-8
,-11,-14,-27,-7,-5,-25,2,-1
,-11,2,32,4,2,3,-1,-8
,0,-2,-1,2,-3,-8,-3,2
,-6,1,5,4,0,2,-6,-9
,-43,-5,-24,-3,3,23,12,6
,14,0,2,-10,-6,-19,-6,4
,-44,0,-1,8,3,5,-3,-13
,20,-1,16,0,0,6,5,6
,15,-4,-13,0,-2,-5,-9,-3
,-29,-16,-10,-5,-3,-6,-6,0
,19,3,-11,-6,0,-8,-1,-11
,-28,5,-6,-2,0,11,13,25
,21,11,27,6,0,-12,-6,5
,-23,-8,-28,-8,0,12,8,3
,1,-1,52,8,0,2,-1,-7
,-15,-11,-35,1,-1,-6,-4,-12
,17,10,17,-3,0,3,3,10
,24,6,3,0,3,-9,-6,-1
,23,-8,-42,-5,-1,-13,2,-8
,-16,11,51,8,6,18,13,28
,2,-11,8,0,-5,-4,-8,-21
,-14,-15,-36,-8,-2,-5,-6,-16
,-15,10,-6,-3,-1,-6,-6,6
,58,-2,-2,-7,-2,9,12,19
,6,-1,-14,-2,-1,-4,-7,-5
,-4,2,-2,-6,-1,-6,-3,0
,-11,-9,19,7,-4,-17,-5,-5
,-5,0,-5,-10,-3,6,0,-2
,-25,-1,-8,-1,-7,-8,-6,-11
,27,17,20,11,3,-6,9,25
,28,-20,-2,-3,-1,24,2,0
,-13,22,-36,-5,-7,-24,-9,-5
,29,3,26,1,5,14,1,-21
,21,-21,-21,-9,-11,-17,-4,7
,-2,3,-34,-7,-2,8,1,15
,-22,1,47,3,3,0,-1,-28
,-21,-18,-18,-6,0,4,-2,-4
,61,5,-25,0,0,-7,-7,16
,18,5,22,4,2,10,5,14
,-3,-2,14,-1,-4,-18,-5,-17
,-24,10,-21,-5,-8,-3,-1,-6
,-7,-4,15,10,9,33,8,-1
,-3,-7,2,-5,-8,-17,0,-6
,-25,11,-33,-7,-4,4,1,0
,-8,-11,41,12,4,0,0,8
,-15,-3,-8,-2,-3,-3,-6,3
,-33,0,-15,-5,0,4,-2,-39
,28,2,-5,1,-4,-12,-9,16
,-6,-1,-24,-3,-4,-12,6,6
,5,-7,4,-2,0,16,0,10
,-14,10,72,22,9,-1,0,-1
,-23,-5,-8,-4,1,-1,6,2
,35,2,0,10,7,13,-4,-4
,-15,10,-16,-5,-1,-21,-5,0
,2,-9,-8,-4,-5,-13,0,2
,11,6,-5,6,7,26,1,1
,20,-4,14,-3,-1,7,-1,-2
,-75,-16,-11,-6,-5,-5,7,2
,30,17,-20,-8,-2,-13,-12,14
,-8,-16,-10,-5,-8,-9,-3,-17
,9,-4,-22,-8,-1,10,0,-7
,39,20,28,3,-5,-13,-6,-23
,-8,-16,1,-7,2,9,8,18
,-23,-3,-6,-4,-1,-2,-6,-8
,6,-4,-10,4,-2,-4,-3,31
,24,-1,29,-3,-1,3,-1,-11
,-15,1,-29,-1,-3,8,7,-34
,17,-6,-22,3,1,-14,-9,40
,-23,8,50,-2,-3,-11,-7,-9
,-11,1,-24,-2,0,-8,2,-3
,6,-4,20,3,0,10,8,11
,-13,-15,-7,-3,0,13,1,-16
,15,5,-18,-6,-7,-2,-8,-8
,-53,-11,2,6,4,-7,2,5
,24,22,50,7,1,9,4,3
,5,-11,-25,-6,-7,-10,-8,12
,-28,8,-26,-10,-2,-16,-10,-9
,41,2,39,3,5,16,5,-5
,-57,-17,-37,-3,0,-7,-4,-7
,-36,5,0,1,7,18,15,1
,33,8,64,10,-1,-11,-3,-10
,-24,0,-20,-1,1,6,4,6
,14,14,-16,-10,-5,-5,-8,8
,9,-21,1,-2,-5,-10,-6,-10
,11,22,-34,-3,-1,-3,0,-17
,-45,-40,19,9,3,10,7,19
,-22,-2,-8,2,3,4,1,12
,24,14,-11,-8,0,4,-3,-9
,-8,-5,19,13,3,-3,0,-7
,-23,19,31,-2,-5,-2,-5,-29
,44,-20,-23,-1,0,6,3,23
,-53,-5,-3,-1,0,-5,-7,-24
,-39,-9,-48,-12,-4,2,11,16
,79,10,20,1,-5,-12,-20,-15
,-31,-6,6,7,2,-10,-5,-19
,7,10,15,-4,-2,9,6,17
,7,-21,-27,1,2,9,2,-2
,-27,-8,-11,0,-4,-5,2,2
,14,16,-1,-8,-6,-6,-11,-9
,-11,-18,-13,-6,-2,1,6,-3
,-17,-3,46,2,1,-3,0,13
,15,-1,-25,2,0,1,-1,3
,4,-5,6,-5,-3,1,-1,-32
,-6,16,-11,-1,1,1,8,15
,43,8,23,3,0,15,-3,11
,-5,-10,-37,-8,3,0,13,0
,6,5,36,0,1,8,2,7
,16,-6,-3,6,-1,-12,-12,-16
,-19,1,-15,-2,-2,-2,2,-3
,27,4,-2,0,-4,-1,-6,6
,-9,3,-8,-3,-4,-7,1,12
,17,-2,19,5,-1,4,3,-17
,-16,-5,-9,-1,5,4,4,30
,-10,4,-8,-5,-3,2,-1,-13
,-11,-17,-9,3,0,-1,-1,-7
,15,14,23,8,5,-3,5,5
,-10,-16,-23,-4,0,-4,-5,-8
,-21,5,16,-3,-5,-11,-7,-2
,46,22,4,-2,1,9,9,4
,45,-1,55,9,-6,-15,-6,15
,-91,-16,-11,-2,-1,0,-3,-26
,-6,-1,-26,-7,1,-1,-3,0
,30,7,5,7,-1,-7,-10,-8
,-11,-5,-11,1,1,0,-7,-29
,62,6,-7,-6,-4,-6,13,23
,-20,-6,10,1,-4,9,1,4
,-17,-3,-8,-7,-2,-22,-10,9
,2,-7,-24,0,1,19,5,15
,-25,0,17,-1,-6,-1,-6,-15
,48,-2,32,6,6,-6,-2,-2
,-8,-6,-24,-2,-1,0,3,1
,-7,5,-20,-6,-2,-3,-2,-6
,-4,0,21,1,1,-5,-11,-4
,5,6,-17,-6,-11,-17,-2,2
,-26,-3,35,0,5,34,16,12
,30,-4,-17,-4,-6,-19,-8,-12
,-27,15,25,-2,2,3,0,-1
,26,-12,-2,10,3,4,-2,-3
,27,-4,-16,-1,-2,-17,-8,-28
,15,2,-6,-10,-4,-1,5,30
,0,19,0,0,2,8,3,16
,-18,-21,-16,-4,-3,-4,-5,-17
,6,9,-19,-4,-3,-13,0,8
,-21,-9,51,11,6,13,7,-10
,42,-4,-32,-1,-6,-14,-7,2
,-38,6,0,1,2,8,-2,-8
,-26,4,-52,-9,-3,2,8,-8
,2,-11,17,-5,-7,-28,-18,-3
,-43,-7,3,6,-1,3,8,-20
,80,15,4,-3,1,18,10,29
,1,-10,-2,1,1,-1,-11,17
,-20,-6,-26,-7,-2,-11,-2,-32
,3,-11,2,-3,-3,3,-7,-2
,2,32,-4,-3,-2,-4,-2,10
,-3,-39,-27,2,1,7,1,6
,-15,24,33,4,4,21,5,8
,10,-12,-24,-4,-1,-6,-4,3
,4,7,48,4,2,-8,-5,-30
,-12,1,0,6,3,15,10,6
,12,-4,-25,-5,0,6,-1,10
,14,21,11,3,0,-8,-3,-20
,-92,-16,14,5,-3,-3,-6,6
,74,-4,-3,-5,1,-11,-4,4
,-21,0,-10,-3,-7,-22,-8,-21
,-28,-12,-21,1,4,29,17,17
,40,-12,-15,-4,-1,-1,-1,5
,-36,7,15,-1,-5,-3,-4,15
,-22,0,-9,-1,-6,-9,-9,-7
,20,-16,4,1,0,-5,2,-2
,-31,-3,13,-4,-4,1,7,-15
,5,6,-10,2,1,7,-5,-19
,30,5,-16,-1,1,-12,2,40
,34,5,21,1,-1,0,-5,-8
,-11,-18,-35,-9,1,14,11,8
,-27,8,43,3,-3,-22,-3,-9
,-15,1,8,3,1,12,-5,-9
,-6,2,-24,-6,-4,-8,5,-9
,41,-3,-18,-1,8,12,2,26
,-32,0,16,-6,-6,-8,-4,0
,29,2,5,3,0,4,3,2
,8,1,-11,0,4,0,2,20
,8,2,-6,-7,-8,-22,-8,-1
,3,-10,-3,1,-2,9,-2,-15
,2,3,-13,-3,4,15,10,4
,-59,-3,-2,-2,-5,-15,-13,-14
,4,9,19,-3,-6,-3,-4,-17
,17,-4,-4,2,6,8,3,4
,-7,6,14,-3,-9,-21,0,16
,19,-8,-23,-6,1,16,7,11
,-46,8,7,7,5,3,0,-17
,10,-2,-14,-6,-6,-9,-12,-5
,0,-7,-11,-1,-5,-11,-1,-12
,33,12,29,1,0,23,9,-6
,-25,-18,-22,1,3,0,1,24
,3,3,-2,-2,-2,-5,-3,0
,1,-2,0,-5,-2,-6,-5,-13
,1,1,8,-1,-5,-20,-5,8
,16,-2,-7,3,0,13,2,-25
,-38,8,18,-1,0,-7,0,7
,11,-14,-15,-2,0,2,1,14
,10,9,15,1,2,6,-9,-19
,-23,-7,-9,2,2,-13,3,16
,-6,1,-1,-3,-3,-2,-1,-7
,-40,-1,32,2,-1,3,-1,10
,19,-17,-28,-5,-2,6,-2,-18
,32,0,-17,0,-2,-18,-16,-12
,-49,10,0,-2,-1,14,12,4
,-15,-11,2,7,5,3,-2,8
,12,6,4,-5,-1,-5,-2,3
,3,0,1,-3,-2,-5,-3,-6
,-45,-7,10,0,-3,-10,-4,-10
,22,4,-8,0,-1,2,1,-6
,26,8,17,6,6,8,8,19
,-1,-5,4,-2,1,6,5,-26
,17,-6,2,7,3,9,5,30
,-8,4,-28,-10,-4,-5,-9,-20
,11,-6,29,2,-1,-7,-1,-5
,-1,21,2,4,0,-5,3,22
,-1,-21,17,-5,-3,2,-7,-35
,13,1,-10,4,6,-4,2,12
,-7,2,-38,-9,-3,2,-2,2
,-12,-20,-3,7,1,8,0,4
,15,3,-4,-3,-4,-15,2,13
,-1,-6,-5,1,0,12,2,-4
,-24,17,-27,-10,-5,-9,-7,-20
,-17,-8,48,-3,-4,-6,-1,-9
,45,12,11,14,2,-6,1,21
,-6,-9,-3,-5,-4,2,-2,-8
,2,1,-1,1,-3,-2,5,20
,-22,7,-11,-5,6,17,5,-7
,22,-17,-20,-2,-5,-7,2,13
,-13,8,29,0,-2,-1,-4,-16
,1,-1,-5,7,1,-10,-4,10
,41,5,22,-1,-7,0,-10,-3
,-16,4,-16,-8,6,3,1,-12
,-9,-19,-23,7,3,6,2,6
,39,-6,24,4,-5,-10,-4,8
,-42,18,-13,-1,0,-6,1,-7
,20,-11,-4,-6,-4,11,-3,-12
,-4,7,-1,-4,-2,-8,-8,-2
,4,1,-4,-2,-3,-7,-1,-2
,31,-6,-5,1,3,21,12,20
,-8,4,0,-4,-4,-15,-6,-3
,-8,-8,-6,0,1,19,0,2
,-33,-3,12,-7,-4,-18,-7,-31
,10,16,-22,0,-4,-10,-3,12
,-31,-16,-3,-5,2,1,-4,10
,29,1,17,3,-2,5,6,5
,-26,-2,-17,-4,1,1,-3,-32
,13,-11,-29,-9,3,11,5,14
,12,5,26,9,2,6,0,-4
,0,9,19,1,-2,-19,-8,-1
,-39,-20,-14,-1,-1,10,2,-1
,28,16,-18,-6,-2,-6,4,9
,7,-14,-20,-2,-2,1,-5,-23
,-15,-2,20,1,1,-2,-1,-8
,0,3,-4,2,3,7,4,22
,6,0,19,1,-5,-17,-14,-19
,34,22,-18,3,2,-4,1,11
,-6,-10,14,0,3,13,3,-22
,15,6,-11,-4,-4,-16,3,27
,-1,-8,20,8,-2,7,8,7
,-11,0,-4,-2,2,8,6,5
,-9,-8,-40,-9,-4,-10,-7,-13
,-15,15,33,6,1,-4,-9,-12
,7,-17,27,3,-3,-12,-5,18
,-22,11,2,1,3,14,8,5
,-72,-21,-14,-1,-5,0,3,-4
,14,-3,-18,-10,-2,11,2,-10
,5,2,-19,-5,-4,-12,-9,-14
,2,-2,11,-3,-5,-11,-7,0
,16,-10,-6,3,0,-9,5,18
,28,5,16,5,2,1,-3,-14
,-12,2,-23,-1,1,0,-3,3
,-37,-3,34,-5,-4,-1,-7,-27
,33,10,-18,-4,0,-7,2,8
,-38,-15,4,1,0,-3,1,0
,27,1,8,5,-2,-8,-6,23
,-62,-7,-23,-8,-4,-2,2,-12
,17,10,7,3,5,26,11,-20
,-5,-8,31,5,-2,-5,-2,30
,-47,2,-5,-6,-2,-2,-5,-27
,40,0,-33,-9,-6,-16,-3,12
,16,-7,12,3,2,10,-3,-10
,-17,-2,-20,1,1,1,6,-4
,8,2,26,0,0,4,-3,-3
,5,2,0,3,-1,-13,-4,-7
,13,13,-1,-6,-6,5,-3,-5
,38,-6,-15,-2,2,2,1,23
,-52,6,4,-9,-5,-7,1,-2
,26,-15,12,17,2,8,-1,-16
,-2,7,-17,-4,1,-5,-6,15
,-15,-22,-18,-8,-8,-1,0,-7
,-34,3,35,9,7,15,12,9
,11,11,0,-4,0,8,3,10
,3,7,3,-3,-3,-12,-6,4
,15,-6,-32,-3,-3,-3,-7,-15
,7,-9,-13,0,-1,-6,-1,-24
,11,-1,3,2,2,12,3,16
,35,6,6,2,0,-1,4,4
,-45,2,-7,-6,-2,-5,-4,5
,15,0,-17,-1,2,6,-3,-25
,-4,-8,4,1,6,1,2,21
,2,-1,21,2,-8,-11,-3,-12
,2,0,31,4,0,4,-1,-11
,16,-6,-29,-3,-4,-6,-3,-1
,29,3,5,1,-1,1,-7,-11
,-53,-11,-6,-1,2,10,15,40
,13,1,9,3,0,-13,-3,-4
,26,8,-18,-3,0,2,1,-6
,4,3,7,-6,-2,0,-4,-9
,46,9,-1,-5,-5,-17,-10,-11
,-70,-9,-7,7,3,23,5,-1
,30,2,-3,2,4,-4,-1,14
,-27,-2,-24,-9,-5,7,4,-24
,-2,3,-8,1,1,-2,-4,15
,59,6,16,-5,0,3,6,11
,-19,-2,23,2,-2,-5,-5,-5
,-19,-20,-12,3,1,2,4,6
,-12,21,16,-4,-5,-12,-6,-1
,-1,-9,-36,-4,0,7,3,-11
,29,3,28,5,2,2,0,-4
,-35,17,24,2,0,-6,2,19
,-16,-30,-21,-1,0,-8,-3,1
,53,19,8,-3,-3,1,0,-17
,-1,-10,-36,-9,-3,-1,1,20
,-28,-1,12,1,-3,-5,-8,-24
,24,10,-3,0,-1,9,0,-13
,-13,-12,1,-2,4,-7,-4,16
,-6,1,6,-1,-3,2,6,12
,43,11,-63,-15,-5,-22,-14,-10
,-27,-15,59,9,5,11,10,11
,37,15,18,7,0,6,1,-12
,-17,-12,-4,-10,-5,2,-7,2
,37,-3,-6,-1,-4,-10,-4,16
,-17,-9,-32,1,1,-7,-1,-1
,-18,10,17,1,-1,-4,1,-21
,-16,-5,13,-1,-3,-3,-3,-6
,21,13,22,3,2,9,4,13
,-1,0,-9,-2,-3,-9,-9,-8
,-16,-9,10,1,1,5,0,1
,-26,0,-24,-1,0,6,2,-12
,1,-12,8,-2,-1,4,1,5
,11,8,-18,-3,-1,-8,-6,-10
,4,-9,-10,-4,-3,-9,-3,13
,14,3,9,6,3,6,-7,-8
,-34,-13,-7,-1,2,-10,-3,-13
,-8,9,-7,-8,-9,-4,7,12
,40,8,29,1,0,0,2,7
,16,-16,10,8,4,9,9,13
,-14,15,4,6,3,6,1,-1
,-18,-11,-14,-7,-2,-8,-8,-43
,32,11,28,6,0,1,2,32
,-4,12,-8,-8,-4,-12,-4,4
,24,-3,8,6,-3,-5,-2,-1
,-6,-7,15,1,8,25,8,-3
,-7,-3,-31,-4,-1,-7,-1,-3
,-3,0,-5,-3,2,2,2,-2
,-1,-6,-39,-4,-4,1,1,9
,29,13,41,1,1,1,-3,1
,-22,-5,-10,-1,0,-11,-6,-6
,0,12,-14,-2,-3,2,-4,2
,-26,-18,-17,-6,-3,-3,4,-18
,59,7,29,13,2,9,13,42
,-29,-7,42,6,4,1,-4,-17
,-17,-13,-36,-9,-7,-19,-9,-5
,30,7,11,-2,0,5,1,-4
,-23,-4,1,2,-2,-2,-3,8
,-16,12,-49,-10,-5,-5,-4,15
,12,-7,31,6,-2,-14,-4,0
,-9,-6,6,-2,3,21,15,2
,-33,-9,-49,-9,-3,8,-3,-14
,-4,15,25,-1,-4,-8,-4,-7
,17,-13,-13,-3,0,5,2,7
,-11,8,15,5,-5,-12,-8,-19
,11,18,10,-4,4,-2,-3,-3
,-16,-22,-14,-5,-3,1,2,-1
,-29,-11,-27,-5,-2,4,-4,-33
,7,8,27,7,4,-1,4,9
,-19,-4,-32,-7,-1,-3,-4,15
,28,3,-10,-1,-4,-2,-3,-17
,19,15,42,-1,2,7,8,27
,0,-7,-24,1,1,-12,-11,-26
,-8,5,26,6,-1,-10,3,19
,-18,-5,-6,4,7,22,10,11
,29,0,1,0,-5,-8,-3,-14
,-23,5,-7,-9,-3,6,-1,12
,4,-27,-39,-4,1,-2,-3,-26
,-15,10,2,-2,-2,-18,-9,0
,-2,1,20,2,1,6,3,-9
,32,-8,10,-1,1,6,2,12
,-16,6,-4,-1,0,-6,-4,-10
,-53,-11,-22,-4,-5,10,6,0
,66,9,-31,5,3,-2,0,1
,-25,2,74,12,3,1,-5,13
,-13,-7,-7,-4,-5,-5,3,-1
,84,12,-18,-8,-1,7,1,16
,-37,3,14,4,1,-1,1,2
,24,-1,-10,-3,-2,5,2,3
,-30,7,-2,1,3,18,6,-11
,6,-7,-25,0,-2,-20,-12,8
,-13,-14,16,-1,-3,-1,-1,3
,-13,3,-19,-4,1,-2,1,-10
,16,1,8,6,-2,-8,-9,20
,13,-13,11,-7,-6,-2,8,-23
,-69,-8,-16,7,4,7,-1,-16
,-17,-4,2,-4,-6,-10,-3,16
,29,1,-9,3,1,14,-2,-12
,-31,-2,-1,-4,-1,-14,-11,13
,0,9,1,1,-8,-12,2,0
,9,-4,0,0,3,9,-3,-8
,-10,6,-2,0,4,4,9,13
,-35,-2,5,4,-2,2,-5,-37
,11,-18,2,-7,-1,1,2,23
,13,13,-31,-8,-3,-2,0,14
,19,-25,26,11,3,-5,-1,-13
,-22,8,-9,1,5,13,4,-9
,29,8,-4,-8,-8,-8,6,5
,12,-12,-15,2,-1,-3,-4,-12
,-9,-4,-22,-7,-5,-7,-4,2
,5,-1,41,5,0,3,-1,8
,-46,20,9,5,4,0,-3,-13
,15,-1,6,-2,-5,-6,1,6
,32,5,1,-3,-2,-4,-6,-19
,-59,-9,-20,-1,2,6,7,9
,-4,-10,-20,-9,-7,-11,-2,5
,-11,4,-2,0,2,-7,-2,-10
,-31,-3,35,-1,-3,-4,-6,3
,22,6,-4,1,-3,-7,-7,0
,11,-6,-1,2,6,22,6,15
,-13,-6,-12,-4,-5,-8,-10,-26
,12,11,-16,-6,-3,-5,2,9
,15,-13,10,-3,2,-1,1,1
,-3,1,2,5,0,1,-2,2
,-21,21,-12,-4,0,-7,-2,2
,2,-27,-29,-6,-4,0,-6,-9
,-45,8,44,-2,2,3,1,-6
,45,6,3,7,2,0,1,8
,-25,-9,9,-5,-3,-3,-6,-6
,-7,6,-13,-6,-4,1,2,-10
,6,-6,-10,1,1,0,4,7
,-15,-9,-31,-8,-3,-2,-7,-25
,24,10,13,2,-6,-18,-1,13
,-13,0,23,4,2,10,4,-4
,45,-2,-6,-2,-3,-10,-3,5
,-14,2,32,7,2,5,0,0
,-36,3,-20,1,1,-6,-4,-6
,2,-14,3,-1,0,3,1,-8
,24,24,-16,-4,0,14,3,17
,-1,-20,4,1,1,-8,-2,-5
,-7,-16,-6,-4,-1,1,-4,1
,26,13,17,6,-3,-14,-4,4
,-9,6,-14,4,1,4,-1,-14
,8,2,15,-3,-1,-7,-2,-5
,1,-7,-11,0,2,28,8,21
,20,5,-23,-6,1,-7,-1,7
,-10,2,11,1,-3,0,-1,-10
,35,-5,-14,-5,-4,-16,-9,0
,-13,-3,22,8,3,-5,2,-39
,13,27,40,4,2,27,10,30
,-22,-33,-49,-3,-2,-11,-6,-9
,33,11,-16,-10,-5,-4,4,11
,-37,5,16,0,0,2,8,-12
,-11,-7,-3,1,-5,-24,-8,14
,40,8,-2,-2,1,1,2,14
,-37,-2,6,5,6,13,-5,-11
,26,6,5,1,-5,-16,0,5
,-5,3,-6,-2,3,22,10,-3
,-18,3,2,-5,-4,-11,-5,-12
,1,-13,5,0,0,2,2,14
,21,5,-9,0,-2,2,-2,4
,-29,-5,-3,-1,0,-1,-5,-18
,-4,-8,9,5,0,-8,-6,-2
,-9,2,-17,-4,-1,1,-1,-6
,31,16,-1,-8,-1,2,7,12
,-23,-17,-10,8,3,1,5,1
,21,0,20,2,0,6,-4,0
,-33,-1,0,1,0,-12,-5,-14
,35,3,-24,-8,-2,-4,3,12
,-20,-7,12,2,-1,-5,1,12
,25,14,0,5,-2,-6,-7,-16
,-5,0,8,-5,0,15,7,30
,-8,-14,-28,-4,-1,4,-3,4
,-10,2,3,-7,-1,1,-1,-30
,16,-12,3,5,-2,1,3,9
,29,9,-1,-2,-4,-5,-5,-12
,-8,-6,2,1,-3,-10,-7,-17
,8,15,-20,-10,-3,11,0,8
,-28,2,25,0,2,0,3,7
,24,-14,0,-2,-1,-2,-2,-4
,-37,-14,9,0,1,10,3,-2
,60,10,-5,2,-2,-17,-12,-4
,-49,-2,-19,0,-1,6,2,-17
,-12,14,25,0,2,-7,-5,-4
,26,-5,12,-1,0,-2,-3,13
,-19,-1,2,2,0,6,-1,-3
,5,14,-21,-4,2,-9,0,8
,11,-6,23,8,2,2,-4,-14
,-29,-18,-1,1,4,6,5,8
,-11,7,13,0,-1,-3,-1,-8
,21,-2,-9,-7,-3,1,0,0
,-11,8,-10,-2,-2,-1,0,-4
,2,-5,-30,2,1,3,-7,3
,-4,-6,22,0,-2,-5,0,6
,-13,3,15,2,-5,-14,1,-1
,13,8,-4,-7,0,14,5,-5
,3,-12,-4,1,0,1,-1,0
,8,2,3,-3,-2,-4,-6,-4
,-7,-10,-17,-7,-4,-8,-4,-2
,8,10,-6,2,-4,2,-4,3
,12,-3,16,4,5,6,7,2
,-38,-11,-20,-1,2,4,4,-9
,23,-4,7,-1,0,5,0,8
,-2,3,-14,-3,-2,-5,-2,3
,-3,5,4,-2,-2,0,-2,-2
,-8,-4,-3,-2,-3,-10,-3,-7
,6,-6,-5,-4,-3,2,-1,-9
,-21,-4,-13,-2,3,1,1,6
,-6,5,12,3,0,2,0,2
,18,-1,-7,-3,-2,-7,-3,6
,-9,-4,-2,4,1,7,1,4
,1,-1,9,3,-3,-4,-1,-12
,2,4,1,-1,-2,-3,-1,-5
,11,1,-2,0,0,-2,0,5
,-1,-3,-2,-1,2,2,-1,-4
,-16,-4,-5,-1,-1,-3,0,-3
,3,2,2,-1,-3,-3,-1,0
,2,-1,-3,0,-1,-3,-2,-1
,0,0,3,3,1,2,1,1
,0,-3,-6,-2,-3,-3,1,1
,-4,4,2,-6,-1,0,-2,-1
,3,-1,3,4,3,-3,-2,-5
,4,-2,-2,1,1,2,-2,1
,-5,-2,-5,-3,-1,-2,-1,1
,-1,-1,2,2,-4,-2,-1,-2
,-1,1,0,-2,-9,-5,-2,1
,3,-4,-2,-3,-16,-3,0,0
,-6,-2,-7,-3,12,7,-2,-1
,-4,-1,2,0,18,0,-4,-4
,5,-2,-1,4,-1,-10,5,2
,0,2,-2,0,-18,-40,-9,3
,-6,-4,1,1,11,43,8,-1
,2,1,1,0,27,3,4,-2
,0,-2,-2,-4,-10,0,-4,-1
,-2,-3,-2,-3,-8,5,-1,-1
,0,3,0,-5,-20,-26,-3,-2
,2,-8,2,1,-8,-2,-2,1
,-8,8,-4,-3,7,1,-2,-3
,-1,-7,-2,0,6,2,-1,1
,1,-1,-2,-1,-7,-7,0,0
,1,0,1,4,-4,4,1,-2
,-2,-17,-2,-3,-6,-6,-2,-1
,-1,11,1,1,14,12,2,1
,-4,-1,-1,2,0,-4,-2,0
,0,-6,-2,-5,-13,-7,-1,-3
,-2,1,-1,-3,1,1,-2,0
,-1,-1,1,3,4,7,2,-1
,-2,-3,-2,-1,1,-2,-2,0
,-1,6,-1,-3,-6,-6,0,-1
,4,0,0,-1,1,1,-1,0
,0,-3,-1,0,4,8,2,0
,-4,2,-1,1,-2,-7,-1,-2
,-1,0,-3,-2,-7,-2,-1,0
,0,2,-2,-4,2,0,0,1
,-1,-1,-1,-6,-2,2,2,0
,-4,-2,-3,3,4,-4,-1,-1
,0,1,2,9,0,1,0,1
,0,-3,-1,-2,-1,0,0,-1
,-2,-1,-1,0,-1,-2,-1,-2
,0,-1,1,1,-3,-2,-2,0
,-1,-3,-1,0,0,-1,-1,-1
,-1,2,-1,-1,1,0,-1,-1
,0,-1,-4,-6,0,1,0,0
,0,-3,-1,-1,0,-1,-2,-1
,-2,2,0,1,-2,-1,-1,-1
,1,-4,-1,0,-2,0,-2,-2
,1,-1,-2,-2,1,0,-1,-1
,-1,-2,-2,-1,1,0,0,0
,-3,0,0,-4,-3,-1,0,-1
,1,0,-1,0,-1,2,-1,-1
,-1,-2,-1,5,1,0,0,-2
,-2,2,0,0,0,-1,-1,-1
,-1,0,-1,-2,-3,-2,0,0
,-1,-2,-2,-1,1,2,-1,-1
,0,-1,1,0,-1,0,-1,0
,-2,-2,-2,-3,-2,-3,1,-1
,1,0,-2,-2,-1,-1,-1,0
,0,0,-1,1,1,-2,0,-1
,-1,0,1,-1,2,-1,0,-1
,-1,-3,-3,-2,-4,-2,-3,-1
,-1,-1,-4,-2,-1,1,0,-1
,-2,-1,1,-1,1,-2,-2,0
,0,-1,-4,-3,0,0,-1,-1
,-1,0,0,4,1,-2,0,-3
,1,1,5,-2,0,-1,1,-2
,1,-1,-2,3,-1,2,-1,0
,-2,-2,-1,1,-3,-1,1,-2
,-6,-2,-3,-8,0,0,0,-1
,1,-1,-4,-1,-1,-1,-2,0
,5,0,-1,-1,-2,-1,0,-2
,-6,-3,2,-3,1,1,0,0
,0,0,-2,0,1,-1,1,-2
,2,0,-3,2,-3,0,-1,-2
,-4,-1,1,-3,-1,-1,-1,0
,-1,1,0,-1,1,-2,-2,-2
,3,0,0,2,0,-1,0,0
,-1,-1,-3,-5,-2,-1,-2,0
,-3,-1,0,0,1,-1,0,-1
,2,-2,-1,0,-2,0,-1,-1
,1,-1,-2,-1,-2,0,-1,-1
,-4,-2,0,-2,0,-1,-1,-1
,-1,-2,-2,1,0,-1,-1,-1
,1,-1,-2,-2,0,-2,-1,0
,-2,-1,1,-2,-1,0,0,-1
,-3,0,-3,-2,2,0,-1,-1
,0,0,-4,0,-1,0,0,1
,1,-1,3,4,1,-1,-2,1
,-2,-1,-3,-5,-2,-2,-2,-2
,0,0,0,0,0,-1,0,0
,0,0,0,-2,-1,-1,1,-2
,-1,-1,-1,-1,-1,1,-1,-2
,-1,0,-1,-3,-1,0,0,1
,1,0,1,1,-2,-1,-1,-1
,0,0,-1,-1,-1,-2,1,0
,-1,1,-1,-1,0,0,0,-1
,0,-1,0,2,-2,-1,0,0
,0,-2,-1,-1,0,-1,1,0
,-3,-2,0,-1,0,-2,-2,-1
,1,-1,-2,-2,-3,0,1,-2
,2,-2,-1,0,1,0,-1,1
,-1,-1,0,0,-2,0,0,0
,-1,-1,0,-1,-1,-1,0,-1
,1,-1,-2,1,1,-1,-2,0
,0,-1,-4,-5,-1,0,-2,-1
,-2,-1,1,1,0,0,-1,-1
,0,1,0,3,0,-1,0,-2
,-1,0,-1,-4,-2,-1,0,0
,-2,0,-3,0,-1,-1,-1,-1
,1,1,1,-1,-1,2,-1,-1
,0,-1,-4,-1,-4,0,-2,2
,-2,0,0,1,2,-2,-1,1
,0,-1,-2,-1,0,-1,1,1
,-1,-1,-1,2,-3,-2,-1,0
,-1,-3,0,-3,1,-1,0,0
,-2,-1,-1,-3,-5,-2,0,-1
,-1,-1,1,-3,0,-2,-1,-1
,-1,-2,-1,2,2,-1,-1,-3
,0,-1,0,-1,-1,0,-2,0
,0,-1,-3,-1,-2,0,0,-2
,-1,-1,-1,-2,-5,-1,-1,-1
,-2,-1,-2,-1,-3,0,-1,-1
,-1,0,-1,-1,-1,-2,-1,-1
,-1,0,-2,-3,1,0,-1,-1
,-1,-2,1,4,0,-1,-2,-1
,-1,-1,1,-1,1,0,-1,-2
,-1,0,0,0,-1,0,0,-2
,-3,-1,0,-1,-1,-2,0,-1
,-3,-2,-3,0,0,-1,0,-1
,-3,-2,-2,-5,1,-3,0,-1
,1,-1,-3,0,0,0,-1,0
,-1,-2,4,1,1,0,-1,0
,0,0,-2,1,0,0,0,1
,-2,0,-3,3,-1,-1,-2,0
,0,0,-1,-1,0,1,0,-1
,0,-2,-2,-1,-2,-1,-1,0
,-1,-1,1,-2,-1,-1,2,0
,0,-2,-2,-1,-3,-2,-2,-1
,-2,-3,0,-3,-1,-2,-1,0
,-1,-1,-1,-1,-1,1,-1,-2
,1,1,0,-1,-2,0,0,0
,-1,-2,-3,2,1,-1,-1,0
,-1,-2,-4,-2,-2,-2,-1,0
,-1,-1,0,-3,-2,-1,0,-2
,-1,-1,1,-1,-1,-1,-1,-1
,0,-1,5,-1,-1,0,-1,-1
,-2,-1,-3,0,3,0,0,-2
,-1,0,-2,0,-2,0,-1,1
,-1,0,-1,0,0,-1,0,-2
,-1,-1,-7,-4,-2,-1,-1,-1
,0,1,-1,0,-1,1,-1,-3
,0,-1,0,1,-1,-1,-1,-1
,-1,0,-3,-2,0,-1,-1,-1
,0,0,-3,-3,1,-1,-1,1
,-1,-1,-1,-2,-1,-1,0,-1
,0,-2,-1,1,1,-2,-1,0
,1,0,3,2,-1,-3,-2,-4
,-1,-1,-3,-3,-3,-2,-1,0
,-1,0,-1,-3,-1,-1,0,0
,-1,0,2,2,0,0,1,1
,1,-1,-2,2,-1,0,-1,-1
,0,-1,1,0,0,0,-1,-2
,-2,-1,1,-3,-2,0,-1,-2
,0,-1,-2,2,1,-3,1,-1
,-1,-1,0,-2,-1,1,-1,-1
,0,-1,-1,-1,-1,-2,0,-1
,-1,0,-1,-4,-3,-2,0,-1
,0,1,1,2,-2,0,-2,0
,0,-1,0,-4,0,0,0,-2
,-1,0,1,0,0,-1,1,-1
,0,-2,-4,-2,1,-2,-1,2
,-1,-2,0,0,-1,0,-1,-2
,-1,1,0,-1,-2,-1,-2,-1
,-1,0,-1,1,-2,1,0,0
,-2,-1,-3,-1,0,-2,-2,-1
,0,1,4,-1,0,0,-1,0
,0,-3,-3,-2,-2,-1,-2,1
,-2,-2,-1,-2,0,-3,0,-3
,-1,-2,-2,4,-1,0,-1,-2
,-2,-1,-6,0,1,1,-2,-2
,-2,1,0,-3,-2,0,0,0
,-1,0,-1,-2,-3,-1,-2,1
,1,0,1,-1,-3,0,1,0
,0,-1,-2,-3,-3,-2,-1,-1
,0,0,0,-1,-2,-1,-1,-1
,-1,-1,-4,-4,-2,-1,-1,-1
,0,1,5,1,0,0,-2,-1
,0,0,-3,0,-1,0,0,-1
,1,-1,-4,-1,0,-1,1,1
,-3,-2,1,-3,-1,-1,-1,-2
,1,0,-2,-1,-1,0,0,-1
,-1,-1,0,-2,1,-1,-1,-2
,-1,0,-2,0,-1,0,1,0
,2,-1,0,-1,-2,-1,-1,0
,0,-1,2,4,1,-1,0,-2
,0,-2,-2,0,-2,-1,-1,-3
,-2,0,4,0,2,-1,-1,3
,-2,-2,-3,-2,-1,0,0,0
,-3,-1,1,-2,-3,-2,-1,-2
,0,-1,-5,-6,-2,-2,1,1
,-2,-3,-3,5,-2,-1,-2,-3
,1,0,-2,-1,1,0,-1,1
,0,-3,0,1,0,-1,-2,0
,0,-1,-3,-1,0,1,-1,0
,0,-1,-3,-4,-1,-1,-1,-1
,0,-1,0,-1,0,-1,-2,0
,-2,-1,-4,-1,0,1,-1,-2
,-1,1,6,-1,-1,-2,0,0
,1,0,-2,-1,2,-2,-1,0
,0,3,-3,5,1,-1,-2,-1
,1,-1,1,1,-2,0,-1,0
,0,-2,-5,-1,-2,0,-2,0
,-1,-1,0,-4,-3,-2,-1,-2
,-6,-2,4,0,-2,-1,0,-4
,2,-1,-6,-3,-3,1,0,-2
,1,0,-3,1,2,0,-1,0
,-6,0,-1,-1,1,-1,0,1
,2,0,3,4,-2,0,1,-1
,0,-2,-1,-1,0,0,1,2
,-2,-1,-5,-4,-2,-2,0,-1
,1,0,-3,-5,-2,-2,1,-4
,0,0,0,-1,0,0,-1,-1
,-2,1,1,2,2,-1,-2,-3
,-2,0,0,-1,-1,-2,-3,-1
,3,0,1,0,-3,-1,-2,-2
,-1,-2,-1,-3,-3,-1,0,0
,-2,0,-2,-3,-2,-1,0,1
,-2,-2,-3,-3,2,0,0,-1
,-1,1,7,3,-1,0,-1,-2
,0,-3,-4,-1,0,-1,-1,-1
,0,-1,-4,0,-2,-1,0,-1
,-2,-1,-1,-2,-2,-2,-1,0
,0,-1,0,0,0,2,0,1
,1,0,-1,1,-2,0,-1,0
,-4,-2,4,0,0,-2,0,0
,-1,-2,-5,0,-2,-2,-1,-2
,1,0,0,-4,-2,-1,0,-2
,-3,0,-3,-4,0,-1,-2,1
,-3,-1,-2,-2,-1,-1,-1,1
,2,-3,1,2,-1,1,-1,-1
,-1,-2,-4,0,-2,-1,-1,-2
,-1,0,2,-3,0,-1,-1,-2
,1,-4,-4,0,0,-3,-1,0
,1,3,10,1,1,1,1,1
,-3,-2,-4,0,1,-1,0,-1
,0,0,-2,0,0,-1,-1,-1
,1,-2,2,1,-1,0,-1,-2
,0,0,-3,-2,-2,-1,1,-1
,-2,-2,0,-3,0,-1,-1,-1
,2,0,0,0,0,-1,0,-1
,-4,1,-3,-1,-2,1,-2,-2
,-3,-1,0,-3,-1,-1,-3,-2
,1,-1,-1,2,-2,-1,-1,1
,-1,-2,-2,5,2,-2,1,0
,-1,-1,1,-4,1,-1,0,0
,0,1,4,2,0,0,1,-2
,1,-2,-6,-4,-1,-1,-1,1
,0,-1,-1,-4,-2,0,-2,-1
,1,-1,-2,0,-1,-1,0,-1
,-2,-1,-3,-1,-2,0,-1,-1
,-2,-2,1,-1,0,0,-1,0
,-1,0,1,2,1,0,0,-3
,0,1,1,-2,-1,0,0,0
,2,-3,-5,-2,-3,-1,-2,0
,-2,0,-2,3,-1,1,1,-1
,0,-1,-2,-3,-3,0,-1,0
,-1,-1,1,0,0,0,-2,-1
,-2,-2,-1,1,1,-1,0,0
,-2,-1,-2,-1,-2,0,-1,-1
,0,-2,1,0,-1,-2,-1,-1
,0,0,-3,-4,0,0,1,1
,-1,0,-2,-1,-2,0,-1,-1
,0,-1,4,1,0,-2,0,1
,-1,0,-2,-1,-1,-1,-1,-1
,0,-1,1,-2,-2,0,-2,-1
,-4,-1,-2,0,-1,-2,-1,-2
,0,-2,-1,-2,-1,0,-1,-1
,1,-1,-1,-1,-1,-1,0,0
,0,-1,-1,-1,-2,0,-1,-1
,2,3,0,0,0,-2,-1,0
,-2,-3,0,-1,-1,-2,-1,0
,-4,-3,-3,-1,-1,-1,0,0
,1,-3,-1,1,-1,0,0,0
,-2,-2,-1,0,0,-1,-3,-2
,-2,0,-2,-1,-4,-1,0,-1
,2,2,-1,-1,2,-1,-1,-1
,0,-1,0,1,0,-1,-1,0
,0,0,-1,-2,-2,-2,6,1
,-2,-8,-3,2,1,-2,-6,-8
,0,7,-3,-3,-2,1,-3,1
,-1,-2,-2,-4,-2,1,-4,-1
,0,-3,2,3,0,-3,-1,0
,-1,3,-1,-4,0,1,0,-1
,-1,-5,-3,-2,-3,-6,4,-1
,0,4,1,-1,0,1,1,-3
,-1,6,-2,-2,-1,4,-4,-4
,0,-5,1,-1,0,-2,6,3
,-5,-5,-2,1,1,-2,-20,-5
,2,1,-2,-2,-2,-7,1,3
,3,0,0,0,0,-2,0,-1
,-3,-2,-2,1,0,1,-1,-1
,1,6,-1,1,0,-2,8,1
,2,-3,-1,2,-3,0,5,4
,-8,-11,-3,-4,-2,2,2,-5
,5,22,0,0,1,-5,8,8
,-3,-21,1,1,0,-1,-1,-2
,-1,13,-4,-4,-1,-1,-1,2
,6,6,2,3,-2,2,-10,3
,-5,-10,-3,-3,-2,-9,-5,-3
,-2,-4,0,-1,-1,13,13,1
,-1,-14,-2,1,4,22,19,0
,1,2,-2,-3,-3,-9,-17,-2
,-3,-2,1,1,0,4,-12,-5
,-3,1,2,0,0,-14,-8,0
,1,-6,-1,-1,0,-3,-13,-4
,-2,0,-4,-4,-1,-1,9,-2
,2,-2,-1,0,1,-5,0,-2
,0,5,2,0,0,0,6,1
,-4,1,0,-1,0,-3,-8,-5
,1,-12,-1,1,0,-3,-4,1
,4,23,-2,-2,-3,2,2,0
,-4,-5,-7,-3,-2,-1,-3,-5
,0,0,1,-2,-2,-4,0,2
,3,3,2,2,1,-3,2,3
,-2,-10,-3,-5,-5,-14,-1,-1
,-1,-6,-2,3,3,25,-1,0
,0,10,-1,4,0,0,-1,-1
,-1,-5,0,-4,-1,-2,2,1
,-1,-3,1,1,-1,4,-1,0
,1,3,-1,-7,-3,-17,-3,-1
,-2,-9,-3,0,0,-4,-3,-1
,1,6,2,2,0,9,1,1
,-3,-3,-1,-3,0,1,0,-1
,-2,-3,-2,-1,-3,-6,0,-1
,-2,3,-1,-2,-1,-2,-4,-2
,-4,-4,-3,-2,0,-3,2,0
,2,-1,-3,-1,-1,2,1,0
,1,3,-2,-1,0,-1,-2,1
,-2,-2,-1,0,0,0,-2,-2
,-2,8,-1,2,-1,-7,-1,-3
,-2,-8,-2,-1,0,3,2,0
,-1,-2,-5,-4,-1,-5,-5,-3
,-3,-5,-3,2,-1,1,6,0
,2,5,-2,-2,0,1,8,0
,-3,-9,1,-2,1,4,-2,1
,-2,1,2,1,2,-3,-2,1
,-6,-11,-1,-2,-3,-7,0,-3
,3,7,-5,-1,-1,0,6,0
,0,-4,-1,-1,-2,1,-21,-5
,-4,-1,0,3,-3,-2,2,-3
,1,2,2,0,-1,-2,-7,-2
,-1,-9,-1,0,-2,-15,8,3
,-2,5,-3,-1,1,28,-4,-5
,0,9,0,-2,-6,-2,3,-1
,5,-1,1,0,1,0,7,-1
,-8,-37,-4,-5,9,-3,8,-1
,7,12,3,0,-4,-14,-7,3
,-2,6,1,4,1,8,11,8
,-3,0,-8,-3,-3,-6,-5,-5
,4,16,5,-2,1,7,-12,0
,-4,-23,-2,2,0,-4,2,-5
,15,14,5,0,1,4,24,3
,-16,-31,-5,-3,0,-7,-29,-6
,3,4,-1,1,-2,7,1,5
,0,5,1,-3,1,0,4,-2
,-1,0,1,5,1,-5,-6,-2
,-1,-4,4,3,0,2,8,0
,-6,-5,-4,-3,-6,3,-7,-5
,0,19,-1,-2,9,-3,-2,-2
,-1,-7,1,-4,-10,-3,0,2
,1,-19,-7,-4,2,-2,-3,0
,-4,45,2,3,20,5,-8,-4
,-1,-26,-6,-4,-16,-8,18,1
,-1,-7,-3,-1,-7,1,-16,4
,6,23,6,1,-2,2,23,2
,-5,-29,1,3,0,14,-19,0
,10,27,5,2,23,7,8,3
,-12,-21,-4,-4,-12,-5,7,-6
,-8,1,1,0,-8,-14,-28,-7
,8,-30,-3,-2,-9,-2,-3,-3
,0,38,-5,-2,-8,1,-3,-5
,-5,-18,-4,-4,-3,-8,-6,-4
,10,18,6,1,4,-1,12,4
,-4,-6,0,0,-3,-4,4,-4
,7,12,4,1,4,-1,-8,3
,-1,-1,-9,-4,1,-3,1,-2
,-11,-9,1,1,-1,1,2,-1
,2,21,-1,0,0,2,8,2
,3,-8,5,3,-5,-11,-7,-3
,-12,-13,-4,0,5,2,-6,-1
,2,-8,-6,-4,5,7,-7,0
,2,1,-1,-2,-11,-6,0,-3
,-6,-8,-2,-1,-7,-5,14,-1
,11,23,1,3,22,0,-1,4
,9,12,1,-2,-4,2,-5,5
,-7,5,-2,-1,-4,-5,10,-3
,-2,0,-1,1,-3,1,-14,-2
,0,-11,3,4,3,5,-11,0
,-4,-25,-11,-6,-3,0,13,1
,0,-1,1,1,-2,-1,-6,0
,-3,-10,-2,-6,2,0,4,0
,4,15,3,0,-2,-1,-3,-3
,2,17,3,3,0,-1,-4,-1
,-3,-16,-5,0,0,-3,-1,0
,-5,-11,-3,3,-3,0,-2,0
,-1,4,-1,-4,-2,-1,1,-3
,2,8,2,-1,0,0,5,1
,1,-5,0,-3,0,-1,-3,-1
,-3,-9,-2,-1,-1,-3,1,3
,1,0,-2,-6,-3,0,-3,-3
,-1,3,1,-1,0,-2,-1,-1
,-1,3,-4,0,0,-2,-2,-1
,-2,-6,0,0,-2,0,1,2
,0,5,2,2,-2,-1,2,0
,-1,-5,-1,-1,-2,-3,-4,-1
,-3,1,-3,-3,1,-2,-3,-1
,-2,-3,-3,-1,-2,3,1,0
,2,-2,1,-4,-1,-1,7,1
,1,1,1,1,1,-1,0,0
,1,3,3,0,1,-1,-1,0
,-5,-14,-4,-5,-1,0,-2,-1
,1,3,0,2,-1,-1,-4,-2
,-1,11,2,1,0,0,1,-1
,-4,-19,-2,-1,0,0,0,0
,-3,-7,-1,1,-3,-2,0,-1
,-1,1,0,-2,-2,0,-1,0
,-1,1,-5,-2,0,-1,0,0
,1,-6,1,-2,-3,-3,-1,-2
,-3,17,0,0,0,-3,-2,-1
,-3,-9,-5,0,1,0,-1,-3
,0,6,2,-2,-1,1,2,2
,4,6,0,1,-3,-1,-1,0
,-2,-22,-2,-1,-1,-1,1,-1
,2,4,0,-3,0,-2,-2,1
,-5,-19,-5,0,0,1,-2,-2
,0,25,-1,-2,-1,-1,-5,-1
,-1,-10,-4,-3,1,-2,3,-3
,-2,-5,-2,3,-2,-2,3,1
,2,5,4,0,-2,-1,0,0
,-2,2,-2,-3,0,0,-1,0
,0,1,0,2,1,1,-3,-1
,-3,-3,-3,-3,-4,-1,-3,-2
,1,6,-2,-5,-3,-3,-1,-1
,-2,-4,-1,3,2,0,-2,1
,-1,6,0,3,0,0,0,1
,-3,-6,-2,-1,0,-1,1,-4
,-1,0,1,-1,-1,0,-2,0
,-1,-4,-2,-3,-2,-1,1,-2
,-1,-4,-2,2,-2,-1,0,0
,0,6,1,1,0,2,-2,-1
,-3,-3,-3,1,-1,-2,-4,-3
,-1,-5,-2,-2,-1,-3,0,0
,1,6,0,-2,1,-1,0,0
,0,1,1,-3,-2,-1,-4,-2
,-1,-1,-5,-1,-1,0,-2,-2
,0,-5,2,5,-1,0,0,0
,0,0,1,-3,-2,-1,-1,-2
,-1,2,-2,-1,-1,1,-1,0
,0,-5,1,-1,0,0,1,-1
,0,-2,-1,-1,-3,-1,0,-1
,-2,-1,1,0,0,0,-2,-1
,-1,0,-2,-1,-1,0,-2,0
,0,0,-1,0,-2,-1,-1,-1
,-2,0,0,-4,1,-1,-1,1
,1,-2,-1,3,1,-1,-1,0
,-2,-2,1,3,0,-2,-1,-2
,-1,-2,-1,1,-3,-1,-1,-1
,-2,-2,0,-1,0,-1,-1,-1
,0,-1,-2,-2,-3,-1,-2,1
,2,1,-3,1,-3,-1,1,0
,-1,-3,-3,-2,-2,-1,-1,-1
,-2,-1,-4,-2,-1,-1,0,-1
,1,-1,4,0,1,-1,0,-1
,0,0,-3,1,1,0,-2,-1
,0,-1,0,-2,-2,-2,1,-1
,1,-1,0,-4,-2,0,1,-1
,-3,-3,0,3,0,0,0,-2
,-2,0,-3,-2,-1,-1,-1,1
,0,0,0,-1,0,-1,-3,-1
,-2,0,0,1,-3,-1,-1,0
,-1,1,-3,-2,-3,0,0,-1
,-1,-1,-1,-2,-1,-1,0,-1
,0,0,-1,-2,3,-1,-1,-1
,0,-3,-1,3,-1,-1,1,-1
,-1,1,-1,-6,-1,-2,0,0
,-2,1,0,1,-3,-2,1,0
,-2,-9,0,-1,-2,-1,2,-1
,1,-3,0,1,-1,-1,-2,-2
,1,2,-2,-2,0,-3,-2,-1
,1,4,0,-3,0,-1,0,-1
,-3,1,1,1,-1,0,-3,0
,1,-1,-2,-2,-1,1,-2,-2
,-1,-2,-3,1,-1,0,-1,-1
,-2,-2,-3,-5,-1,-1,-2,0
,-1,1,0,2,-1,-1,0,0
,1,4,1,2,-1,0,0,1
,1,-2,0,-2,-1,-1,-1,-1
,-1,2,-1,0,0,-1,-1,-1
,-3,-7,-2,-2,-3,-1,2,0
,1,2,-1,-5,0,0,0,-1
,-3,2,-1,1,1,-1,-2,-2
,-1,-6,2,-3,-1,0,-1,-1
,0,3,-6,-2,0,-2,-1,-1
,-1,0,2,1,1,1,-1,-1
,2,22,0,-1,-1,0,-1,0
,-1,-4,1,2,-1,0,-1,-1
,-2,1,-1,-2,0,0,-1,0
,-3,-15,-5,-3,-3,-1,0,0
,-2,-4,-1,-2,-1,1,0,1
,0,4,1,1,-1,0,-1,0
,0,0,-1,5,-1,-2,-1,-2
,-2,0,-2,0,1,0,-2,-2
,-1,-2,0,-2,-2,-1,0,-1
,-4,-17,-4,0,-1,-2,-1,0
,-3,-7,0,-2,-2,0,-1,-1
,1,6,0,-1,-1,-3,2,1
,-1,-5,-3,-1,-2,-4,-6,-5
,1,18,0,-1,0,0,-1,0
,-1,-1,-1,-1,-2,-1,-2,-1
,-4,-5,-3,1,-2,-1,-1,-1
,1,-3,1,-2,1,-1,4,-1
,2,1,0,-1,-2,-2,0,0
,2,2,2,-2,0,1,0,0
,-2,6,0,-5,0,-2,-3,-2
,-6,-12,-4,3,-1,-1,-1,-1
,-6,-10,2,0,2,2,-7,-3
,6,20,-1,0,-2,-3,3,2
,4,-11,-2,1,-5,1,2,0
,-4,1,0,-5,-3,-1,-3,-1
,-2,-8,0,0,-1,-2,2,-1
,1,-1,-3,5,-2,-1,-4,-2
,-5,-13,0,-3,-2,-1,-1,1
,-1,6,-3,-4,0,-2,-1,-1
,2,1,-1,-1,-2,2,2,2
,-1,-2,1,-3,-1,-3,-6,-3
,5,-1,0,2,0,-2,-3,1
,-2,7,0,1,-1,5,8,2
,-11,-30,-2,-2,0,-1,9,1
,-9,-9,-6,-2,0,0,-19,-5
,0,-1,-1,-2,0,-4,1,-2
,0,2,2,1,0,-3,-8,-2
,7,16,-2,0,-2,0,2,1
,-2,-21,-2,-3,1,-3,4,3
,-4,12,-2,1,2,2,13,-2
,-1,-12,0,-1,-6,-3,-20,0
,7,25,-4,-3,-3,-5,2,3
,-8,-48,0,-1,2,2,21,9
,6,14,1,2,0,-1,-7,-1
,-5,2,-1,-2,-1,0,3,-4
,5,18,0,1,2,8,-5,-4
,-9,0,-2,-4,-4,-6,7,-1
,4,-17,-1,-1,-2,-6,-7,3
,0,-18,-3,0,1,-2,25,-3
,8,12,-1,-5,-3,-8,-51,-1
,0,13,3,4,3,12,2,-7
,6,-2,3,1,0,2,-5,2
,-6,5,-5,-3,-1,-7,-5,-8
,-7,-15,1,0,-1,-1,27,4
,2,1,2,-3,0,3,-1,2
,12,46,4,3,-3,-4,-3,3
,-8,-65,-5,0,0,3,0,0
,-5,5,-7,-4,-5,-1,1,-3
,-1,18,1,2,12,-2,-6,0
,-14,-33,-1,-2,-5,-1,7,-2
,5,23,-1,-3,-5,-5,0,-1
,-6,-22,1,2,2,6,1,0
,1,10,-2,-3,1,3,5,-3
,9,25,-1,-4,-4,-1,5,5
,0,-31,2,4,8,1,0,1
,-16,-20,-3,-5,-7,-9,4,-7
,8,36,-3,-1,5,-3,-21,-1
,-5,-17,2,4,0,5,6,-4
,6,64,0,-3,3,4,-19,1
,2,3,1,0,-1,-6,13,-3
,-1,-15,2,-2,-7,-2,18,10
,3,30,-1,-2,-2,-4,-3,-4
,-7,-58,-7,3,-2,2,0,4
,-5,14,-1,-4,1,1,-10,-7
,9,27,3,2,-1,-1,-3,-3
,-10,-28,-4,-2,0,-1,-5,-2
,3,14,1,-3,-2,2,0,2
,11,26,-1,-1,0,-2,8,2
,-3,-2,-3,-2,-6,0,-5,-6
,-7,-30,0,-2,0,0,2,2
,2,6,-1,0,3,2,2,-2
,-9,-37,-4,0,-3,-1,-1,0
,4,18,2,-1,-5,0,-5,-4
,-8,-15,0,-1,0,3,-13,-1
,-1,12,-1,-2,0,-4,2,-1
,2,-10,3,2,1,2,-4,1
,4,-5,1,1,-5,-4,4,1
,-6,17,-4,-3,5,0,0,-4
,2,7,2,2,-7,-2,-1,2
,3,12,2,4,4,2,0,-1
,-8,-26,-6,-1,-1,-3,-1,-2
,0,-6,-3,-3,-3,-2,-2,-2
,-2,-1,-1,-2,0,0,-1,2
,0,3,-1,-2,0,-1,-3,-1
,1,-5,-1,-2,-2,-1,-1,0
,-1,-1,0,-3,0,-1,-3,0
,1,10,1,1,1,-1,2,-1
,1,-1,0,-3,-1,-1,-2,-1
,-2,-10,-3,1,-3,-1,-3,-1
,2,-2,1,0,1,-1,0,-1
,-1,31,-2,-1,-2,0,2,-2
,-1,-12,0,-1,0,0,-2,-1
,-1,-9,-1,-1,-1,-1,-2,-1
,0,18,-3,-2,-1,0,0,-2
,1,-15,0,-3,-3,-2,1,-1
,-5,-10,-2,3,0,1,-3,0
,0,-2,-1,-3,-1,-2,-1,0
,-3,-1,-3,1,0,0,0,-2
,-1,3,2,2,-1,-1,0,1
,0,-2,-4,-2,-2,-2,-2,-1
,1,0,1,1,0,1,-1,0
,-5,-14,-3,-2,0,-1,-1,-3
,0,-2,-3,-3,0,-2,-2,1
,0,3,-1,2,-3,-1,0,1
,0,3,-1,-9,-1,-1,0,0
,0,1,-1,1,2,0,1,1
,2,5,2,4,-2,1,-1,-2
,0,-8,-1,0,1,-1,0,-2
,-6,-6,-1,-2,-2,-2,0,-2
,2,1,0,2,-1,-1,-1,0
,-2,-14,-1,-1,0,-1,1,-1
,-3,10,1,0,-1,-1,0,1
,-1,-1,-2,-2,-1,-2,-1,-1
,-2,-4,-2,-3,-2,-1,1,1
,-2,-2,-2,-4,-1,-1,-1,0
,3,2,7,5,-1,0,0,-1
,2,-1,0,4,-1,1,1,-1
,-5,-7,-2,0,-2,0,-1,-2
,-1,-3,-1,-3,0,-3,-1,0
,0,-4,-4,-4,-1,1,-1,0
,-3,-14,0,2,-1,-3,-1,-1
,1,29,-1,-1,-2,0,-1,-1
,-3,-10,-1,-1,-2,-1,-1,0
,-3,-4,-1,-2,1,-1,-2,-1
,3,7,0,0,-2,-3,-1,-1
,-1,-9,0,-1,-1,-2,0,-1
,-4,1,-2,-2,0,-1,0,-1
,0,-17,0,1,-1,-2,0,0
,4,22,-2,-2,0,-1,0,-2
,-7,-9,0,-5,0,-2,0,0
,-3,-8,-2,1,-2,-1,0,1
,0,7,-2,-1,-2,-1,-3,-2
,-5,1,-3,-4,-1,-1,-3,0
,1,2,-2,-2,-1,-2,-2,-1
,4,0,3,4,0,1,1,-1
,1,0,-6,-7,-2,-1,0,0
,-7,-17,3,0,2,0,0,-1
,1,4,3,4,1,0,0,-2
,-1,-5,1,0,-1,0,-2,-2
,1,7,7,3,-2,-1,0,-1
,-2,-3,-7,-2,-3,0,0,-1
,4,0,1,-3,-2,-2,-1,-1
,2,16,-3,-3,-2,-3,-1,0
,-1,-9,-2,-3,-1,-2,0,-1
,-2,2,-3,-1,-3,-1,-1,-1
,-4,-14,-2,1,2,0,0,0
,0,3,-5,-2,-1,-1,0,1
,-1,3,13,1,0,-2,-1,-2
,-1,-10,-5,-1,-1,-1,-1,0
,2,4,-4,-2,-2,-1,-1,-1
,0,-1,1,-2,-1,0,-1,-3
,0,4,-7,0,0,0,0,0
,-4,-18,0,-1,0,2,1,2
,1,17,10,2,-1,0,-2,-1
,1,5,-3,-2,-1,-1,-2,-1
,-2,-3,-5,-2,1,-1,-1,4
,-2,2,0,-1,-2,-1,0,-10
,-3,-23,-7,-1,0,-1,-1,0
,3,19,3,-2,-1,-2,-1,-2
,-3,-6,-3,-1,-2,0,0,1
,3,12,-1,-1,-1,-2,-2,1
,1,4,-2,-1,-2,-2,-1,-2
,-7,-14,3,5,0,0,0,-3
,3,10,-3,-2,1,0,0,0
,2,5,1,1,0,1,-1,1
,-1,-5,-2,-2,0,0,-1,3
,-3,-6,-2,-3,-1,-2,-3,-6
,-4,-13,-1,0,-2,1,-1,-7
,-4,-5,-1,0,0,0,1,0
,0,7,-2,0,-3,-2,-1,0
,-2,-6,-2,-2,0,-2,0,4
,-1,0,-3,-1,2,-2,-1,2
,4,7,2,-1,-1,-2,-2,-1
,0,2,1,-1,-2,-1,0,0
,-2,-7,-5,1,-1,0,1,0
,-2,-8,-3,-1,-2,-1,-1,-2
,1,16,2,-1,-1,0,-1,1
,-2,-7,-3,-1,0,1,0,-1
,4,3,1,-2,-1,1,-2,0
,-1,6,-1,-2,-1,-1,-1,-1
,1,2,-2,2,0,-1,-1,-1
,-1,-12,0,0,0,1,-1,-3
,0,9,-1,-1,-2,-2,0,-1
,-1,-5,-1,0,-1,-2,1,1
,-2,-1,-2,-5,-2,-2,-1,0
,-3,1,-3,-5,-2,-3,-1,-3
,-4,-6,1,2,0,-1,-2,0
,0,-5,2,1,0,-1,-1,-1
,-1,0,1,0,-1,3,2,1
,-1,-1,-2,-1,0,-4,-2,-2
,-1,0,0,-1,3,1,-1,-1
,-2,-2,-4,-4,-1,0,1,0
,-2,-11,0,-1,1,1,1,1
,1,2,-2,-3,-3,0,1,-2
,0,-13,-4,-1,0,-2,-1,0
,1,13,-2,0,0,-2,-3,-2
,-2,-3,-2,-1,1,-1,-4,-2
,-1,0,0,-1,1,3,3,0
,1,-5,-1,-1,-1,0,-1,2
,1,-2,1,-1,0,0,-1,-2
,-3,-9,0,1,1,0,-1,3
,-1,4,0,0,-2,-1,-3,2
,0,1,0,-1,-3,-3,-4,-16
,-2,15,-3,-3,-3,0,-1,8
,0,-9,-2,-2,-1,-1,2,-3
,-2,-1,-1,-1,1,2,8,17
,2,15,-1,-1,-2,0,2,18
,-1,-12,2,5,1,1,-3,-13
,-1,-7,1,3,-2,-4,-1,5
,-1,-16,-2,-1,-1,-1,-4,-15
,-5,14,-3,-2,-3,-2,-2,-4
,-4,6,-2,-4,-2,-4,-5,0
,-1,-8,2,2,2,-2,-2,-4
,-5,-15,-3,0,-2,-1,5,4
,1,-10,1,-3,-2,0,2,2
,9,22,-2,-2,2,2,3,3
,-14,-29,-4,-2,-4,-1,-10,-11
,3,20,6,2,-2,-9,-8,-7
,1,3,-5,-6,-4,5,-4,-4
,5,-13,-1,0,0,1,5,24
,3,12,-3,-7,1,0,-2,-14
,-4,8,2,-4,4,4,17,30
,-15,-20,-4,15,1,-1,16,-48
,3,-2,3,-4,-1,-13,-22,-11
,3,-3,-6,-3,-6,-18,-19,13
,9,-7,-5,-4,1,35,7,4
,-3,-15,0,-5,-2,-5,9,31
,-7,15,-7,-2,-3,4,-4,-32
,-4,9,2,4,0,-10,-11,-47
,-10,15,2,0,-3,-19,-15,-11
,9,7,3,1,2,12,6,15
,4,-18,2,1,-4,-8,-7,-31
,-6,-15,-9,-11,-8,6,28,89
,2,-3,-3,1,2,1,8,-6
,-19,4,-2,-1,0,-19,0,8
,-4,-4,-4,-4,-2,21,-12,-2
,13,19,4,4,3,-6,-13,-64
,-13,-18,-3,0,-2,-3,-3,-15
,13,-5,2,2,1,-3,-2,18
,-8,-17,0,-2,-2,-3,-2,-5
,15,45,1,-1,-1,4,18,41
,-19,-6,-1,0,0,-4,-7,0
,17,4,-2,-3,1,-2,-17,-23
,0,-8,1,3,3,3,18,7
,-3,-20,-1,-1,-3,4,-7,-6
,11,0,1,-3,-3,-18,-7,-9
,-12,3,0,0,1,9,-8,-27
,2,3,4,2,2,13,23,41
,-5,-10,-5,5,3,6,10,14
,-5,8,0,-7,-6,-9,-9,-7
,-1,-9,-1,-2,-2,-12,-22,7
,-1,3,-4,11,-1,-35,-1,-18
,24,20,9,0,3,38,9,2
,18,-3,-2,0,2,8,11,8
,-56,-22,-8,-10,-6,7,-2,-28
,11,9,3,-2,0,-24,-17,-15
,4,4,-6,-2,-1,-22,12,31
,5,6,11,2,-2,17,-8,-11
,-14,5,-5,1,6,-11,2,-3
,12,-12,-12,-8,-4,62,38,37
,-27,-10,10,-1,0,21,1,-23
,23,-6,-5,-3,0,-15,1,11
,42,24,8,6,-1,-23,-19,-17
,-69,-18,-14,-9,-9,-30,-23,4
,24,-13,-12,-5,-5,-24,-5,28
,-51,-15,-9,-2,-2,-19,-30,-49
,-1,20,20,2,1,29,37,12
,-4,-4,-11,-2,3,28,-2,4
,30,-5,-18,-8,-5,13,-10,-33
,15,17,-4,-1,6,-22,-21,21
,3,-11,27,-7,-11,-38,18,31
,-6,-15,15,2,6,34,13,-32
,-43,5,19,13,4,8,-9,7
,45,-7,-53,-11,-15,-38,-17,14
,12,7,24,3,8,24,-6,-23
,52,29,-17,-15,-18,-31,6,16
,-69,-62,-21,-3,6,16,10,-22
,5,5,28,10,8,21,17,-6
,37,11,-28,-1,-1,7,4,61
,9,14,10,6,0,-52,-30,-5
,-41,-3,-40,-15,-7,-15,-27,8
,22,29,40,4,8,26,47,-11
,0,-35,39,17,4,16,-2,-17
,-4,16,3,2,9,14,-5,34
,67,14,1,4,1,-34,4,10
,-22,-20,-28,-9,-11,-27,-1,-1
,-53,-5,-15,-3,6,70,62,33
,41,6,16,4,6,32,-15,13
,-7,7,-12,-9,-6,-16,-16,-83
,-21,-20,15,0,-5,-42,0,-8
,22,17,1,7,-5,-2,-18,39
,-9,15,-25,-3,3,-1,-1,-32
,14,37,6,-7,1,15,5,7
,3,-20,8,1,-9,14,-20,-37
,30,-8,-25,-8,-1,-50,-25,-53
,45,-18,35,9,8,14,13,42
,-11,1,-2,3,-2,-31,-11,20
,-26,9,-31,-1,9,57,25,-38
,-8,-12,-4,-6,-7,6,-9,-13
,-42,-2,13,-13,-5,-16,1,2
,18,2,18,11,10,20,4,10
,-9,9,45,19,4,0,-18,46
,26,7,-33,-5,-3,-32,-3,-40
,-56,-27,-30,-8,1,18,12,29
,41,18,14,7,0,0,3,-6
,-21,-19,-28,-14,-2,-15,-12,3
,-31,1,-20,-1,0,-19,-47,-95
,-26,18,16,-7,-8,20,20,42
,3,-32,-12,0,0,11,20,-5
,41,30,23,-1,-1,3,6,23
,-12,-11,4,5,1,-19,-14,27
,19,-11,-33,-5,-8,-30,-7,9
,-35,-5,5,-5,-1,4,17,-12
,-2,1,45,19,6,7,-11,8
,-47,-7,-31,-11,-11,-10,-4,18
,-4,-3,27,8,1,12,4,-41
,3,0,-34,-9,0,-6,-3,43
,-6,-9,6,-5,-10,-5,-5,-35
,26,16,-2,-6,-2,-3,23,43
,8,-12,7,3,-3,37,-15,-38
,-2,16,13,4,3,-22,0,-50
,-24,-16,-39,-7,0,34,2,65
,-14,-11,2,-12,-4,-33,-20,-18
,27,-18,1,17,4,-31,-11,-31
,19,11,48,5,-3,11,4,-24
,-16,3,-25,13,8,15,-1,-57
,40,12,25,0,3,19,38,82
,-46,-18,-48,-11,-3,-14,-11,-34
,-16,-10,22,-7,-5,-9,13,71
,35,20,-14,-6,-8,-18,-8,2
,-1,-4,-10,-3,4,39,8,-62
,11,-14,19,3,0,23,-8,12
,23,-33,6,1,-3,-22,-21,-45
,-37,32,-34,-12,-2,-3,-9,35
,47,-18,-9,-1,-2,-28,14,78
,-10,39,40,5,0,11,1,-23
,-18,-8,-11,3,-1,13,4,18
,2,-16,13,-1,4,4,5,-33
,-57,-4,28,13,-7,-15,-27,40
,14,11,-16,-8,-3,-3,3,-15
,-6,7,6,-6,-6,-9,2,49
,59,-23,-28,-8,-4,-13,-2,16
,-37,0,14,7,15,61,-18,-117
,-21,24,-6,-2,-4,-25,45,93
,-22,-6,-9,-2,4,34,-10,-61
,15,13,-4,-1,-5,-60,1,27
,30,4,7,-7,-7,14,0,-20
,-5,-12,-22,-5,-3,-23,-26,-28
,9,2,21,8,2,-19,-3,-34
,-25,-6,24,3,6,-10,4,-9
,-38,-27,-3,5,6,52,16,60
,19,3,-20,2,-1,-49,-25,-34
,-2,26,-33,-10,-2,31,35,39
,13,-18,23,12,2,16,6,-42
