,7,-19,-25,5,6,7,-1,-8
,42,12,26,9,-4,-8,-18,7
,13,-65,18,5,3,0,10,-8
,-47,6,-47,-14,-8,-3,-13,-15
,27,-104,-37,-5,2,-1,12,12
,42,-112,-32,7,3,12,10,14
,-35,40,93,7,-2,12,0,-7
,-27,-68,-30,-1,1,-22,1,-4
,74,127,47,15,7,27,-24,3
,3,-128,-40,-32,-13,-32,2,-7
,-20,-2,-41,0,3,4,4,1
,18,63,-35,11,0,3,4,10
,-12,-101,37,-6,-5,-4,-1,-5
,-19,26,-5,-16,-3,-2,-7,-10
,12,5,-4,4,-1,1,4,8
,78,6,20,-12,-6,-3,-9,-15
,-45,-20,-42,14,8,-2,0,1
,13,95,71,13,0,6,-1,-4
,5,-13,20,-2,-2,-7,2,-2
,18,-13,-128,-16,-2,7,-3,-4
,30,-106,35,1,-2,-2,-3,9
,-79,0,76,17,2,0,1,-12
,67,15,-117,-32,-5,-6,6,12
,17,127,110,51,10,9,0,4
,-11,-47,-80,-30,-11,-9,-8,-8
,43,-63,-19,7,5,11,22,19
,-2,50,19,-3,-10,-9,-25,-26
,-76,-29,-26,-13,1,2,-3,6
,1,108,-45,0,-4,-21,-6,-18
,-3,-78,31,12,8,12,0,8
,15,-81,45,11,-1,2,21,15
,36,63,-21,-22,-8,-3,-7,-6
,-81,-31,4,17,2,3,-5,-5
,68,118,-32,-11,-3,-3,-6,4
,-6,-32,24,10,6,2,27,-2
,-34,15,-66,-13,-3,12,-20,-4
,-29,-2,-22,-14,-8,-19,0,18
,-25,-14,10,9,3,7,-3,-10
,46,83,-10,-5,-5,-16,-8,0
,-55,-128,-84,-23,-7,10,-4,-24
,39,33,13,24,4,-2,5,8
,-8,6,70,3,5,0,-8,-15
,-49,19,65,11,7,5,2,4
,22,22,-76,-19,-11,-17,2,4
,49,38,66,-4,1,1,0,1
,-34,-72,-62,12,-1,-1,8,12
,46,14,-30,-7,-2,1,-8,2
,-25,-28,21,14,7,23,9,5
,-24,-87,59,11,6,-24,-2,0
,-31,37,-118,-25,-12,-14,8,0
,40,-19,-1,-5,0,4,-9,6
,3,-22,127,57,16,-2,6,14
,38,-49,-64,-16,-6,25,29,2
,-30,48,-32,-5,-4,28,-26,-3
,-40,-54,26,-3,-1,-6,-11,-18
,15,-81,-113,-34,-8,-37,-1,7
,-7,113,37,18,2,44,-3,-6
,24,-21,-37,3,3,-67,7,1
,-63,73,-87,-24,-6,35,-32,-3
,-25,46,127,50,11,-9,16,-5
,35,45,-78,-24,-4,5,3,7
,-88,0,-79,-11,-8,-12,-1,-11
,-27,85,71,15,7,56,18,5
,-7,-119,12,-6,1,-13,14,6
,-34,127,-24,-7,-1,2,-12,-11
,19,-64,11,1,-1,0,-30,-13
,87,-41,34,2,-4,-37,-9,8
,-79,-92,21,15,3,-15,-1,-2
,3,-100,-16,-10,6,43,16,-2
,-7,16,58,-7,-6,8,12,5
,-16,-128,-77,-16,-5,-38,-20,-25
,82,96,-8,-15,-7,25,-14,4
,-53,121,-49,-7,-1,-43,-7,8
,62,-126,-72,-14,-9,28,12,14
,-62,93,109,22,8,-3,8,-4
,51,-38,-68,-16,-6,-2,2,1
,19,-75,20,0,-2,-20,-11,-7
,41,-9,32,28,12,15,14,10
,-18,73,-124,-22,-12,-17,-1,-6
,10,33,-7,1,-1,-10,-18,-10
,-24,-79,60,14,7,21,3,8
,91,-78,-16,-5,2,1,0,18
,30,-108,-89,9,1,-5,13,3
,-93,-58,99,9,0,-4,0,-20
,106,-14,-19,-17,-11,2,-11,-2
,-39,45,42,-1,-3,-5,-4,-20
,16,31,19,18,10,-6,12,13
,60,-49,-49,-10,-2,19,2,10
,37,-40,31,6,-2,-16,-5,-2
,34,127,-1,-7,-4,-5,-3,7
,-46,-74,13,1,0,6,-3,-12
,62,-80,-96,-16,-7,-2,18,17
,24,127,104,15,3,-15,-6,-1
,-73,-60,-3,-6,-2,-9,-18,-12
,14,-7,2,-1,-5,30,2,13
,-19,-18,4,-6,0,-27,-6,-16
,-49,36,-28,-12,-4,6,2,-9
,53,73,25,2,-1,12,11,1
,-90,-92,-119,-26,-8,-29,-16,-9
,-51,15,96,13,4,18,-5,3
,75,-14,-31,-2,-8,-16,-10,-1
,-40,-9,-16,3,2,-5,-1,-2
,58,78,-27,-13,-6,6,4,1
,0,24,63,33,7,-6,8,6
,-33,-33,-85,-7,-4,3,20,15
,-16,-16,38,1,4,5,-21,-15
,60,34,-28,-2,-6,-14,-11,6
,-59,-30,-115,-12,-5,7,-4,-12
,5,20,103,5,1,0,-4,-5
,-15,-61,11,14,0,-3,10,-4
,82,72,45,12,7,8,13,21
,19,49,40,-11,0,7,9,10
,-105,-42,-69,-4,3,-2,-12,-13
,-18,-31,-22,-11,-4,-7,-3,9
,-72,-85,42,14,3,-2,4,-3
,-34,127,-87,-39,-10,2,-11,-21
,-1,-91,-33,-1,0,-6,5,4
,-39,-82,24,7,0,3,-2,2
,-18,0,26,5,4,-1,2,-4
,28,-33,-43,-13,-3,2,6,4
,32,-14,-22,-4,-5,-20,-23,-15
,-30,-33,-34,-7,3,14,2,0
,-10,-49,75,14,4,-25,16,0
,26,5,-51,1,1,40,-8,-4
,7,79,-32,-12,-5,-16,-17,-8
,35,78,-34,4,-2,0,19,7
,-6,-66,-100,-25,0,21,6,15
,-22,47,72,15,-1,-20,3,-15
,12,-7,-69,-13,-7,6,4,7
,-22,80,44,3,1,-10,-13,-9
,-3,-34,17,3,0,5,1,-6
,-1,-35,-80,-16,-11,-17,3,-1
,43,-56,3,12,9,14,1,8
,4,64,-37,-10,-13,-8,-13,-5
,-52,87,48,14,-1,1,-1,-9
,0,16,51,7,-1,-7,-17,-8
,-46,-22,17,12,6,28,17,23
,23,-13,-33,-15,-3,-33,-4,8
,-28,-35,-7,-1,-1,18,-16,-8
,-8,-18,26,2,-4,-31,20,12
,-15,-42,-29,-1,1,26,21,-1
,19,15,-36,-8,0,-10,15,11
,33,62,12,-1,-2,5,-20,-8
,45,-21,18,0,5,4,-3,3
,-52,-2,-19,3,-3,-8,-23,-15
,22,-83,-64,0,2,20,1,1
,16,27,26,12,-1,-13,2,-5
,3,-4,14,6,4,4,1,12
,-22,-60,14,-14,-7,-28,-4,-5
,35,-24,7,8,10,13,7,1
,10,-51,-70,-13,-6,-7,-1,-4
,64,119,65,7,3,24,6,0
,-85,-71,-70,-9,-1,-30,5,-4
,15,105,56,11,-4,4,-10,12
,-15,-109,-11,1,3,4,6,-9
,-37,81,-3,-6,-3,-7,-8,-3
,66,32,29,16,4,27,12,-1
,-30,15,-16,-6,-1,-26,-3,-7
,13,127,35,7,0,-10,-17,-2
,13,-44,43,22,3,15,-3,14
,-6,31,41,4,2,-25,-4,-12
,25,59,-62,-18,-6,26,16,2
,97,81,30,20,2,-1,8,-3
,17,52,13,-16,-2,-9,-13,-2
,-18,-71,-61,-4,-4,-11,-2,1
,-4,1,-5,8,3,28,-4,-5
,-9,-62,-26,-3,1,3,3,-2
,-22,73,-28,-8,-6,-4,17,-3
,24,-51,-6,-9,3,-1,4,2
,-57,30,19,0,-3,-14,-40,-21
,13,113,-20,-5,-6,-3,-4,6
,-51,-99,34,0,-2,-2,3,-6
,61,-55,-52,-3,-4,2,2,0
,2,-46,106,-3,-1,-7,-6,-4
,-106,0,64,11,6,2,7,-1
,22,79,-59,3,1,-4,-17,-7
,2,127,48,9,-7,-5,-7,-7
,2,-11,-97,-32,-7,1,6,6
,23,63,46,6,2,-2,7,7
,17,28,-5,-4,-3,-3,-6,2
,17,-22,21,-1,5,12,3,0
,-35,76,-63,-4,-4,-6,3,-7
,-16,-128,-52,-7,-1,3,10,15
,-11,52,-67,-9,-7,-11,-10,-10
,4,59,60,17,9,9,-1,4
,15,-16,2,1,-5,-9,5,-1
,-22,-44,-67,-12,-2,1,-1,-4
,4,-46,-8,-5,0,0,-7,7
,0,-57,-11,-12,-13,-4,-6,-6
,-52,-28,-58,0,7,-1,5,-8
,5,-35,93,26,3,2,-3,5
,26,7,12,-19,-10,-6,-8,-8
,-44,96,40,7,0,4,1,-1
,26,-91,-33,10,-2,0,5,4
,17,-5,0,-18,-5,-3,-1,4
,-39,34,-23,-3,0,-3,0,-5
,44,36,53,5,4,3,2,9
,-9,-2,-33,-8,-6,-3,-4,-3
,36,-81,26,0,0,-7,-5,-2
,6,-18,7,7,1,3,1,-7
,-16,46,9,-5,0,1,0,4
,-4,7,100,21,2,-1,1,3
,-53,95,-71,-15,-7,-4,-3,-2
,12,-57,-89,-6,1,2,4,0
,-3,-11,8,-7,0,1,-2,2
,-32,-101,125,9,3,-3,-2,-9
,-24,50,-49,-13,-2,-2,0,2
,40,-61,3,10,0,0,0,7
,11,80,-11,-16,-7,-4,-5,-12
,-23,-54,32,12,3,1,0,-9
,30,34,-65,-16,-8,-5,-3,-1
,-107,-91,94,29,8,2,0,-11
,13,-34,-72,-14,-7,-4,-2,7
,48,127,5,1,4,3,5,1
,37,81,-26,-7,-5,-2,-3,-4
,-14,-104,-31,-5,0,0,1,-2
,-63,3,22,12,4,2,4,5
,-11,6,-24,-8,2,-3,-1,-1
,-24,-121,1,6,5,4,5,-2
,5,81,9,-2,-2,0,1,-2
,8,73,-13,0,0,-1,-9,7
,59,25,-73,-8,-5,-4,-3,6
,-75,-37,70,16,0,1,0,-5
,39,-59,-51,-18,-6,-4,-3,-1
,25,78,-66,-11,-4,-3,1,-2
,-9,14,89,17,7,4,5,7
,43,-40,32,10,1,1,3,7
,-1,121,-52,-13,-12,-6,-4,2
,2,-109,112,36,17,11,7,-2
,-36,10,-90,-10,-1,-2,0,4
,30,28,24,2,-5,1,-1,3
,33,46,-14,2,4,3,2,4
,39,-72,-23,-8,-3,0,-3,-1
,1,-84,-50,-6,-2,2,4,5
,-23,-75,31,2,3,-2,-6,-10
,-8,-90,-104,-9,-5,-3,-1,6
,57,-36,20,3,-6,-3,1,7
,-16,0,-7,3,-3,-1,3,0
,-10,2,3,-2,4,1,-2,-5
,-2,36,42,5,-1,-2,-5,2
,-26,-72,42,5,4,0,-2,-6
,38,-17,25,-1,-2,-2,-5,-7
,2,94,-67,-6,-4,0,1,3
,-56,-78,105,9,3,2,-1,-14
,-20,-16,55,0,-1,-4,-2,-1
,-2,112,-15,2,1,2,3,4
,12,47,-20,-2,-4,-5,-4,-13
,37,-79,51,28,13,8,9,16
,-11,46,-105,-34,-10,-7,-5,-7
,39,76,43,-8,-5,-3,-4,0
,26,11,-10,-10,-3,-3,-3,-1
,-35,-34,-1,0,-3,-1,-1,0
,36,-72,-48,-5,1,2,2,2
,-71,66,71,17,5,-2,-1,-8
,-24,-61,63,5,-2,-1,-3,1
,31,-35,-122,-21,-3,0,0,4
,-43,127,-16,7,-5,-2,-4,-8
,59,-33,-90,-22,-7,-8,-4,0
,11,-6,5,4,5,4,4,3
,-56,-66,27,-9,-7,-3,-2,-3
,-68,14,65,20,5,-2,-2,-7
,61,-10,-107,-17,-6,-1,-2,-1
,-10,1,76,18,5,0,-3,-4
,30,-17,-72,-7,0,-1,-1,-1
,32,48,-28,-10,-4,0,7,11
,-63,-76,24,10,1,2,6,-3
,29,50,-63,-23,-6,-5,-11,-3
,14,74,60,9,2,-1,-3,2
,-83,-103,-26,6,0,1,-3,0
,60,45,12,0,-1,-2,-1,-8
,-14,0,-10,11,7,5,10,5
,-69,-53,-71,-24,-8,-5,-5,-9
,-9,-6,-5,-4,-4,-2,0,0
,28,-37,-58,-7,3,2,1,9
,-26,-87,48,11,2,0,-1,-4
,-6,119,-105,-15,-5,-4,-2,-6
,-7,-84,49,9,0,-2,-4,-3
,-5,54,45,12,-1,-1,-6,-6
,-7,-74,-83,-20,-5,-2,-2,0
,49,52,13,2,-1,0,3,8
,-78,50,-8,-11,-7,-4,-4,-15
,38,44,39,0,1,0,-1,15
,-54,-104,-103,-13,-3,0,-1,-11
,62,76,111,14,4,-2,2,-1
,34,-38,0,1,2,3,4,8
,-29,30,36,-6,-3,-3,-5,-9
,3,93,-3,-2,-4,1,2,3
,-4,-55,-32,1,1,-7,-4,-7
,28,-44,-21,-12,4,1,-2,-8
,18,9,4,11,1,3,7,10
,52,97,-56,-15,-10,-7,-4,-1
,-51,-25,41,-1,0,2,-1,-4
,100,19,71,11,4,-2,-1,7
,-25,-24,-57,-9,-1,1,3,-3
,20,-56,37,16,7,2,3,8
,-33,7,-83,-18,-8,-1,-2,-6
,5,-68,58,35,9,4,6,3
,-17,49,-27,-10,-9,-10,-9,-10
,-12,23,60,11,5,2,2,-4
,27,55,-13,7,-2,-2,0,7
,-37,-93,-102,-24,0,3,2,-5
,39,-7,84,18,4,2,-2,-4
,-60,9,-46,-5,-4,-4,-3,-7
,36,41,89,3,-3,-2,-1,11
,-4,47,-48,-8,-5,-1,-1,-4
,-29,-83,8,1,-1,0,1,0
,-46,-15,-70,-19,-7,-4,-5,-4
,54,0,19,6,3,3,6,10
,2,117,33,2,-5,-3,-1,3
,-52,-9,-57,-1,0,-3,-3,-11
,16,5,72,2,-2,-1,0,6
,6,43,-11,-1,-1,-2,0,-3
,-56,-9,-18,-1,-2,-2,-5,-5
,20,-59,-34,-1,2,3,1,-4
,20,52,-5,0,1,0,-2,-5
,1,2,1,8,3,0,-2,-2
,60,-7,-27,-14,-1,0,1,5
,-23,65,5,-5,-6,-3,-3,-7
,35,-41,73,15,3,2,2,8
,-55,-62,-3,9,3,1,-1,-8
,-1,8,-91,-15,-7,-5,-4,-7
,-47,-128,64,17,6,2,3,8
,38,88,-14,-6,-2,-1,-1,0
,-29,-86,36,5,0,2,0,-3
,-60,-90,-102,-20,-10,-7,-7,-5
,24,7,34,3,3,0,1,3
,-19,-60,-3,-4,4,3,3,3
,-24,-54,-32,5,1,0,-1,-8
,19,62,7,1,1,1,0,4
,11,30,-4,-3,-3,-2,-1,-2
,-5,-52,-58,-13,-3,-6,-4,-4
,4,127,33,8,-1,-3,-1,1
,51,38,-27,-3,3,3,1,-3
,-60,-47,47,13,4,0,0,-7
,13,56,-23,-7,-8,-6,-4,-4
,-40,-73,35,1,4,4,1,-1
,56,33,32,-3,-3,-1,-3,2
,-58,-75,63,10,0,1,2,1
,34,105,-53,-6,-3,-2,-2,1
,-59,-92,67,10,2,1,-2,-11
,5,70,25,-6,-5,-5,-1,7
,35,-82,-24,2,6,4,3,8
,-18,-7,79,18,6,2,2,6
,52,3,-72,-26,-10,-6,-3,-4
,-41,-17,-18,18,8,3,2,0
,55,18,12,-8,-10,-6,-6,3
,-17,18,100,-2,2,1,1,-2
,30,75,-44,-7,-2,0,1,2
,39,57,63,16,3,2,3,10
,-26,-1,-39,-9,-1,0,-1,-2
,-4,-59,-122,-23,-8,-5,-4,-9
,-7,-87,96,28,8,3,2,6
,-42,-37,-42,-2,-7,-2,-3,-12
,3,70,-3,-8,0,-1,0,1
,-31,-81,62,7,4,2,3,0
,7,102,-109,-13,-2,-2,-1,-1
,-3,-93,39,0,-3,-4,-4,-7
,9,40,22,7,1,1,2,7
,10,43,-49,-3,-2,1,1,6
,40,-13,31,-15,-3,-3,-4,-1
,-38,-16,60,22,6,1,0,-4
,26,7,-71,-10,-1,0,2,5
,27,127,63,14,-1,1,-3,-3
,3,-57,-72,-22,-4,-5,-3,0
,-17,125,64,5,0,0,0,0
,-1,30,-31,-10,-6,-2,-1,5
,-27,-57,58,16,5,3,1,-7
,-1,-66,-25,-2,0,-2,-1,5
,16,-78,-15,-5,1,0,0,1
,-14,5,-43,-10,-5,-4,-3,-4
,-18,-89,-28,-11,-6,-1,1,3
,-42,21,-12,3,4,3,3,-6
,-23,10,-21,-2,-5,-5,-5,-5
,20,-6,-52,-10,-3,1,-2,0
,16,80,6,5,-4,-4,-4,3
,49,-95,-6,20,6,2,3,9
,20,48,-10,-9,-3,-1,-1,-1
,-29,-83,-18,-1,-3,-1,-2,-5
,17,-28,-51,-16,-7,-7,-6,-12
,-12,-17,82,19,3,2,1,3
,-4,-42,-27,-10,-1,1,2,2
,1,-83,65,-5,-4,-3,-4,1
,-6,29,40,8,7,3,3,5
,1,118,-22,-15,-10,-9,-8,-10
,22,-93,-49,6,5,2,5,8
,-50,-37,-6,1,-3,-2,-1,-3
,12,-4,-26,2,4,1,2,-2
,11,35,-105,-33,-15,-7,-6,-5
,-33,-40,49,18,1,-1,-1,-2
,12,28,-64,-5,4,2,0,-1
,0,-74,-21,8,0,1,2,5
,-24,67,-84,-11,-4,-3,-3,3
,4,93,91,7,1,0,-1,-3
,-12,-55,4,4,-1,0,1,7
,-37,-74,-96,-19,-3,-3,-5,-11
,-18,10,72,14,0,1,2,3
,11,91,-73,-29,-6,-4,-1,0
,-43,-46,124,40,8,2,1,-1
,82,-20,-15,-6,-1,-1,-3,-1
,-2,-78,14,4,2,3,4,3
,-35,-20,-53,-9,-9,-6,-6,-8
,34,32,34,-6,0,-3,-1,-2
,-5,-57,-25,-4,1,2,2,2
,21,58,103,11,0,-3,-3,1
,4,-2,-30,-6,-1,-2,-3,-7
,-1,18,20,4,0,1,-2,-15
,0,-32,-13,-5,-6,-4,-4,0
,-18,-2,-1,-6,1,2,1,-1
,2,20,-15,1,-1,2,3,6
,62,-49,-35,-8,2,2,1,4
,-43,127,-44,-16,-8,-8,-7,-6
,-34,-31,52,21,4,3,1,-4
,1,-3,-121,-19,-9,-4,-3,-4
,-35,27,26,17,9,7,4,-4
,15,-81,15,17,8,4,6,6
,-3,-16,-10,-12,-4,-1,1,4
,-15,-103,25,7,0,-2,-4,-13
,29,127,-1,-9,-6,-6,-5,-1
,-37,-49,-8,1,-2,1,1,-1
,-18,-55,-10,-4,-1,1,1,-4
,52,25,22,4,1,5,3,11
,-69,-31,-28,-13,-6,-5,-4,-11
,79,-78,108,25,2,1,1,12
,-32,75,-69,-11,-4,-2,-3,-6
,-40,-29,32,-8,-1,0,0,2
,-13,-32,-122,-3,0,-2,-1,-4
,-16,33,69,11,3,0,0,2
,-8,-10,-26,2,-3,-4,-5,-13
,-1,26,7,11,3,-1,1,8
,-12,-13,-3,2,2,0,2,2
,23,41,-11,-6,-2,2,2,1
,5,4,-30,-10,-2,-1,1,-1
,35,6,31,6,2,-1,-1,1
,-5,5,71,0,1,1,-1,5
,-32,69,-54,-8,-2,-1,-1,-4
,47,-13,11,-8,-7,-5,-8,-10
,8,23,-101,-35,-9,-6,-3,3
,29,4,-41,4,-1,0,2,7
,-47,10,-83,-18,-9,-4,-6,-13
,-4,-48,72,32,16,8,6,8
,4,26,-30,-10,-2,-2,2,0
,-30,76,-35,-16,-7,-2,-3,-6
,67,-90,73,16,2,-3,-1,4
,-53,-19,-97,-16,-6,-5,-4,-2
,-8,-47,113,19,8,4,3,11
,12,19,-31,-7,-2,1,1,-3
,-12,43,-110,-16,-6,-3,-2,1
,36,11,18,-11,-1,0,-3,0
,-16,27,-26,13,-1,-2,-2,-4
,18,80,64,8,3,0,-1,-2
,-49,-85,-32,-9,-1,-1,2,1
,18,43,-17,-4,-4,-6,-4,-6
,65,97,9,-5,-5,-2,-4,0
,-39,32,-94,-27,-8,-6,-4,0
,-23,-64,105,22,3,2,1,-5
,-23,-19,-48,-9,-3,-1,3,10
,32,-113,34,6,6,2,-1,-9
,6,-10,-55,-19,-9,-2,-2,0
,5,58,101,32,11,4,0,-5
,46,-71,-92,-4,-1,3,6,8
,-17,-11,97,20,1,0,-3,-5
,59,-6,4,-3,-4,-5,-2,-1
,8,25,-64,-16,-2,0,0,-1
,8,-29,-56,-13,-1,-1,1,2
,-24,50,75,12,0,1,1,-3
,-7,59,61,13,-4,-6,-6,-7
,18,4,-21,0,0,1,3,15
,-11,-37,39,-3,-2,-2,-4,-6
,3,-38,-128,-18,1,-1,0,-3
,-28,-57,97,18,2,1,2,5
,16,22,-128,-38,-13,-7,-8,-14
,27,114,127,21,6,2,0,-2
,-127,-128,-96,-5,1,3,3,-5
,84,-61,-123,-31,-6,-4,-2,-1
,-8,75,127,42,12,4,2,1
,20,77,-111,-7,1,3,4,8
,16,14,8,-5,-8,-4,-6,-3
,19,49,99,32,8,5,4,9
,-50,12,-44,-24,-9,-5,-10,-21
,-15,-5,-69,-16,-5,-2,-2,-4
,37,36,89,37,9,3,7,10
,-64,-111,-43,-6,-2,-1,-3,-10
,40,-88,-27,-20,-7,-3,0,6
,-45,-35,86,32,12,2,0,-9
,-42,-59,-67,-19,-8,-3,-6,-12
,38,1,27,-1,2,-1,-2,0
,-50,66,-50,-9,-4,-3,-1,-2
,40,41,25,5,-1,0,-1,2
,-7,-61,38,-2,-3,1,1,4
,-31,50,4,4,-1,-3,-5,-7
,-1,-9,8,-4,2,1,1,5
,24,55,1,-7,-7,-3,0,6
,-50,1,12,1,5,-1,-2,-12
,49,-16,-16,-6,-1,0,3,9
,-5,-28,-59,-15,-6,-2,0,0
,-11,51,45,6,-2,-5,-7,-10
,32,-25,-40,-3,4,3,4,10
,-17,39,-30,1,-2,0,-1,-3
,32,-8,46,3,-1,1,0,2
,7,13,-30,-14,-2,-2,-2,0
,21,-8,-14,-6,-1,-2,-2,2
,-22,-35,-1,8,0,2,2,2
,42,78,-56,-5,1,-1,2,7
,-28,-87,68,19,3,1,2,-4
,26,67,2,-3,-2,-2,-3,2
,30,-17,-40,-12,-8,-5,-5,-3
,-10,-65,94,21,9,3,2,1
,39,49,-53,-12,-4,0,2,7
,-37,22,36,6,-3,-1,-4,-4
,0,47,26,8,5,5,3,-7
,-29,-44,33,-5,-2,-1,0,-1
,18,-13,-35,-13,-5,-5,-6,-8
,37,-11,15,8,6,5,5,9
,-33,-77,-45,-8,-6,-1,-3,-5
,28,42,29,8,6,2,2,8
,-56,6,-65,-6,-1,1,-1,-5
,-4,-18,-78,-12,-3,-2,-2,-1
,31,-42,16,3,4,2,3,6
,-16,-49,-66,-14,-7,-3,-3,-10
,-74,-44,63,19,-3,-1,-1,0
,21,32,-97,-28,-9,-5,-4,-9
,56,62,41,7,5,1,0,9
,-63,-48,16,3,-1,-1,-2,-6
,-25,45,49,19,3,1,1,-1
,72,1,-12,-8,-5,-2,-2,1
,-63,-85,-52,-9,-2,-2,2,2
,8,76,-12,-8,-5,-5,-7,-19
,25,-37,76,-1,-3,-1,-1,2
,-43,2,-12,3,4,2,0,3
,24,62,-27,-7,-4,-2,-3,0
,9,-40,-56,-7,0,-1,0,1
,17,-77,-30,-4,0,0,1,-1
,-27,41,61,12,-1,-1,-2,-6
,-1,-33,22,-7,0,3,1,2
,-20,111,47,16,-1,-1,-2,0
,73,62,22,-5,-1,-2,-1,9
,4,-42,8,2,-2,-3,-5,-9
,-34,75,-20,-5,-1,-1,0,-5
,3,-80,125,21,7,5,2,7
,11,76,-45,1,1,1,3,3
,-6,-27,10,-14,-8,-5,-3,-6
,-25,-54,15,9,4,-2,-2,-4
,59,107,-45,-2,1,0,1,1
,-4,-94,-39,-20,-3,-2,-4,-2
,-34,6,-53,4,0,2,3,2
,-6,-6,38,10,0,0,-1,-4
,-12,-65,-51,-4,2,0,2,4
,-14,-14,19,4,-2,1,-1,-2
,61,-2,-45,-6,-1,-3,-2,-3
,-1,0,-33,-5,3,-2,-2,-4
,48,-23,-35,-9,-12,-4,-1,9
,-23,32,74,21,3,0,1,-5
,-34,-105,59,2,3,2,-1,5
,30,41,-2,-4,-6,-7,-7,-7
,5,-52,-49,-16,-2,-1,-2,-4
,10,62,-9,1,2,-1,0,11
,-18,-28,-76,-14,-6,-5,-3,-11
,-12,76,66,10,8,3,4,6
,-16,-6,55,15,-4,0,-4,-7
,54,-40,-107,-27,-3,-3,-3,4
,18,127,19,9,-4,-1,-4,-1
,-58,-65,37,15,3,2,2,-5
,3,33,-24,-4,-4,0,1,7
,-2,-128,-20,-7,-2,-4,-3,-11
,23,19,127,24,8,5,5,3
,-24,-70,-54,-8,-2,2,3,4
,-5,58,50,-18,-9,-10,-8,-5
,-44,-87,-38,13,5,2,2,-3
,18,47,-85,-25,-2,-4,-2,3
,5,-88,-28,2,-1,0,1,0
,20,13,-10,-5,4,2,3,3
,-36,-21,31,4,3,1,-1,-4
,-14,-63,-41,-4,-3,-1,2,6
,19,43,15,-3,-2,0,-1,-3
,46,-52,20,8,0,-4,-6,-5
,46,-2,-31,-13,-5,-3,-3,3
,-33,16,50,8,6,3,2,0
,42,-39,30,14,1,1,-3,0
,-38,83,-8,-11,-4,-1,-1,-7
,-27,-82,55,-2,-1,-1,-3,-5
,17,-4,-47,-5,2,0,2,3
,-15,52,1,5,1,0,1,-1
,12,23,-34,11,4,1,1,4
,4,103,-36,-10,-3,-2,-4,-7
,-24,12,20,2,2,1,2,5
,-2,47,-1,-13,-7,-6,-6,-6
,-11,-78,36,22,8,5,6,2
,-20,-46,-38,-7,-5,0,1,3
,-13,39,41,8,1,-1,-2,-1
,46,97,-77,-4,-1,-2,-1,5
,-31,-84,20,2,8,2,5,3
,28,10,-42,-5,-4,-2,-4,-5
,27,101,53,-1,2,-1,-3,-5
,-44,-102,1,0,-3,-3,-2,-3
,22,47,-16,-3,-2,-2,0,0
,-43,-70,52,10,4,1,2,2
,39,41,6,2,-6,-4,-4,-2
,1,5,3,-22,-7,-5,-5,-7
,-53,17,-28,-1,-2,0,-1,-4
,83,30,-37,-7,-5,-2,-2,-1
,-39,-65,93,18,5,1,-1,1
,24,40,4,18,5,2,2,9
,-16,8,-89,-13,-9,-4,-2,-1
,-31,109,51,9,5,1,2,-1
,1,3,-128,-31,-13,-5,-4,-2
,-24,-53,96,5,5,1,1,3
,15,-100,-9,-3,-5,-1,-1,-6
,-27,-51,11,2,2,-4,-2,-3
,-2,18,-36,-10,-7,-5,-4,-12
,-18,91,-21,-10,-6,-3,-4,-5
,-15,20,23,18,3,0,-2,-1
,-14,-91,81,-7,-3,-2,-2,-6
,4,36,-31,-8,-3,-2,1,1
,7,38,-91,-13,-2,0,-2,0
,11,-67,34,11,3,2,2,3
,-4,105,-67,1,-2,0,0,3
,16,-20,23,3,3,-2,-1,4
,-10,13,-17,0,-1,-1,-2,-7
,-4,1,-65,-20,-6,-1,0,3
,-10,-15,97,12,8,2,2,7
,37,-48,-68,0,2,3,1,-8
,-27,12,-23,3,-3,-1,-1,-2
,-14,73,39,-1,-2,-5,-9,-11
,-46,-70,-65,-4,-3,2,4,2
,5,-67,0,8,0,0,1,5
,37,-79,-11,-11,-2,-2,0,2
,5,50,18,6,2,2,1,2
,-31,-16,20,-11,-3,-1,-4,-8
,9,70,9,1,-6,-2,-4,-1
,55,-37,-55,-11,-1,-1,0,-4
,-35,34,-53,-7,3,0,-2,-2
,39,83,-24,2,-3,0,4,6
,-30,-50,-31,-13,-5,-4,-1,-8
,25,-37,60,8,4,1,1,2
,-23,58,-68,-23,-6,-2,-2,-1
,20,-76,29,24,6,2,3,4
,-17,-59,-8,7,2,3,3,8
,-11,-22,99,16,3,-2,0,4
,38,26,-45,-14,-7,-2,-1,-4
,24,12,-15,6,3,1,-1,-5
,-18,2,62,5,-1,-2,-1,-2
,-7,-42,4,4,2,2,4,5
,-15,41,-5,-4,-5,-4,-4,-5
,-30,69,-62,-12,-5,-3,-3,-1
,-27,-36,65,15,2,0,0,-4
,1,-35,-29,-9,-3,0,-1,-1
,-9,-20,-9,-5,-2,0,1,0
,38,-18,68,18,6,4,4,5
,-14,30,-47,-11,-2,-3,-2,4
,-33,9,17,-2,-3,-3,-2,-5
,-4,5,3,5,5,0,1,0
,50,120,7,-1,-5,-2,-2,3
,9,-58,-76,-24,-5,0,3,8
,25,-71,70,24,2,2,1,-2
,-7,33,-5,-6,-3,-6,-5,-3
,23,-28,26,-10,-4,-4,-3,2
,7,16,-25,1,0,1,0,0
,21,19,-115,-12,-3,-1,-1,6
,-98,-21,40,13,2,2,3,1
,-27,-89,-50,-18,-5,-1,-4,-6
,34,-32,-2,6,1,-1,1,3
,16,55,11,-1,-3,0,0,0
,20,50,19,6,-1,1,1,5
,-16,12,26,5,2,-2,-2,-5
,-48,20,11,3,0,0,-1,-4
,-1,13,10,-5,0,-2,-2,1
,10,-9,95,28,8,5,3,6
,28,-33,-128,-37,-10,-6,-2,-3
,30,51,113,30,11,5,2,3
,-42,-30,-40,-8,-5,-5,-4,-9
,32,-19,-52,-14,-4,0,1,7
,-6,72,0,13,2,1,1,7
,-68,-74,51,-5,-4,-2,-5,-13
,-37,-46,-15,11,3,0,-1,-4
,39,-59,-15,-14,-8,-7,-5,-5
,5,16,53,31,8,3,3,-1
,-6,53,-85,-16,-5,-3,-3,-7
,-12,-59,49,12,4,2,2,-3
,-43,56,35,4,0,0,0,-6
,13,-10,-40,-13,-5,-3,-3,-2
,3,36,5,5,3,1,0,1
,23,8,-5,1,-2,2,1,-1
,51,35,-25,-8,-5,-5,-4,-1
,-36,-75,8,-7,1,2,2,-1
,1,37,19,11,-3,-3,-1,7
,16,86,54,3,0,0,1,-10
,40,-26,8,3,2,0,2,8
,-19,-81,-76,-6,-1,3,0,-7
,-23,-22,18,4,-1,-2,0,5
,-4,-20,-29,-16,-6,-3,-5,2
,1,-85,-29,-5,0,0,-1,-4
,-27,113,62,13,3,-1,-3,-7
,52,27,-57,-8,-2,4,4,8
,7,24,-8,-13,-5,-6,-6,-5
,-36,-51,-8,2,0,1,1,-1
,32,69,-36,-10,-9,-7,-5,-6
,-2,-49,25,8,7,5,4,9
,-41,66,-14,-8,-5,-3,-2,-8
,22,-12,2,3,1,1,1,0
,-41,-42,-18,-5,0,-1,0,2
,45,64,-24,-15,-9,-8,-8,-5
,9,-98,-35,0,4,3,3,3
,50,35,107,31,11,6,5,8
,0,15,-70,-17,-10,-7,-7,-7
,-23,-58,6,14,3,2,1,-1
,2,17,23,2,0,0,1,9
,1,-53,-38,-15,0,-1,-2,-11
,-16,-53,-52,-10,-1,0,1,3
,25,-89,37,3,5,2,3,2
,-26,78,-45,-18,-6,-5,-5,-13
,-4,-32,-58,5,-2,-2,-2,0
,15,4,127,22,5,2,2,3
,23,111,-95,-27,-5,-4,-4,-4
,-4,-21,2,7,3,1,2,4
,-31,21,-24,-9,-6,-1,-2,-1
,4,-52,-14,-8,-3,-1,0,1
,20,87,-9,3,-1,-3,-3,-7
,-10,56,-58,-6,-5,-4,-3,0
,41,-17,30,4,4,0,0,-5
,-16,-52,-62,-13,-6,-2,-5,0
,-29,-39,49,3,2,-1,0,-7
,9,-31,4,7,1,3,3,6
,50,-30,-40,-16,-5,-4,-2,0
,6,99,99,15,6,2,2,0
,-54,-36,-65,-14,-9,-5,-6,-9
,72,49,12,6,1,-2,-1,10
,-45,-12,-7,-4,-4,-2,-1,-5
,27,80,0,8,0,1,2,7
,-26,43,-11,-1,2,0,-3,-5
,-26,15,7,4,-3,-3,-3,-9
,-34,-18,35,3,1,0,1,-3
,-11,38,-70,-9,-6,-4,-3,-4
,-45,0,-23,-7,-3,-2,-4,-9
,-21,-92,9,-1,2,0,-2,-3
,25,48,15,3,-2,-2,-2,3
,-16,36,-15,1,-2,-2,-5,-13
,6,-128,14,-5,-1,0,3,3
,7,-15,63,9,0,2,2,2
,-32,16,-28,-6,2,-3,-1,-3
,33,-2,-12,-3,-5,-4,-1,7
,67,66,26,10,1,0,-1,3
,18,105,4,-4,0,1,-2,-2
,-22,-76,42,3,-1,0,-1,2
,-28,-16,-16,-5,-1,0,-1,-8
,20,-15,4,3,3,0,0,3
,17,102,-5,-7,-7,-2,-1,3
,-1,40,-24,-5,0,-2,-4,-6
,-3,42,44,14,5,2,2,2
,28,-68,6,-6,-6,-4,-1,1
,-30,-16,-9,-3,-1,-1,-2,-6
,-6,27,-9,-5,-3,-1,0,-1
,-45,-85,24,7,5,4,5,2
,48,87,18,7,-4,-4,-4,-4
,4,31,-49,-12,-2,-2,-1,-3
,6,-90,-6,-3,-2,-2,-2,3
,29,-20,11,-3,1,2,1,5
,-23,-6,-18,8,2,2,0,-6
,-9,-46,-54,-2,-2,-1,0,3
,-15,2,23,4,1,-1,0,-4
,8,66,1,-11,-1,-1,-1,0
,-25,13,-24,-10,-4,-2,-1,0
,-17,-3,-11,2,0,0,0,2
,-33,-38,-65,2,3,2,-1,-10
,4,-4,38,1,-5,-3,-1,0
,2,41,18,0,1,-2,2,2
,29,38,4,-1,-1,-1,-4,-2
,-31,-56,61,21,5,5,4,4
,-6,-27,11,-1,-2,-4,-2,2
,-41,-13,-9,-7,-1,-2,1,-4
,-7,-62,1,-2,-1,-2,-1,1
,-10,-25,-5,3,0,1,0,1
,-5,-17,0,-6,-2,1,1,0
,27,-35,58,4,0,1,-1,2
,12,-10,-5,0,3,0,2,8
,43,-11,-4,-10,-7,-5,-4,-1
,-40,37,7,-6,-3,-3,-5,-7
,-10,-42,2,10,2,2,1,4
,-18,-34,-8,-5,-3,-2,0,-7
,32,49,-31,-8,-3,-1,-1,2
,12,52,-24,-12,-4,-5,-4,-6
,-5,-114,46,14,4,2,4,5
,55,104,46,3,-5,-3,-6,-7
,18,24,-72,-15,0,-2,-1,5
,-24,-107,5,-1,-2,-2,0,-6
,-24,-7,-18,-8,-5,-3,-2,-4
,-25,-53,-16,7,1,-1,0,0
,38,66,-29,-13,-4,-2,-2,0
,9,-7,12,15,8,7,4,6
,49,105,-20,-3,-9,-6,-5,-5
,-53,-114,2,-13,2,0,-2,-13
,-6,93,31,5,0,0,0,3
,-16,25,-51,-2,2,-2,0,0
,-24,39,-42,2,-2,0,0,2
,20,13,26,1,2,1,1,4
,-42,-48,-11,2,0,0,-3,-6
,40,-16,-19,5,-1,2,0,6
,26,8,-10,-20,-4,-2,-3,-7
,-69,-32,38,17,1,-1,-1,-2
,-2,-9,-12,-10,-6,-4,-1,3
,16,-18,9,19,5,3,-1,-6
,28,-11,-76,-25,-3,0,0,11
,-4,30,87,13,4,3,-2,-8
,-15,-7,-60,-14,-10,-7,-6,-9
,-27,-9,75,25,3,1,1,-2
,-4,-14,-49,-23,-7,-3,-1,-2
,-3,1,-43,4,2,3,2,1
,79,71,-31,-14,-3,-1,1,6
,-19,-47,83,11,5,0,-1,-3
,-11,-27,32,10,-2,-2,-2,-6
,-10,16,2,-8,1,0,2,1
,11,-21,33,11,-4,-2,-1,-3
,22,26,-51,-23,-5,-2,-1,1
,20,-23,36,12,0,-1,-4,1
,-27,9,-83,-11,-5,-2,2,-1
,68,-6,84,6,1,-2,-3,-2
,-8,-80,-38,-13,-2,1,1,1
,-59,123,35,7,1,0,-3,-9
,55,-9,-95,-17,-2,1,2,16
,-28,56,19,11,5,3,4,0
,40,60,-68,-12,-8,-7,-4,2
,-4,-89,116,24,10,5,5,1
,-7,-65,-85,-9,-7,-3,-3,-2
,-20,-57,119,15,8,4,0,2
,16,79,-31,-13,-9,-4,-2,2
,-14,-101,47,5,4,1,1,2
,-11,98,16,10,0,-3,-3,-5
,-109,-43,-16,-8,-3,-1,-3,-14
,88,84,36,8,-1,-1,-2,3
,18,58,-100,-19,-8,-4,-5,-4
,-1,48,107,20,6,3,2,7
,-3,13,-72,6,-1,1,3,10
,-38,-98,30,8,5,1,-1,-13
,31,127,-45,-10,0,1,3,4
,-20,-100,-35,-24,-11,-7,-7,-9
,4,-55,104,31,6,2,2,-1
,-20,-71,-27,1,6,2,3,12
,-12,38,-46,-9,-3,-2,-4,-6
,-8,63,9,7,2,0,-2,-5
,74,-65,0,-15,-5,-2,-1,5
,-1,24,-70,-23,-8,-5,-4,-5
,-27,20,50,21,5,1,0,-4
,31,-38,96,6,0,2,1,8
,-34,-5,-110,-6,1,0,1,-3
,42,50,80,15,3,-2,-3,-4
,-53,-85,-11,-1,0,4,3,-1
,73,-1,-7,-14,-7,-7,-7,-2
,-14,110,-19,-4,-1,0,-2,-5
,11,9,-56,-3,-3,1,0,1
,-34,-128,-71,-10,1,3,7,11
,-10,50,6,0,-4,-4,-3,-1
,-63,-40,106,34,10,3,1,-3
,36,5,-36,-1,2,2,2,2
,54,-73,-102,-39,-16,-6,-5,4
,-14,98,18,35,12,4,2,1
,3,-45,-126,-23,-8,-4,-3,2
,-46,34,32,-1,0,0,0,-4
,-11,69,26,-3,-3,-3,-2,-2
,-22,-35,36,15,4,4,5,0
,17,65,20,-7,-2,-3,0,6
,-5,-48,-58,-3,0,-3,-2,-5
,7,49,28,-4,-2,-1,-4,-7
,-10,-55,85,10,5,3,3,5
,15,37,-94,-15,-6,-2,-2,-2
,-23,31,48,4,-4,-5,-3,-12
,23,-7,-3,9,0,-1,0,3
,11,20,23,-17,-4,-4,-5,-5
,-12,52,3,-4,0,1,-1,-3
,-8,-10,-11,0,1,-1,0,4
,-11,3,73,24,5,0,0,0
,-19,-100,-128,-45,-12,-3,-2,-2
,18,32,98,40,6,2,1,-3
,-36,-98,-80,-15,-4,-1,-2,-6
,11,11,-64,1,0,-3,-2,-2
,-16,-62,-34,4,-1,3,4,6
,25,37,-59,-20,-3,-3,-6,-24
,32,40,84,15,-1,-1,1,13
,-14,-93,68,8,3,1,-1,-7
,-46,85,-1,-7,-1,-2,-1,-6
,-11,-67,-10,-5,-1,-2,0,14
,12,45,-75,-23,-10,-3,-4,-2
,-15,15,-68,-1,4,0,-3,-2
,32,-22,-40,4,0,0,1,-2
,-19,2,7,-3,-1,-3,1,-2
,31,-36,27,-6,-2,0,0,6
,-53,96,-88,-13,-9,-5,0,-8
,23,-106,81,18,6,2,-1,3
,-38,-62,-21,-7,-1,1,0,-2
,-1,-45,-19,5,-2,-3,-2,-10
,-52,14,72,21,5,2,2,5
,89,-5,27,12,2,0,1,6
,11,12,-16,-3,-6,-1,-1,4
,-78,-9,31,7,4,1,0,-1
,-6,-56,92,24,8,2,-1,-8
,18,103,-123,-30,-11,-6,-4,-8
,-25,-97,91,26,8,5,4,7
,-1,36,-92,-11,-4,-3,-1,-11
,37,-1,32,-6,-2,-3,0,3
,-68,13,-23,5,2,1,0,2
,24,-34,-55,-21,-7,-4,-6,-5
,-11,55,-21,2,3,3,0,-2
,11,26,17,9,4,3,4,5
,51,17,-118,-25,-7,-4,-4,-3
,-53,33,-44,-10,-4,0,1,2
,63,-78,106,6,0,-3,-2,0
,-28,78,-82,-14,-3,-2,-2,-6
,4,-28,31,6,0,-1,4,1
,40,54,-33,-6,-3,-3,-3,-5
,-26,-55,9,7,1,2,-2,-5
,29,-64,12,-4,-1,-2,-2,2
,-5,18,2,-1,-1,0,-1,-7
,-24,57,-24,-7,-4,-4,-3,-8
,-16,32,6,0,3,2,0,4
,43,-84,35,5,3,2,1,7
,-80,39,6,5,0,0,-1,-7
,37,-11,-54,-18,-4,-2,-1,-2
,-9,52,29,9,1,-1,-1,2
,19,52,-45,-14,-9,-4,-4,-3
,14,5,-37,-4,-3,1,0,1
,7,15,127,39,6,0,-1,-1
,-7,-105,-65,-11,-5,-1,0,-2
,19,101,-84,-16,-6,-3,-1,4
,-39,36,36,4,-3,-2,-1,-5
,31,46,-14,-4,-5,-5,-5,3
,9,-14,53,7,-1,-2,-2,-6
,9,49,-52,-2,-1,0,0,4
,16,-105,-42,-11,-1,1,1,3
,-46,-88,86,20,7,3,2,4
,8,53,-6,-2,-1,-1,2,-1
,-43,-8,3,-1,-1,-3,-2,-8
,10,-74,-76,-17,-2,-2,-1,1
,31,-4,80,-6,-2,-1,-3,-4
,-44,-63,9,11,6,2,3,9
,4,60,34,6,-2,-1,-1,-9
,-38,-94,-47,-18,-4,-1,2,1
,-9,-6,63,26,10,4,3,-1
,-6,-18,-95,-12,-4,-2,-2,-6
,6,24,-21,-3,0,2,-1,-1
,58,-1,-7,13,6,2,2,5
,5,-13,-35,-25,-8,-4,-2,-2
,-70,2,15,-30,-7,-3,-3,-4
,0,-119,82,47,15,5,3,6
,44,110,-36,-11,-7,-4,-4,0
,4,-20,-94,-11,-4,0,1,0
,-30,44,29,-10,0,-3,-2,-3
,22,-23,-82,-10,-5,0,-1,-2
,23,-46,76,21,3,-4,-4,1
,-6,50,-128,-51,-12,-3,-1,4
,34,6,49,48,5,7,4,9
,-68,65,-76,-27,-7,-6,-4,-8
,-10,-68,109,14,7,4,2,2
,33,58,-44,4,0,1,3,4
,-61,-49,-92,-10,-2,-3,-1,-11
,-4,-23,98,5,-3,-1,-1,1
,-14,21,-26,-6,-1,0,-1,-7
,-20,-12,61,8,0,-1,-1,1
,10,-13,-53,-8,1,3,2,7
,25,28,7,-3,-3,-1,1,-2
,18,106,-46,-13,-5,-4,-3,-1
,-2,-43,42,13,6,1,1,1
,38,33,-11,-4,-5,-3,-2,0
,-8,-101,-49,-14,-5,-7,-5,-6
,-45,72,106,24,5,5,3,-1
,46,-65,-90,-8,-4,-2,-2,2
,57,21,79,12,5,3,3,6
,-40,27,-68,-36,-11,-4,-5,-9
,11,-91,46,12,2,-2,-1,-2
,-35,-58,-54,-2,0,-1,-1,1
,-11,-18,-23,-4,-2,-2,-4,-12
,42,-46,-11,9,8,3,3,9
,24,-29,16,8,-2,0,1,2
,-43,37,12,-4,-1,-3,-1,-15
,31,-16,-53,-16,-1,-1,0,5
,-43,22,-5,5,-1,-3,-1,3
,31,-17,-26,-2,-3,-2,-3,1
,41,-77,-19,-2,-2,-4,-3,-4
,-29,53,21,4,1,-1,-1,-1
,-1,-28,63,14,5,3,0,0
,-25,-2,51,10,3,1,0,-1
,24,27,0,-2,-2,3,2,4
,19,-7,-86,-19,-8,-6,-4,-1
,26,28,52,10,2,-1,-3,-2
,-6,46,-104,-22,-5,-3,-2,0
,22,49,113,18,5,3,1,1
,-77,15,-44,-11,-6,-6,-5,-4
,85,-95,10,-2,1,0,2,6
,-37,12,-120,-11,0,-1,-1,-5
,-26,41,71,4,-2,1,-1,2
,21,-52,2,16,3,0,0,0
,-30,-9,16,-3,-5,-3,-3,-11
,-23,-91,42,3,4,0,0,2
,-33,31,-96,-7,0,1,2,4
,68,26,116,5,-8,-6,-6,-8
,-58,19,-3,-2,2,1,2,3
,75,-19,-18,-8,-6,-1,-3,0
,-19,53,-17,-3,0,-1,-1,-3
,-10,9,-25,7,4,4,3,4
,11,25,-128,-28,-11,-6,-5,-6
,-52,40,127,21,2,-1,-1,-3
,52,-70,-86,-13,-5,-2,2,6
,16,41,15,-1,5,2,-2,-2
,-9,-89,-15,-2,-7,-1,-4,-8
,-10,-20,-39,-13,0,-1,1,3
,-18,66,127,28,1,0,-2,-2
,-24,-90,-39,-19,-6,-4,0,-2
,-82,57,-22,2,0,0,3,13
,21,20,-21,0,0,0,0,-6
,-36,-44,46,7,-5,-4,-5,-8
,-4,52,38,4,0,-3,-2,-3
,40,12,-31,-14,-3,1,3,9
,17,6,-12,-15,-6,-6,-5,-12
,-26,45,16,23,8,3,2,-1
,12,-22,-93,-5,-2,-2,1,6
,11,-12,32,15,4,1,1,-2
,-56,-30,72,15,6,4,5,2
,70,-30,-93,-13,-3,1,1,9
,33,112,86,4,-2,-4,-3,9
,-19,11,85,8,8,3,-1,-14
,1,61,-28,-1,-3,-3,-5,0
,-25,-9,-91,-12,0,-3,-2,-16
,11,15,-4,-7,-1,3,3,5
,15,-7,-11,-8,0,3,3,9
,17,55,46,12,-2,-1,-2,1
,-27,-69,-31,-12,-1,-4,-2,-4
,-31,45,-83,-12,-5,-2,-2,-2
,-5,-50,22,22,5,3,5,4
,-20,-53,20,8,0,-1,-1,0
,44,50,-33,-13,-6,0,-1,2
,-71,-83,-5,16,6,4,2,-3
,21,-78,-100,-26,-10,-6,-5,-3
,7,9,44,12,0,-1,-1,0
,-21,-11,-45,-13,-6,-3,-3,0
,50,51,53,0,-2,-2,-3,-10
,24,-15,56,22,6,5,5,5
,19,60,-102,-31,-11,-8,-6,6
,-49,-87,58,12,10,4,1,-9
,76,-11,35,19,8,5,2,5
,-73,-84,-40,0,-2,0,2,7
,11,102,41,17,1,-1,-2,-12
,8,12,-29,-9,-1,-3,-1,3
,4,-33,-45,4,3,3,3,8
,49,14,82,9,2,0,-1,-9
,1,19,-57,-11,1,1,5,13
,-44,-76,55,4,5,-2,-2,-8
,9,53,-106,-25,-9,-3,-3,-5
,3,127,64,11,-2,-4,-6,-5
,-5,-21,-128,-36,-7,0,-1,-5
,26,127,127,40,6,4,5,9
,-37,-85,-50,-19,-10,-6,-4,0
,-21,-18,-87,-28,-6,-3,-1,-10
,-18,-13,15,0,2,-4,-2,-2
,9,-26,-79,-12,-3,-1,-1,0
,2,-33,37,19,4,3,5,6
,-49,67,-56,-13,-8,-3,-2,-3
,29,-77,-56,-6,-3,0,0,6
,41,-62,85,14,10,3,2,4
,-50,60,-5,2,-2,-2,-3,-5
,-4,-96,81,25,6,3,0,-3
,16,105,-80,-21,-10,-8,-4,-2
,-9,-4,82,17,6,4,2,2
,-54,-43,-6,-1,-1,1,-2,-8
,71,-27,64,12,6,1,1,9
,-79,-38,0,-1,-3,-2,-4,-11
,18,64,-73,-15,-10,-3,-4,-5
,-1,-41,98,18,4,1,0,1
,28,88,-43,-12,0,-1,-2,-1
,-25,-44,-25,-1,0,0,2,3
,-8,13,46,6,-3,-4,-3,-4
,5,44,-22,-12,-5,-1,1,3
,32,50,-36,-5,-3,-3,-4,-3
,38,9,46,2,-1,-1,-3,-5
,-50,-103,-71,-11,-4,-1,1,3
,41,15,2,4,2,-1,0,-3
,-2,-4,-20,0,-2,-4,0,4
,4,-86,1,1,1,2,1,0
,-12,127,-12,-7,-7,-5,-6,-8
,-17,-63,43,-2,-2,-3,-3,-6
,65,87,-19,-5,-5,-4,-3,6
,-26,-44,16,4,2,3,2,-2
,22,46,-61,-39,-6,-3,-1,-2
,5,-93,-48,11,7,3,5,9
,26,82,-64,1,1,-1,-1,-4
,6,-68,-13,19,4,1,-1,-4
,21,108,27,-12,-8,-5,-6,-7
,24,56,24,-11,-4,-2,-1,0
,14,-34,-23,1,3,2,1,4
,-58,29,-24,-6,0,2,3,2
,50,-52,57,19,2,0,4,9
,16,62,-107,-25,-10,-7,-5,-6
,-31,-22,81,31,5,1,-1,-3
,-29,-33,47,11,3,0,-2,-7
,-34,73,-51,-1,-4,-1,-3,-9
,29,8,-29,3,0,-3,0,4
,-58,-81,53,-3,1,1,1,-1
,47,56,-50,-8,-4,0,-3,1
,-49,-106,35,20,8,2,2,-4
,6,6,0,-5,-5,0,-2,-6
,-20,-79,-18,-5,0,0,1,4
,26,38,103,13,4,2,2,4
,-11,46,-89,-9,1,2,4,6
,13,12,-37,-17,-4,-3,-3,-4
,-1,27,-52,-2,-4,-2,-3,-3
,-5,31,88,20,3,-1,0,0
,8,-26,-32,-11,-3,-2,-2,-6
,-40,26,-19,-2,-3,-1,-2,-6
,3,-93,28,4,1,2,2,3
,-22,10,-12,-3,0,-2,0,-2
,9,-25,-29,-4,-3,0,-2,2
,14,3,-27,4,-3,-4,-1,-1
,55,-10,76,8,5,2,0,0
,-40,86,-77,-15,-4,-6,-4,-4
,-29,-107,-19,5,6,3,0,0
,46,-19,-65,-5,-2,0,1,4
,-56,63,84,2,-3,-1,-3,-9
,28,-33,-1,-2,-4,0,0,3
,9,23,-34,-13,-7,-3,-4,-5
,-22,80,59,10,6,0,0,-1
,-30,-32,-128,-28,-7,-2,0,-6
,-28,48,67,26,5,-1,0,-9
,25,28,-83,-16,-6,-2,0,9
,-26,-112,32,3,4,4,3,0
,2,126,-57,-18,-13,-9,-10,-9
,32,13,-18,-8,-2,-2,1,6
,-14,-30,24,9,6,3,0,-1
,-17,-43,17,10,2,2,2,-3
,18,19,64,3,-1,-3,-2,5
,16,-33,-65,-14,-6,0,-1,4
,23,7,-16,1,5,0,1,1
,-4,52,19,12,3,3,1,2
,-37,-51,-3,-1,1,-2,0,-7
,9,-12,93,14,1,2,3,8
,21,-70,-61,-10,-2,-2,-1,-9
,-28,59,55,3,-2,-3,-2,-1
,11,-108,-104,-21,-10,-5,-3,1
,-14,-8,76,12,7,1,-1,-1
,2,8,-37,1,-3,-1,-1,3
,3,-46,-35,-7,0,-2,-2,-1
,17,37,75,15,4,1,0,3
,16,-50,-35,-4,-1,1,1,1
,-43,1,-26,-9,-8,-4,-2,-6
,-27,35,42,17,2,1,-1,-6
,10,38,-23,-5,0,-1,0,4
,-2,-10,-50,-4,0,0,0,-2
,3,-63,75,-3,-5,0,-1,0
,6,13,-53,-5,0,-3,-2,0
,-2,1,-12,7,1,-2,-1,-2
,29,-13,18,-11,-6,-5,-4,2
,22,41,-62,-4,-5,-3,-3,3
,-2,-45,73,-1,-3,-1,-3,-4
,-15,53,-52,-26,-3,-3,-3,-5
,-37,-104,36,8,5,1,-1,-4
,25,86,-31,-10,-5,-4,-6,-5
,-12,50,90,9,2,0,1,0
,19,65,-62,-11,-1,0,1,2
,14,35,-23,7,1,2,2,4
,-38,18,84,20,5,2,2,3
,-53,-115,-44,-5,1,3,3,2
,33,101,7,-11,-9,-5,-8,-9
,-18,-50,25,9,-1,-2,1,0
,12,52,31,1,1,-1,1,5
,-12,-101,18,9,3,1,-2,0
,61,-10,46,12,3,4,4,7
,19,79,-3,1,0,-2,-3,-8
,29,81,-28,-13,-6,-4,-2,1
,12,-44,15,0,-4,-3,-3,-2
,-29,-52,-39,7,3,0,3,2
,-21,-2,-72,-25,-3,-1,-2,-9
,69,0,1,19,5,4,0,5
,-34,91,-70,-20,-12,-5,-3,2
,-20,-106,90,13,3,-1,1,1
,2,19,-54,-8,4,3,3,5
,-80,15,18,4,-1,-2,-2,-10
,31,28,-45,-12,-3,-4,-7,-7
,11,67,0,13,1,3,1,6
,-17,-36,9,-4,-5,-2,-1,-3
,5,-52,22,-3,1,-1,2,6
,25,-12,42,11,3,1,3,0
,-45,-6,-16,-4,3,4,2,2
,23,73,-123,-27,-9,-3,-5,-1
,-11,42,100,27,5,2,2,-4
,34,-7,-100,-21,-5,-3,0,4
,-10,-94,66,14,3,1,1,1
,0,-8,-18,-7,0,-2,-3,-4
,-41,-87,-32,-15,-4,-2,-1,-2
,-9,80,-39,10,6,2,3,5
,-18,-63,72,8,5,3,3,-3
,-9,-12,-15,-2,-4,-2,-2,-2
,33,6,5,-4,-5,-6,-3,1
,34,-13,57,14,10,7,5,0
,-49,18,-114,-30,-12,-9,-8,-11
,10,-36,77,14,2,2,1,-1
,-17,-22,-7,2,3,1,0,4
,11,-73,-36,-12,-5,-3,-1,-1
,-32,48,-11,12,2,1,-1,-4
,8,44,16,7,0,0,0,1
,-9,-68,-30,-8,-5,-3,-3,-2
,-21,14,80,-9,-4,-4,-4,-8
,48,35,57,14,4,1,0,5
,-35,5,-32,-5,-5,-1,-1,0
,-68,-101,-44,5,5,4,4,-3
,24,92,52,7,1,-2,-2,3
,53,-7,-33,-6,-2,3,4,12
,0,-10,-1,-6,2,-2,-2,-7
,-11,-1,-63,-11,-5,-2,-3,-6
,7,-80,-61,-8,-8,-3,-1,5
,-33,-5,26,-3,-1,-5,-4,-7
,42,17,-48,0,0,2,1,8
,-40,-19,50,2,-1,-2,-3,-5
,-3,59,-43,-4,-5,-1,-1,-2
,-1,-62,-65,-10,-3,-2,0,-2
,35,23,-2,10,4,1,0,0
,6,56,-58,-5,0,1,3,2
,9,73,6,7,-2,-5,-7,-6
,-5,6,45,2,-1,0,2,5
,-9,-55,-47,-17,-8,-4,-2,0
,13,-23,98,20,6,3,3,2
,-53,-7,-30,-14,-5,-2,0,6
,-16,4,68,28,5,1,-2,-13
,-25,47,-58,-12,-2,-2,-2,-7
,32,16,36,-5,-5,-5,-6,-3
,-8,-91,-51,-4,0,1,1,-1
,1,59,-100,-16,-3,-2,1,9
,-2,1,48,8,0,-3,-3,-15
,-35,-29,-28,-8,0,-1,-1,-2
,5,26,38,3,2,1,-1,-4
,-34,-95,-24,-6,-3,0,0,-1
,91,17,-9,2,0,-1,0,7
,5,62,-88,-20,-8,-3,0,0
,17,-76,124,38,11,3,-1,0
,-4,74,-108,-16,-9,-4,-4,-7
,-43,-116,106,-1,0,0,-2,-3
,32,38,104,30,6,3,4,1
,-38,-75,-42,-21,-6,-3,-1,-2
,89,52,-35,-3,3,2,0,0
,-43,-17,-11,2,1,-2,3,0
,-15,-7,-49,-18,-6,-3,-4,-5
,82,41,48,13,1,-1,-1,2
,-19,-4,-74,-22,-6,-1,-2,-5
,6,37,-69,-9,-4,-1,2,10
,-5,-17,50,12,5,1,-1,-8
,25,43,-96,-24,-8,-4,-4,3
,-48,73,12,1,-2,-3,-4,-5
,18,-33,41,4,1,0,1,1
,-15,48,-72,-11,-5,0,-2,0
,30,24,-21,-4,0,2,1,1
,17,-52,29,-1,-1,-3,-2,1
,-56,53,-37,2,0,1,3,6
,38,-33,32,1,0,-1,-2,-4
,-35,-7,-76,-8,1,-1,-1,-5
,17,-30,79,7,-3,-5,-3,-1
,-13,0,-10,-2,-3,0,0,6
,-2,-2,-24,-1,2,2,1,-3
,-17,4,-58,-27,-7,-4,-3,-6
,-1,-128,103,40,12,6,6,5
,2,93,-71,-11,-7,-4,-6,-2
,21,36,-22,-3,-6,-3,-2,4
,-30,7,-28,-6,1,-3,-2,-9
,17,6,-1,-6,-3,2,2,11
,-10,28,29,8,1,-2,-3,-11
,54,5,-9,-7,-3,0,1,5
,2,20,71,16,7,2,-1,-1
,29,-59,-58,-17,-5,-4,0,3
,-42,-2,17,-3,0,-1,-2,-1
,16,43,-80,-12,-1,-1,1,-3
,11,65,49,23,2,4,5,9
,-17,5,-53,-4,1,1,-3,-9
,37,-30,-74,-10,-2,-2,-1,2
,-7,-1,89,5,2,-1,-1,0
,-8,33,21,6,-3,0,0,-1
,-13,-5,4,1,1,-2,0,4
,39,-28,-28,-3,2,-2,-3,-9
,-7,34,-58,-12,-6,-2,-2,3
,-40,-79,11,5,3,0,0,-2
,-10,105,-39,-22,-8,-2,-3,-9
,41,-30,53,22,3,4,3,4
,-14,21,-54,-20,-6,-3,-3,4
,-16,-24,116,34,8,2,-1,-10
,-3,29,-27,4,2,-2,0,5
,-29,-8,-9,-17,0,-2,-1,-8
,5,18,19,22,3,0,-1,-1
,-7,19,-81,-27,-11,-3,-2,-2
,55,19,58,12,3,0,1,8
,-29,2,19,6,1,-2,-1,-3
,-20,-41,40,4,0,-1,-1,-2
,-18,0,-62,-28,-10,-5,-3,-7
,14,-32,78,18,1,1,-2,-7
,19,-35,-32,-5,-3,-1,1,5
,-1,-2,75,16,3,1,-1,-2
,18,3,18,6,3,1,0,7
,-23,9,-124,-29,-11,-4,-1,-4
,-66,-67,102,41,9,3,3,1
,6,32,-81,-13,-1,-2,0,-1
,28,50,76,17,4,-2,0,6
,-16,-1,-50,-15,-7,-1,-1,-8
,-27,12,38,0,0,-2,-4,-4
,29,-49,-47,-11,-3,-3,-1,0
,-24,22,-25,3,0,0,-1,-2
,-37,58,-22,-2,-2,-5,-4,-7
,19,-12,44,3,1,0,0,3
,-8,-3,28,7,3,1,-2,-3
,26,-40,-102,-13,-4,-2,-1,0
,-77,-4,58,15,1,2,1,-3
,7,-46,-85,-22,-7,-3,-2,-6
,18,7,21,1,3,2,4,2
,11,-41,44,3,-2,1,-1,-1
,42,-33,-95,-19,3,-1,1,12
,-3,34,4,5,-4,-1,-2,-3
,-16,42,69,17,2,-1,0,2
,-14,-81,-19,-1,0,1,0,-4
,41,56,-16,-17,-8,-4,-5,-5
,12,21,32,-1,0,0,0,4
,-10,-46,-20,4,1,-1,0,-1
,-30,-2,-22,-15,-7,-5,-2,-4
,49,61,37,13,6,3,4,10
,-18,-50,4,4,4,1,1,-4
,-30,-4,25,4,2,1,-1,2
,38,127,-14,-3,-1,-2,-3,1
,25,-44,-37,-7,-4,-1,1,4
,15,19,-31,-8,-2,-2,-1,-2
,-21,-58,-4,4,2,2,0,0
,11,-20,50,4,0,0,1,2
,15,-31,24,11,-3,-2,-2,-3
,2,37,-38,-13,-3,-1,-1,1
,-7,-102,9,-4,2,2,1,-4
,64,93,-28,-11,-6,-6,-4,-3
,-44,-36,-13,8,4,4,1,-7
,15,-7,22,-5,-8,-5,-2,1
,10,-1,-67,-13,-7,-4,0,4
,-17,-107,111,50,18,6,5,2
,-80,-18,-57,-15,-2,-2,-3,-9
,35,40,-72,1,0,0,0,3
,44,50,-7,2,-4,-1,-2,-1
,-4,-36,-32,-16,-1,-1,1,0
,-9,-3,30,1,0,-1,0,-1
,-21,25,29,4,2,1,0,0
,-4,-18,3,-1,-1,-1,-1,0
,19,11,-43,-11,-5,-2,-1,3
,-17,-33,16,-8,0,1,0,-3
,20,-30,75,22,8,5,4,1
,-53,-63,-75,-4,-5,-2,-6,-9
,-4,16,-5,-2,-3,-4,-2,-1
,-6,-23,-56,1,-1,1,-1,3
,-9,-26,17,-15,-5,-4,-4,-5
,-15,4,59,13,3,1,3,4
,-34,-17,-64,-15,-5,-2,0,-3
,28,13,88,17,6,0,-1,-1
,-12,35,-75,-5,-3,-2,1,2
,22,-34,60,9,2,1,1,4
,-35,73,-5,-17,-9,-5,-7,-11
,13,75,-32,-15,-4,-2,-2,0
,18,-41,18,22,2,0,0,4
,-22,-8,-61,-15,-1,-2,-1,0
,14,43,-51,-5,-1,-3,-2,1
,29,-46,42,11,3,0,-2,0
,20,29,-79,-25,-8,-2,-3,-4
,11,44,74,0,1,0,2,2
,-31,11,18,9,3,1,0,-2
,40,0,-63,-13,-3,-2,0,7
,-62,-72,75,14,1,-2,-2,-10
,25,24,-30,-5,-1,-1,-3,-2
,-26,-78,94,17,3,1,1,3
,-30,23,-27,-8,-6,-5,-5,-6
,13,77,13,1,2,-2,-1,2
,14,-25,-70,-12,-4,1,1,-1
,-37,-109,-48,-14,-8,-5,-6,-12
,18,34,86,18,6,2,-1,-1
,-43,22,-38,-11,-3,1,-1,-5
,4,1,-24,4,-2,-1,0,3
,47,33,-9,2,1,1,1,4
,-15,-8,22,6,-3,-1,-1,-3
,41,54,-126,-22,-7,-2,1,6
,-29,12,64,23,5,1,1,-4
,-14,2,-35,-3,0,1,0,-3
,33,58,18,-1,-1,-4,-2,-4
,-20,-1,35,4,3,1,-1,2
,-25,-54,10,-7,-2,-2,0,-1
,40,61,-30,-12,-6,-3,-4,-3
,-38,-49,55,24,9,4,2,0
,18,-43,-23,-14,-4,-4,-4,-4
,51,83,20,2,-1,-5,-3,1
,-31,-17,-74,-25,-3,0,3,0
,9,1,75,39,10,5,5,6
,25,-92,-75,-2,-2,0,0,-2
,-51,111,-96,-19,-7,-6,-6,-8
,26,-20,64,15,5,-1,-2,2
,-35,-105,-121,-30,-7,-2,-1,0
,21,19,99,10,-1,-4,-6,-6
,-10,-35,2,6,2,-1,-2,-7
,45,39,-58,-15,-4,0,2,7
,10,19,-20,-6,-1,-1,-1,1
,-38,-65,84,30,10,7,4,3
,16,-22,-16,-21,-9,-7,-5,-3
,-36,48,-52,-5,-2,-1,-1,-4
,46,-35,27,9,6,2,3,5
,-10,44,-21,-8,-6,-1,-1,0
,23,54,-9,-12,-5,-6,-6,-4
,-20,-105,54,17,6,3,3,14
,-69,-79,-10,-3,-4,-3,-4,-25
,-16,28,-10,-3,1,-1,1,3
,16,-5,22,4,0,3,4,6
,-6,-15,-14,2,-1,-1,-3,-3
,2,73,75,15,-2,-2,-3,1
,14,-17,-93,-20,-5,-1,0,1
,71,50,49,11,-1,0,0,1
,-34,4,35,3,1,0,0,-7
,8,46,-90,-8,-5,-3,-2,1
,13,7,-9,-7,-2,0,-1,-2
,-31,6,-15,-5,0,1,0,-3
,12,8,46,7,2,0,-1,2
,-15,41,-23,-2,1,3,1,-2
,31,1,-69,-17,-5,-2,-3,4
,-11,-60,41,12,1,-1,0,3
,-22,-70,33,2,1,0,0,-10
,31,-99,116,12,5,3,1,13
,16,52,4,3,-4,-2,-2,-4
,-48,-14,-14,3,-1,-1,-2,-6
,17,48,-51,2,3,0,0,-1
,4,-82,-16,-3,-5,-3,-2,-3
,-15,-5,69,10,3,1,1,-2
,29,70,12,-13,-7,-4,-3,-2
,-19,-19,95,6,2,1,-1,-3
,38,40,-128,-16,-2,0,-1,-1
,3,41,-51,-20,-6,-3,0,5
,4,1,-50,25,7,5,6,3
,-16,-45,88,36,5,1,0,-3
,-11,12,-75,-40,-7,-2,-3,5
,5,74,-3,-4,-3,-1,-1,-5
,-6,-74,15,21,9,5,2,-2
,8,-74,-11,0,-1,2,4,10
,5,68,-54,-15,-8,-5,-6,-7
,-65,-95,30,14,7,0,-1,-3
,18,0,-77,-25,-4,-3,-4,0
,-9,48,-56,-8,-7,-4,0,1
,-28,-67,85,20,4,0,-2,-5
,-7,-64,-36,-8,-1,0,-1,-4
,23,88,40,0,1,-1,0,2
,26,25,-72,-12,-4,-4,-6,-2
,-16,28,-46,-12,-3,1,1,-1
,-28,-26,62,1,-5,-3,-5,-7
,33,-19,-32,2,3,2,3,9
,-39,21,7,13,0,0,2,2
,5,-64,67,13,2,-1,3,-3
,-21,24,-25,3,2,-1,-5,1
,-38,-74,-100,-29,-4,0,1,-2
,46,94,-64,-9,-1,1,2,2
,-22,-94,109,20,-2,1,2,-2
,34,-6,-11,7,7,3,7,13
,-44,-5,-51,-41,-12,-7,-8,-10
,34,31,-33,-2,4,1,-1,2
,-32,72,44,6,1,1,3,2
,20,64,-53,-9,-7,-4,-4,-8
,-35,-35,27,5,-5,-2,-4,-2
,7,-120,-9,-7,1,1,0,0
,6,64,-43,-4,-5,-7,-7,-3
,35,-78,99,0,-1,0,3,4
,-71,-7,13,10,5,2,-1,-5
,-33,-2,20,8,0,-1,-1,-5
,67,16,-97,-16,-7,-1,-2,5
,-8,-56,99,34,6,2,3,5
,10,63,14,9,0,-1,-5,-15
,40,-92,-26,-19,-2,0,2,12
,-14,17,-67,-27,-4,-4,-4,-5
,23,85,-12,-2,-2,-3,-2,2
,24,9,-48,-12,-4,0,0,2
,-34,82,-8,9,-1,-1,0,-3
,-64,-83,37,12,7,3,4,-2
,23,19,61,0,-2,-4,-5,-3
,7,10,-33,-9,-3,-1,0,1
,-20,21,33,0,-4,-2,-5,-2
,71,-42,16,-3,3,-1,0,6
,-19,-43,60,17,4,3,3,-1
,-35,-16,-21,-8,-8,-7,-8,-9
,10,-17,-19,-18,-1,-1,1,-2
,0,110,-114,-12,-9,-5,-4,-2
,-27,-25,19,4,5,2,3,-1
,40,-78,127,22,8,2,-1,1
,25,99,31,7,-4,-1,-2,-1
,-38,25,-26,2,-1,-1,0,-1
,22,30,8,-7,0,1,-3,-7
,-1,2,3,1,-3,-3,-1,1
,-10,-79,35,7,3,-1,0,-3
,20,-50,-38,-22,-6,-5,-6,-5
,-27,-87,-9,4,-3,-1,1,-2
,-45,-11,51,11,3,2,4,3
,53,-1,-27,-10,-2,-3,-1,4
,-2,67,32,6,-3,-2,-2,-5
,-30,-46,-128,-20,-6,-3,0,0
,66,-76,74,12,7,3,4,12
,-38,37,-70,-7,-7,-4,-4,-9
,0,10,47,10,3,3,4,6
,-13,89,-47,-12,-4,-4,-6,-7
,24,29,-20,-6,-5,-3,-2,-3
,4,-34,-20,-12,-3,-2,-3,-2
,32,16,-76,-3,2,1,0,0
,0,1,11,16,2,3,0,2
,-1,-3,-63,-6,-2,-1,0,2
,-26,28,-59,-19,-4,-1,-1,-9
,9,71,107,33,8,3,3,3
,19,-12,-37,-16,-3,-1,-2,-1
,-72,-24,-5,10,4,2,1,-1
,55,31,54,13,1,0,-2,7
,-36,-24,-60,-15,-2,-3,-4,-9
,11,28,-52,-29,-3,-2,-2,0
,-15,30,-28,5,-2,-3,0,4
,21,-53,30,3,2,0,0,-2
,17,13,-25,-11,-4,-3,-2,4
,-57,-16,6,1,0,0,0,-3
,-10,35,-79,-26,-9,-5,-4,-7
,-3,-57,85,13,3,2,0,-1
,-17,-65,26,2,3,1,1,5
,-10,-44,93,22,4,1,2,1
,9,-57,-22,8,4,3,3,-1
,-4,-2,-22,-2,-5,-4,-1,-4
,-14,16,66,6,2,2,0,-3
,18,-5,23,5,0,-1,-1,3
,-33,-6,-23,-2,1,0,1,-5
,62,-22,-5,-4,-5,-5,-4,6
,-72,-13,-109,-40,-10,-2,-5,-13
,7,5,6,14,2,3,0,1
,8,8,-35,-1,2,1,2,2
,-10,35,8,3,5,3,4,4
,34,-24,77,10,-5,-3,0,1
,-8,25,-42,-7,0,-1,-2,-6
,5,-83,88,17,4,2,2,6
,-91,11,-15,4,3,1,-1,-3
,122,62,-13,1,-3,-4,-4,-1
,-38,-104,-19,-3,-1,2,3,6
,60,127,46,5,-1,-2,-1,2
,6,47,-85,-15,-4,-1,-1,7
,-59,-61,94,29,8,4,-2,-21
,50,91,-47,-17,-8,-7,-7,-3
,24,3,-1,-7,-2,-3,0,5
,-4,77,-94,-30,-11,-6,-3,-4
,-18,-112,84,45,10,5,4,9
,-7,31,-94,-6,-4,-5,-2,-3
,-48,-31,12,9,1,1,-2,-7
,63,49,-18,-15,-9,-6,-6,-4
,-23,-36,20,6,5,0,2,3
,2,-72,25,-4,-2,-3,-4,-5
,-13,-41,-28,-7,0,2,1,5
,5,-93,-37,2,2,0,0,-5
,-2,124,-99,-31,-10,-5,-2,-2
,23,55,124,33,7,0,1,-1
,57,-66,-74,-1,0,1,3,11
,-31,4,99,8,2,-4,-5,-11
,-28,36,-52,-16,-3,-1,-1,1
,27,91,-61,-10,-7,-1,-2,3
,4,-21,63,-6,-3,-3,-4,1
,-46,-22,10,15,8,3,2,-9
,1,-1,-36,-16,-7,-4,-4,2
,-10,-96,60,17,3,1,-2,-10
,-11,-18,-8,-10,-5,-3,-2,-3
,-6,-43,-60,1,-1,1,-2,3
,6,66,79,20,2,-1,-3,-9
,0,1,-78,-29,-8,-6,-4,-1
,-14,7,-9,3,3,3,1,-2
,-43,1,34,11,-1,-2,-2,-9
,61,-22,-101,-14,-2,0,4,12
,36,-7,91,17,2,-1,-2,5
,0,30,-31,-2,-5,-3,-3,-6
,-54,30,23,3,2,2,5,6
,-14,-24,15,14,6,3,3,4
,-46,36,-68,-16,-4,-1,0,-1
,17,35,-45,-1,-2,-3,-2,-12
,-13,-94,20,2,-3,-2,-4,0
,12,-17,54,-6,1,-2,-3,-1
,-7,-5,-113,-22,-5,-2,0,2
,-3,-42,111,30,5,0,1,-2
,5,-4,-70,-11,-4,0,-2,0
,-45,-19,-24,-3,-4,-4,-4,-6
,27,38,26,5,2,0,1,6
,-30,8,-7,-14,-2,-3,-4,-10
,-9,-25,17,10,4,0,1,-2
,-29,-40,-68,-9,-9,-4,-5,1
,-63,-97,74,17,3,-2,0,-7
,31,58,-125,-22,-3,0,-2,5
,-57,75,127,20,8,4,2,-2
,-15,-65,-74,-6,0,-1,1,0
,54,115,-6,-2,-3,-2,-1,7
,1,59,-18,-2,-5,-4,-1,1
,103,-17,-66,-12,-2,-2,3,12
,-32,61,69,-8,-1,1,0,-10
,-15,-32,-52,2,0,1,1,0
,-17,-88,127,37,13,5,3,4
,50,63,-45,-1,1,-1,-1,2
,19,5,-19,-6,-2,-3,-2,-2
,-3,79,-110,-34,-9,-4,-3,-5
,-14,-18,64,21,3,1,-3,-3
,2,-31,-95,-13,-3,1,0,4
,-24,-18,14,19,6,3,1,-2
,-4,-58,-84,-27,-6,-3,-3,-3
,45,84,41,-7,-7,-1,1,5
,30,17,-36,-10,-3,-2,-2,0
,4,7,62,3,8,4,3,6
,-33,-90,-6,8,-1,1,0,-2
,-20,17,-39,-8,-2,-1,-1,-5
,-13,-35,12,13,-1,0,1,0
,4,-15,2,-1,-5,-2,-2,-3
,-8,23,56,8,6,1,0,6
,-7,60,-48,-10,-3,-3,-3,-12
,-21,-57,65,-8,-4,-3,-3,-9
,-6,29,-14,7,3,2,1,2
,49,98,76,17,1,-3,-2,-7
,13,2,-97,-17,-4,-2,-1,1
,-15,29,67,19,2,0,0,2
,7,35,-11,-12,-7,-6,-3,1
,-29,3,3,-3,1,3,-1,-6
,21,-27,-31,-11,-3,-2,-1,5
,-23,28,-13,-3,-4,0,1,2
,30,-56,20,6,2,-1,0,-3
,3,47,12,1,0,-2,-1,0
,-8,-37,-25,-6,-3,-2,-3,1
,-8,-40,-20,-4,0,-2,0,2
,41,43,9,1,0,3,3,4
,21,2,16,6,-1,-3,-5,1
,-44,90,104,6,0,0,-2,-7
,26,-43,-5,-7,-3,-1,-2,1
,-12,-12,-128,-19,-6,-3,0,5
,-7,-16,36,8,4,2,2,-2
,27,-48,-16,1,-5,-3,-3,1
,-100,87,-26,-4,1,1,-3,-12
,36,63,12,6,-2,-2,-2,0
,-25,6,-69,-11,-5,0,-1,-1
,4,-51,71,18,4,2,4,-4
,40,50,-26,-4,1,-1,0,1
,-8,-12,10,6,2,-1,-3,-5
,7,2,11,8,5,3,3,5
,3,40,-9,-7,-4,-2,0,3
,-20,-24,-12,-8,-4,1,-2,-6
,-13,24,59,10,-1,-3,-4,-1
,59,-56,-15,9,4,3,0,2
,-36,-24,5,-6,-1,-1,-2,-8
,12,-17,14,-2,0,-2,1,5
,8,10,-29,-3,-4,0,-2,2
,-1,-29,8,-7,-3,-3,-3,-6
,-25,-1,-17,-3,1,0,-1,3
,11,6,-36,-13,-8,-7,-4,-9
,-30,-69,-24,5,0,2,1,3
,-13,66,56,1,2,-1,-2,-7
,-12,-25,-33,-8,-3,0,2,5
,52,45,50,11,1,-2,-2,2
,-25,-29,-32,-13,-5,-3,-1,-6
,-5,-64,28,3,0,0,3,3
,5,30,-46,-3,-4,-4,-3,0
,-30,-24,63,4,2,2,3,0
,27,-2,87,7,2,1,0,-2
,7,18,-33,-8,-5,-1,0,3
,75,70,-16,11,3,1,0,5
,-7,-32,2,6,2,0,-1,-4
,7,105,-61,-11,-4,-2,-3,-1
,60,-39,19,0,-2,0,1,6
,-68,-20,-4,-7,2,-1,-3,-3
,55,3,-34,-3,-1,0,0,4
,2,-66,56,8,5,0,0,-3
,20,11,-48,-7,-4,-1,-2,-3
,-58,-73,-6,6,-3,-1,-3,-8
,9,-12,-9,0,-3,-2,-3,2
,-34,69,-57,-22,-10,-5,-5,-3
,29,11,-59,-12,1,1,2,2
,32,0,66,25,5,3,4,1
,-33,6,52,7,0,-1,-1,-2
,-9,-45,23,-2,-1,0,-2,-1
,-18,-8,-64,-10,-3,-2,-2,0
,33,51,58,-4,-2,-3,-3,0
,-43,-60,7,13,5,1,0,-5
,8,66,-24,-6,-4,-1,0,4
,-5,-3,20,11,0,-2,-2,-7
,24,31,-38,-8,0,-2,-2,-3
,12,-22,54,14,2,4,1,2
,-6,-46,44,4,0,-3,-3,-7
,-108,70,-59,-8,-4,-3,-5,-13
,53,-38,-49,-19,-5,-4,-2,2
,-6,-6,-37,-7,-1,-1,0,-1
,-6,-53,-35,-4,-5,-2,0,2
,-17,16,90,22,5,2,-1,-2
,-9,52,9,-2,0,1,1,6
,-13,15,26,-4,0,1,1,5
,3,-54,-44,3,4,0,-1,-8
,6,-24,66,3,-1,0,-2,6
,28,63,-87,-16,-8,-6,-2,-3
,49,38,55,6,-3,-2,-2,-1
,-4,46,-28,-7,2,1,3,3
,-13,-20,-53,-5,-5,-3,1,1
,1,6,70,4,1,2,-2,-5
,-20,-28,-75,-23,-3,-4,-1,-2
,53,0,-20,1,1,0,-1,3
,3,-31,-27,-4,-6,-2,-3,-1
,-30,-43,59,5,2,2,3,-3
,-4,64,-102,-28,-7,-5,-7,-6
,-18,-29,127,26,5,1,1,0
,-3,-38,-12,-4,1,1,0,1
,26,15,-61,-7,-1,1,2,7
,26,-29,47,2,-1,0,-1,-10
,-56,46,-7,4,1,2,4,3
,23,9,40,1,-1,-5,-5,-5
,-19,-56,-62,-9,-1,0,-2,-5
,-20,4,-5,-3,-2,-1,-2,0
,18,-56,-32,1,-2,-2,-2,1
,-5,8,66,11,0,3,3,2
,-31,45,-70,-17,-4,-3,-3,-6
,12,-82,32,22,4,1,2,3
,0,11,-67,-13,-2,-1,-2,-2
,1,37,-8,-6,-2,0,1,-7
,18,26,30,1,3,-5,-5,-3
,-9,16,-106,-4,0,-1,0,4
,-19,-33,54,6,1,-1,0,-3
,-17,-61,-18,2,1,0,0,2
,10,8,-43,-2,-6,-2,0,2
,-64,121,6,-6,-4,-4,-5,-8
,61,-80,3,1,3,3,2,6
,-15,75,-2,-5,-2,0,1,3
,12,-55,24,12,3,-3,-4,-15
,-1,-13,39,7,-1,-1,-1,0
,-14,24,-113,-24,-7,-3,0,1
,-1,-49,89,5,2,-1,-1,-2
,0,-9,-16,-1,-2,0,-2,6
,-10,23,8,2,-2,-2,-1,-1
,28,6,-31,-14,-4,-4,-2,-2
,-17,-66,34,12,5,3,0,-3
,20,75,-44,-12,-4,-1,-3,-1
,10,-73,-18,-8,-2,-1,0,2
,10,-29,43,11,1,1,0,3
,6,51,9,-3,-4,-1,-4,-1
,-17,-38,-70,-14,-5,-1,0,0
,38,53,27,2,0,0,0,1
,-34,13,-3,3,-1,0,-2,-6
,7,5,39,-1,-2,-1,-1,2
,-14,-17,6,1,0,2,3,3
,-13,-13,-61,-9,-3,-2,-2,-2
,-17,7,114,12,3,2,-1,-5
,27,51,-66,-5,0,-2,1,8
,-20,-106,16,6,-1,1,-1,-9
,60,23,49,-1,1,-1,-1,8
,-42,-53,-54,-12,-7,-3,-5,-8
,-20,48,-39,-10,-1,1,-1,1
,-37,14,-32,-11,1,-1,0,-3
,-11,-70,58,42,10,3,2,1
,-4,29,-44,-4,-4,-3,-4,-5
,25,13,-68,-14,-3,-3,-3,2
,69,-77,-24,2,-1,2,1,10
,-86,-12,-13,-16,-8,-4,-4,-13
,-16,17,-87,-3,3,1,0,5
,83,-76,65,7,3,0,2,1
,-30,26,127,22,1,-2,-5,-10
,-21,-17,-27,-4,0,1,1,2
,54,26,33,-6,-2,-1,2,14
,-39,83,-84,-20,-6,-5,-5,-18
,1,-18,-8,2,0,1,0,3
,16,29,24,-2,-3,0,1,0
,-65,-56,8,-4,-4,-1,-1,-1
,21,-59,-69,-17,-2,-3,-5,-3
,0,90,47,14,1,1,4,6
,33,-28,-54,8,6,1,0,5
,14,20,41,-1,-1,-3,-3,-6
,-3,-17,-27,2,1,0,2,1
,1,-89,11,-10,-7,-2,-4,2
,7,-27,83,11,4,1,-1,-2
,29,66,-26,-7,-6,-2,-2,0
,-26,-16,127,35,12,6,3,6
,-16,-74,-38,-1,4,0,1,-4
,27,127,-128,-27,-14,-7,-8,-6
,-40,-104,112,34,11,3,1,-4
,-13,-30,-66,-10,-8,-4,-2,2
,-36,21,-9,8,3,1,2,3
,-14,-29,-82,-19,-3,2,0,-7
,64,100,-43,-12,-7,-3,-4,0
,-13,-82,79,7,3,-2,-2,-6
,-2,-33,-30,-5,-1,1,-1,-2
,-55,52,47,3,-1,-2,-2,-1
,26,-15,-10,8,4,3,1,-2
,4,20,-50,-11,-6,0,1,-1
,-4,105,12,-3,-3,-3,-2,2
,18,-66,111,20,3,1,5,8
,-37,-53,-111,-16,-3,-3,-1,-3
,-5,35,82,13,1,-1,-2,0
,-7,-55,-13,-5,0,1,0,-6
,35,29,-120,-18,-6,-2,-1,4
,-23,-57,42,3,1,-2,-3,-5
,-30,-14,0,4,-1,0,0,-3
,4,8,-42,0,2,1,-1,1
,32,21,118,18,4,3,0,-4
,8,69,-111,-28,-5,-4,-3,-3
,19,-25,-23,7,2,0,1,3
,-10,85,24,-7,-5,-2,-2,0
,-8,-15,-10,8,1,-1,-2,-1
,21,-24,28,1,0,2,1,2
,-73,65,-3,-1,-1,0,-2,-6
,19,-20,-17,5,5,0,1,-1
,-32,5,54,2,-2,-3,-1,-4
,53,46,-74,-20,-7,-5,-2,5
,-14,-4,83,15,5,1,0,-1
,-6,-36,-37,-8,-1,-4,-1,0
,-21,-69,-2,6,4,3,4,6
,14,18,25,0,-4,-5,-4,-10
,35,-23,-85,-9,-3,-1,-1,1
,3,7,108,15,2,0,-1,-4
,-14,57,-27,-4,0,1,2,8
,8,5,7,3,-2,0,-1,-6
,8,-49,-1,-13,-2,-1,2,8
,-38,-79,6,-5,-6,-5,-5,-13
,17,97,-4,-7,1,-3,-4,-3
,-18,-38,-27,-5,-2,3,1,6
,13,1,-40,-13,-4,-3,-2,-3
,-13,-30,74,22,8,6,3,5
,54,-6,-62,-19,-7,-2,-1,3
,-11,62,7,5,-2,-2,-1,1
,-1,-61,66,16,7,3,3,1
,-37,22,-86,-14,-6,-6,-3,-4
,20,-46,-70,-12,-6,-1,-1,1
,-6,2,94,25,7,5,3,4
,19,-39,-7,-8,-3,-2,-2,1
,35,50,-77,-37,-7,-4,-3,-2
,-43,-3,75,26,7,1,1,-4
,-36,-51,-10,8,-1,0,1,2
,105,43,-67,-13,-6,-4,-3,2
,4,26,1,7,2,1,-1,-5
,16,-41,-107,-31,-9,-5,-2,1
,-78,59,127,40,13,3,1,-9
,31,77,-128,-26,-9,-7,-2,5
,-24,-80,118,40,9,6,2,0
,59,14,-41,-11,-5,-3,-3,-5
,-53,-39,26,3,6,4,2,4
,-33,19,-125,-28,-16,-7,-8,-7
,47,33,86,46,13,5,3,7
,-21,-31,10,12,6,0,0,-1
,30,-22,-53,-18,-9,-5,-5,-3
,-25,17,-29,1,2,1,1,-1
,22,-11,77,0,-2,-3,0,2
,-22,16,-28,-5,-2,-1,-2,-1
,70,64,-68,-14,-4,-3,-1,-2
,-22,-4,-27,1,1,0,-1,-4
,49,-12,23,-4,-2,-2,1,6
,-21,46,16,9,2,1,2,5
,-18,-27,31,-4,-5,-2,-4,-10
,-7,21,91,14,7,2,-2,-5
,8,6,-128,-25,-8,-4,-1,6
,43,-46,35,7,1,1,0,-7
,54,24,-50,-13,-2,-1,-2,4
,-96,-104,50,15,4,1,0,-3
,13,47,-58,-14,-5,-2,-3,-8
,20,-86,23,2,-1,-1,0,3
,-10,-25,63,19,5,-2,-1,-4
,7,42,-17,1,-3,-1,-2,-3
,-12,-70,-1,-12,-7,-4,-3,1
,-33,25,-120,-28,-11,-5,-5,-4
,-5,27,-21,3,7,3,1,0
,47,-56,30,6,1,-1,1,6
,-66,86,-118,-31,-16,-7,-7,-7
,-5,17,91,31,9,1,-1,-9
,14,-55,43,-8,-2,1,0,7
,23,-77,-70,-15,-4,-4,-5,-7
,-48,60,-11,3,1,0,2,5
,-17,0,23,8,1,2,3,1
,-10,-7,-83,-16,-5,-4,-2,4
,-13,87,43,14,4,2,2,-2
,51,-113,-45,-16,-3,-3,-3,5
,-33,-36,78,9,5,2,0,6
,-41,-78,-5,1,-3,-3,-3,-12
,-1,127,-91,-27,-11,-3,-3,1
,-28,-105,10,24,6,1,2,-4
,56,37,-2,-7,1,-1,3,9
,-8,-63,12,0,-3,-3,1,2
,5,-67,22,-1,0,1,-1,-2
,25,43,22,-1,0,-3,-2,0
,-54,-46,-26,-4,2,0,0,-3
,59,18,30,16,3,2,3,3
,49,64,16,-3,-5,-1,-1,3
,-1,-19,53,4,3,3,1,-1
,-6,-73,-18,-2,4,0,0,-3
,1,118,-128,-45,-12,-4,-1,3
,-72,-56,112,61,17,7,5,1
,47,74,-50,3,1,2,0,3
,14,66,-120,-20,-15,-9,-6,-4
,-35,-37,29,-2,6,1,-2,-5
,3,3,-25,-13,-3,-4,-1,-3
,-12,50,-60,-3,-6,-2,-2,-4
,-32,-23,22,-3,0,0,-1,-2
,-12,-13,-6,9,3,0,1,2
,58,-44,-87,-26,-6,-2,0,1
,10,20,108,28,7,2,2,2
,-31,41,-128,-41,-13,-4,-3,-3
,-8,-65,126,40,10,4,4,-5
,-14,51,-70,-14,2,1,2,4
,16,-28,-34,-6,-4,-3,-2,-4
,-22,-46,61,5,-4,-1,-3,-9
,-4,93,-67,-23,-6,-2,0,6
,-32,-85,120,44,10,0,2,-1
,40,-23,-25,-7,1,-1,-2,0
,-19,-55,-27,5,4,0,1,1
,19,-35,-37,0,-6,-4,-5,-5
,-42,36,6,-18,-5,-2,-3,-7
,-4,18,-41,-12,-7,-2,-2,-4
,-11,-32,122,35,8,4,2,0
,12,-44,-22,-3,-1,0,-1,-1
,16,-55,-68,-19,-6,-2,-1,3
,-25,8,105,17,6,2,0,-1
,-17,30,-11,-6,-4,-1,0,-4
,-10,1,17,-7,-2,-4,-5,1
,-10,88,29,22,3,4,0,-2
,-4,-96,-105,-22,-6,-2,0,4
,48,16,-71,-19,-6,-1,-3,4
,-28,61,18,7,4,1,-1,-10
,2,-42,-41,-6,1,2,0,3
,10,41,1,3,-3,-4,-3,-1
,53,118,29,-9,-6,-2,-2,-3
,43,-27,24,3,0,1,-1,0
,-30,-9,-49,-8,-1,-2,-2,-5
,15,46,-2,4,1,2,0,-3
,2,45,-60,-12,-7,-2,-2,-8
,-33,-51,54,7,-1,-3,-2,-1
,40,-25,87,7,0,-1,-1,2
,-56,-19,-21,-13,-2,-5,-1,-3
,54,-9,-21,-1,1,-3,0,10
,5,67,28,13,3,3,1,-1
,2,2,-104,-7,-6,-6,-7,-6
,-27,5,-4,-2,-4,1,0,-2
,-24,-10,116,21,3,-1,-2,-3
,-11,68,-25,-3,1,0,1,-2
,48,-65,88,3,1,0,0,1
,-7,-40,43,5,-2,-1,-2,-3
,-37,-27,-72,-1,1,-3,-2,-7
,66,26,-23,-20,-8,-4,-2,6
,-45,59,-30,6,-1,0,-3,-6
,40,-24,79,2,-5,-3,-2,2
,-25,-16,-22,-10,0,-1,0,-10
,-21,-47,-18,8,3,1,1,2
,-10,-24,-74,-13,-8,-5,-4,0
,-15,22,71,4,0,1,1,4
,0,-110,100,26,13,5,4,3
,-51,61,20,-5,-8,-6,-8,-9
,87,21,-24,0,7,3,4,9
,-22,-51,-28,1,2,0,-1,-3
,13,20,8,6,-1,3,2,7
,-22,-27,10,-3,-5,-4,-4,-8
,-46,-52,-15,-8,-1,-1,0,-1
,33,59,-9,-2,-1,-2,0,5
,-16,12,-9,-7,2,-1,-3,-13
,-20,-90,0,18,2,0,3,7
,-2,16,-60,-20,-10,-5,-6,-15
,-5,9,19,16,5,-2,-2,-1
,15,48,-104,-29,-5,-2,-2,-4
,69,112,44,7,1,0,2,10
,-18,-50,7,7,1,-1,1,2
,-30,8,-19,-10,-3,-1,-2,-10
,69,11,-11,3,-2,-3,-2,6
,-14,-2,-47,-11,-2,1,0,-2
,-35,-37,67,14,2,1,-2,-4
,32,37,-19,-8,-3,-2,-3,-4
,-33,-30,-23,0,-2,-1,1,6
,-10,-83,37,1,2,1,1,-3
,10,20,-7,-7,0,-2,-3,-9
,-21,-29,-50,1,-2,0,1,3
,5,4,-38,-13,-11,-6,-6,-6
,14,-54,-9,0,8,1,1,1
,14,88,-12,-11,-3,-4,-2,0
,-38,-70,-3,-4,1,0,1,-3
,15,41,-62,-9,-6,-4,-4,-2
,26,-7,-37,-13,-7,-2,-2,-4
,-34,4,50,12,3,3,2,4
,1,28,-75,-7,0,0,-1,-2
,-19,-90,24,7,2,-1,1,-1
,-43,54,-24,-2,0,0,-1,-5
,-3,1,27,9,0,1,-1,-3
,-20,-15,45,-4,-4,-1,-3,-6
,17,20,8,-2,-1,2,0,9
,-17,-73,-29,2,0,1,0,-2
,36,99,47,-12,-6,-6,-4,1
,4,16,-33,13,3,2,1,-2
,8,-12,125,13,4,0,1,3
,-15,-4,-71,-13,-4,-1,1,1
,39,13,36,13,2,2,3,4
,40,13,1,-7,-3,0,0,5
,-53,55,-53,-8,-1,-2,1,-7
,32,-34,44,23,3,0,1,3
,-28,-11,-29,-10,-4,-1,0,0
,-23,58,34,8,3,-1,-4,-6
,-14,-4,35,10,5,3,1,3
,-1,-33,-11,-13,-8,-3,-2,2
,-9,-22,-7,-2,1,-1,1,4
,-12,-11,35,16,5,0,-1,-8
,-3,-50,-10,-3,-1,1,3,1
,-21,38,8,1,-2,0,-1,-5
,39,-14,-18,-1,-4,-1,0,1
,-20,-58,-36,-8,-2,0,0,0
,8,10,19,1,-3,-3,-2,-3
,-5,27,-6,-2,1,0,-2,0
,11,-57,-10,3,1,1,-1,-2
,8,-33,15,-1,-2,-3,0,4
,-5,41,-20,4,-2,-1,-2,-2
,12,-16,32,5,0,-2,-1,0
,-24,36,-16,-2,-1,-2,-3,-5
,6,17,-8,-8,-4,-3,-2,-1
,20,4,-1,0,-1,0,-1,-1
,3,18,-29,-4,-3,-3,0,-1
,-8,4,19,1,0,-1,-3,-2
,10,1,0,0,4,1,2,5
,4,-30,-16,-4,-1,-1,0,0
,15,46,-11,-7,-6,-2,-2,-3
,-26,-31,18,7,4,1,1,-1
,14,3,-16,-4,-4,0,-3,-3
,-10,-20,9,4,2,1,-1,-2
,13,-18,-1,0,1,1,0,2
,-2,2,0,0,-1,1,0,-1
,-3,19,-16,-5,0,-2,-1,-3
,0,-8,12,3,0,-2,-1,1
,8,12,-6,-1,-2,-1,0,2
,-5,5,-8,2,-4,-2,-1,-3
,0,3,-12,-7,-2,-2,-3,-1
,0,-9,11,1,1,0,-2,-1
,2,9,-10,-6,-4,-1,-1,-1
,-3,5,2,1,1,-1,0,-2
,4,-16,2,3,-1,3,2,1
,-3,5,0,-3,-4,-4,-2,-1
,2,10,-9,-3,1,2,-1,0
,0,8,3,-2,-2,0,0,0
,0,-11,-4,0,-2,-1,-1,-1
,-7,-18,0,2,0,-1,0,-2
,0,4,-4,0,-2,-2,-1,-2
,0,0,2,0,-1,-2,0,-1
,-2,4,-7,-7,-2,-2,-2,0
,-1,9,0,-1,-2,0,0,-1
,8,-5,5,7,4,0,0,1
,-6,-12,-4,1,-2,0,-1,-1
,-1,3,-4,1,-2,-1,0,1
,0,-1,0,-3,2,0,0,-1
,3,5,-5,-10,-3,-1,0,-1
,0,1,0,5,1,0,-2,-1
,-2,1,0,4,0,-1,1,-1
,0,6,1,2,-4,-2,-2,0
,-3,-3,-6,0,0,0,-2,-2
,-5,-3,-4,-7,0,-2,-2,-2
,-1,-4,-2,-4,-1,0,-1,-2
,0,-1,2,2,-1,-1,-1,-1
,-1,2,-3,-2,2,-3,-2,-1
,-2,-8,0,-3,-1,0,0,-2
,1,2,-1,5,0,1,-1,-1
,-2,2,0,-2,-2,-3,-2,-1
,-1,0,-3,-2,-2,-1,-1,-1
,1,0,-1,-2,-1,-1,-1,0
,-2,-1,-4,-1,-2,0,0,1
,-1,4,1,-3,1,-1,-1,-1
,0,-3,-2,3,1,-2,0,0
,-1,-2,-1,3,-1,-2,-1,-1
,-1,-2,3,-3,2,-2,0,-2
,0,0,-1,-6,-2,-1,-1,-1
,0,-1,-4,3,-3,0,-2,-1
,0,1,-3,-4,0,0,0,-1
,0,-1,-1,-5,-1,-1,-1,-2
,2,3,2,5,-1,-1,1,0
,-3,0,1,-3,1,0,0,-1
,-2,0,-1,1,-1,0,0,-2
,-2,-3,-2,1,-1,1,-1,0
,1,-1,-3,-3,-2,0,-1,0
,-1,1,0,1,-5,-2,-2,-2
,-1,0,1,-1,4,-1,-1,0
,-1,1,-1,-1,0,0,-1,1
,-2,0,-1,-1,0,-2,-2,-1
,-1,-1,-2,-3,1,1,0,1
,1,-1,1,0,-2,-1,0,0
,1,0,-1,-2,1,-2,-1,-1
,-1,0,-1,-1,-1,-1,0,-1
,-1,-1,-1,1,-1,0,-1,-1
,-1,-1,-3,-1,-2,-2,-1,-1
,-2,0,-2,-2,-3,-2,1,-1
,-2,0,-1,-1,-1,0,-1,-1
,0,0,0,1,3,-1,-1,-1
,0,0,1,4,-1,0,-1,0
,-2,1,-3,-2,0,-1,-1,-1
,-1,0,1,1,-1,-1,1,-2
,0,-2,1,-2,-2,-2,-1,-1
,-1,-1,-2,-6,-2,-1,-2,0
,2,-2,0,2,-1,-2,0,-1
,-2,0,-1,3,-1,-4,-2,-1
,-3,0,-2,-5,0,1,-1,0
,0,-1,0,0,1,0,1,0
,0,-1,1,-2,-2,-2,0,-1
,-2,-2,-1,-1,-1,0,2,0
,1,2,1,2,-3,-2,-1,0
,0,-1,-1,0,-4,-1,-1,-1
,-2,-2,-1,-1,1,0,0,-1
,0,1,-1,-3,0,-1,1,0
,-1,-4,-2,1,-2,0,-1,0
,0,-1,-1,-2,-1,-2,-2,-1
,-1,0,-1,-4,1,0,0,0
,-2,-1,-2,2,0,1,-1,0
,1,-1,-2,-3,-2,0,0,-1
,-3,0,-1,-2,1,-1,-1,0
,0,-3,-1,3,-1,-1,-2,-2
,0,-2,-2,1,-2,2,0,0
,-1,-1,-1,-3,-5,-1,0,0
,-2,-4,-1,0,1,-1,-1,-2
,0,1,-2,-3,1,0,0,0
,0,-3,-1,1,-3,0,-1,0
,-1,0,-1,0,2,0,-1,-2
,1,0,2,-1,-4,1,0,-2
,0,-1,-1,1,0,-1,0,-1
,-1,-1,-2,-3,0,-2,0,-2
,-1,-1,-3,-6,-2,-1,-1,-1
,1,0,-2,1,-1,-2,0,0
,-1,0,-2,-2,-2,-2,-1,-1
,0,-1,3,-1,2,-2,-1,0
,-1,0,1,2,-1,-1,-2,0
,-1,0,-1,-3,-2,1,-1,-1
,-1,-2,-1,-2,0,0,0,-1
,0,0,-3,-1,-2,-2,-2,-1
,1,-2,-1,2,0,0,1,-1
,-1,1,1,-1,7,1,-1,-1
,-2,-1,-3,-2,-5,-1,-1,0
,-1,-2,3,-2,-1,0,-2,-1
,-1,0,2,0,-1,0,-1,0
,-2,-2,-3,-1,-3,-2,0,-2
,1,-1,-2,-1,0,-1,1,-1
,0,0,-2,-2,-1,0,0,-2
,-2,-1,-2,-1,0,-3,-2,0
,0,0,0,-2,-3,-1,-1,0
,-2,-2,-1,1,-2,-1,-1,0
,-1,-1,-1,-1,1,-1,-1,-1
,-1,1,2,-1,0,0,0,0
,0,-1,-2,3,-2,0,-2,0
,-2,0,0,-1,-4,-3,-3,-2
,0,-1,-2,-1,-2,-1,0,-1
,2,-2,-4,-3,1,1,0,-2
,-1,0,0,-3,-1,-2,-1,-1
,-3,1,0,1,1,0,-1,-1
,0,-1,-1,1,0,0,-1,0
,0,-1,-3,-3,-4,-3,0,-1
,-2,-2,0,0,1,-3,1,-2
,-1,1,-3,0,0,0,-2,0
,-2,-1,1,1,-2,-2,-1,-1
,-1,-1,0,-3,1,1,-1,-1
,-1,-2,-2,0,-1,1,0,1
,-1,0,-1,2,-2,-2,-1,-1
,-1,-2,0,0,-1,-1,-1,0
,-3,-1,-1,-2,-1,-2,-2,0
,0,0,-4,-5,-1,-2,-2,-2
,0,0,0,1,2,-1,1,-1
,-1,-1,2,1,-2,-2,1,-1
,-1,-1,4,0,1,-1,0,0
,-1,-2,-2,3,-3,1,-1,1
,-3,-3,-3,-5,-2,0,0,0
,-1,-1,-2,-5,0,0,-1,-2
,1,-1,1,0,-3,-1,1,-1
,-2,-2,-4,1,2,0,0,-1
,-1,0,1,-1,-2,0,-1,-1
,0,-2,0,3,-1,-4,-1,1
,0,-2,-2,-2,1,-1,-2,1
,0,-1,0,-4,-2,0,-1,-1
,-1,0,-1,-2,-2,1,-1,-3
,0,-1,-3,-3,-3,-2,0,-1
,-3,-2,-3,0,-1,-2,-1,-1
,-1,0,-1,5,-1,-1,0,0
,0,-2,1,-1,1,0,0,1
,0,1,2,0,-4,0,-1,0
,-2,1,0,-3,-1,0,1,0
,-1,-1,1,0,-2,-1,0,-1
,-1,-1,-1,-1,-1,-2,0,-1
,-1,-1,-4,-3,-1,0,0,0
,0,-1,-1,-1,-2,-2,-1,0
,-1,-3,-1,0,-2,0,-1,0
,0,-2,-1,0,1,0,-2,-2
,0,-2,-3,-2,1,-2,-2,-1
,0,0,0,5,1,0,1,0
,-1,0,0,-1,-2,0,0,0
,0,-2,-1,-5,-4,-2,0,-1
,0,0,-1,2,2,1,-1,-2
,0,-1,-2,0,-2,0,-1,-1
,-3,-2,0,-2,-1,-2,-1,0
,0,-1,-2,-4,-1,0,0,0
,-2,0,0,0,-2,0,0,-1
,-1,-1,-4,1,0,-2,-1,-2
,1,1,3,1,-2,-1,-1,-2
,1,0,0,2,-1,0,-1,-1
,-2,-1,-3,-3,1,-1,-2,-2
,-2,-1,0,-3,-1,0,-1,-1
,1,-1,0,-4,-2,0,-1,-1
,1,-2,0,-1,1,-1,0,0
,-1,0,-1,-3,1,-1,0,-1
,-2,0,-2,2,1,1,-1,-3
,1,-1,-2,-1,-2,-2,-1,0
,-1,-1,0,-1,-1,0,-2,-2
,-1,-3,-1,-4,-5,-2,-2,-1
,2,-1,0,0,1,0,-3,-1
,-2,-2,-1,-1,0,-3,-1,-1
,-2,0,-2,0,0,-1,0,0
,1,-2,-1,-1,-2,-1,-1,0
,-2,-2,0,-2,-6,-1,-2,0
,-1,-2,0,-1,3,1,-1,0
,0,-1,-1,6,2,1,-1,-2
,-1,-1,0,1,-2,0,1,0
,-1,0,-2,-2,-1,-1,0,-2
,-1,1,-1,-1,0,-2,0,-2
,0,-1,-2,-1,-1,-1,-1,-1
,-1,-3,-3,-2,0,-1,-1,-1
,-1,-1,-2,-1,-1,-1,-1,-1
,0,1,1,2,0,1,-2,0
,-2,-1,-2,-4,-4,-1,-1,0
,-1,1,0,2,4,0,-1,0
,-1,-2,0,-2,-3,-2,1,-1
,-1,0,-1,0,-1,-1,0,0
,-1,0,1,-1,-1,0,0,0
,-2,-1,-1,-1,-3,-1,-2,0
,-1,-2,-2,-1,0,-1,-1,1
,-1,0,0,-5,-2,-1,2,-1
,-3,0,-2,2,0,-1,-1,-1
,-1,-1,-5,3,-1,1,0,-1
,1,-1,2,0,1,-1,-1,0
,-1,-2,0,-1,0,-2,-2,0
,1,-1,-1,-4,0,-1,-1,0
,0,0,1,-2,0,-2,-1,-2
,-1,-1,-3,-3,-2,0,0,-2
,-2,-2,-3,-2,0,1,0,-1
,0,-1,2,3,-2,-1,0,-1
,-2,0,0,0,-3,-1,-1,0
,-2,1,-1,-4,-1,-1,-2,-1
,1,-2,0,1,-1,-3,1,0
,0,-2,-1,2,-1,0,-1,0
,-1,-1,-3,-2,-3,-1,1,-1
,-1,-1,-1,0,4,0,0,0
,0,1,0,2,-1,0,-1,-1
,-1,-1,1,1,0,-1,-1,0
,-1,-2,1,-1,-1,-2,0,0
,0,-3,-3,1,-2,0,0,0
,-1,-1,-5,-1,1,0,-1,-2
,-1,-1,-2,-5,-2,-2,0,-1
,-2,-1,1,0,-2,-1,-1,0
,-1,-1,0,-2,-1,-2,0,1
,-2,-1,-2,-1,-3,-1,0,-1
,-1,0,-2,-1,-2,-1,0,-2
,1,-2,-2,-1,1,1,0,0
,-3,0,-1,-2,-1,-2,-1,-1
,-1,-1,0,-1,-1,0,-3,0
,0,-1,1,-1,0,-2,1,1
,1,0,0,-3,-4,-3,-1,-3
,-1,0,-2,1,1,-2,-2,0
,1,-1,0,-2,0,1,-1,-2
,-2,-3,-2,2,0,1,-2,-1
,-3,0,0,-1,-1,0,-2,0
,1,-2,-1,0,-2,0,0,0
,-1,-1,0,-3,-3,-2,-1,0
,-2,0,-3,-4,1,-1,-1,-1
,-1,0,0,4,3,-1,0,0
,0,-1,-1,2,-3,0,-1,-1
,-3,-1,-1,-2,-2,0,-1,-1
,0,2,0,-6,-1,-2,-1,0
,2,0,-3,-2,1,1,1,1
,-1,0,2,4,0,-1,0,-1
,-1,-2,-3,-1,-2,-1,0,-1
,-1,-1,-2,-2,-1,-1,-1,-1
,-2,-2,0,1,-1,1,-1,-3
,1,1,-2,-5,0,-1,-1,-1
,0,0,1,-2,-1,-2,-1,-1
,-1,-2,-3,0,-1,-2,0,0
,-3,0,-1,0,0,-1,0,0
,-2,-2,-2,-3,2,0,0,-1
,1,-1,1,3,-3,-2,-2,-1
,-2,0,0,-2,-2,-2,-2,0
,0,-2,0,1,0,-1,-3,1
,-1,0,-1,0,-2,-2,0,1
,0,0,-1,-2,1,0,0,0
,-1,1,-1,0,1,2,1,0
,-1,1,-1,-6,-1,-2,1,0
,-1,-2,1,0,-1,-1,0,-1
,0,-1,-2,0,1,-1,1,-1
,-3,-2,-2,-1,-3,-1,-1,-1
,1,-1,1,1,-3,0,-1,-1
,0,-1,-5,-6,-1,-1,0,-1
,-1,0,2,-1,-2,0,-1,1
,2,-2,2,4,1,0,1,-1
,0,-1,-1,0,-1,0,0,-1
,-2,-1,-2,-3,-2,0,-2,-1
,-1,-1,-2,1,-1,-1,-1,0
,1,-1,-3,-2,-2,-1,-1,0
,-3,-2,-1,-2,0,0,0,-1
,-2,0,0,0,-1,0,-1,-1
,-1,0,-2,2,0,-1,-1,0
,-1,-2,-1,1,0,-1,-2,-1
,0,-1,-2,-5,-3,-1,0,0
,-1,-1,0,2,-2,-1,-1,-1
,-1,-1,-1,-1,-1,-1,0,-1
,-3,-1,1,1,-1,-1,0,-1
,0,0,-2,0,1,0,0,-1
,0,0,0,0,-2,0,-1,-1
,-2,1,-1,-2,0,0,-1,-1
,0,-1,-5,-4,-2,-1,0,-2
,-2,-2,-3,0,-1,-2,-2,0
,0,-1,4,-1,0,-2,-1,-1
,-1,-2,-5,-1,-3,-2,-1,-2
,-1,-1,1,-3,-5,0,0,-3
,0,-2,0,6,3,-2,-1,-1
,-1,-1,-1,-4,-2,-1,0,-2
,-1,-1,1,-1,0,-1,0,0
,2,0,-2,0,0,-2,-2,-1
,-2,1,-1,1,0,-1,-1,-2
,-1,-1,-3,-1,-2,-1,-1,-1
,1,-1,4,0,1,0,-2,0
,-1,0,-2,-1,2,-1,-1,-1
,-1,-2,0,-3,-2,-1,-1,-1
,0,0,-2,-2,-1,0,0,-1
,0,-2,-4,-1,-2,-1,-1,-1
,-3,-2,0,-2,0,-1,-1,0
,0,0,1,-4,0,2,0,-1
,0,1,-4,2,-3,0,0,-1
,-1,1,3,-2,-1,-1,2,0
,-2,-1,-1,-2,-3,0,-3,-1
,-1,1,0,3,-1,-1,-1,-1
,0,-2,-2,-4,1,0,-2,0
,-2,-1,-4,-3,1,-1,-1,-3
,1,1,4,4,-1,0,0,-1
,-1,-3,-2,-5,-4,-1,-1,0
,-1,-1,1,3,0,-1,-2,0
,0,-1,-3,-1,-2,-1,-1,-1
,-1,-1,-2,-4,0,1,0,0
,-2,-1,-2,-1,0,0,-1,-1
,-1,0,1,1,-1,0,0,0
,2,-1,0,1,0,-1,0,0
,1,-2,-2,1,0,-1,0,0
,1,-2,1,-2,-3,-1,0,-1
,-2,-3,0,2,-3,-2,-1,0
,-1,-1,-4,-4,-2,-1,-1,0
,-2,-1,1,-1,-2,1,-1,0
,-2,0,-2,0,1,0,-2,-2
,-1,2,2,1,-1,-2,-1,-1
,-2,-3,-2,-4,0,-1,-3,-2
,0,-2,-3,-1,-1,-2,-3,-2
,-1,0,1,-4,0,0,0,0
,0,-2,0,-1,0,0,0,-2
,-1,-1,0,2,-2,-1,-2,0
,0,-1,0,2,-1,-1,-1,-1
,-2,-1,-1,1,-4,-3,-1,0
,0,0,-1,-3,3,0,-1,-2
,-1,1,0,-2,-4,1,1,-1
,0,-1,1,4,0,0,-1,0
,-2,-3,-3,1,-1,-1,0,-1
,-1,-2,-1,-4,-1,-2,-3,-1
,0,-1,-2,3,1,0,1,1
,0,0,0,0,-2,0,0,-1
,0,1,-3,-2,-1,1,-2,-3
,0,-1,-4,-2,-1,0,-1,0
,-2,-1,-1,0,1,0,-3,-1
,-2,-1,-2,-8,1,-1,-2,-2
,1,-1,-1,2,1,-1,-2,-1
,-1,-2,-1,0,0,-1,1,0
,-1,0,0,-2,-1,-2,0,-2
,-2,1,1,0,-2,1,0,0
,0,-2,0,0,-3,-1,-3,0
,-1,0,0,0,-1,-1,-2,-1
,-2,-2,-4,-2,-1,-1,0,0
,-2,0,-4,-2,0,-1,-1,0
,0,0,0,2,1,0,-1,-1
,-3,-2,1,0,-1,-1,-2,-1
,0,-2,-3,-1,-2,-1,-2,-1
,0,-1,-1,-2,-1,0,-1,-1
,-1,-1,3,-2,4,0,1,0
,-1,1,4,0,-2,-1,-1,-1
,0,-1,-3,1,-1,-1,1,-1
,-2,-1,0,0,-3,-2,-2,-1
,0,-1,0,-2,-2,-1,0,1
,-2,-1,-1,-2,1,-1,0,-1
,-1,-2,2,-2,-2,0,-2,-2
,-1,0,-1,3,0,-3,1,-2
,-1,-1,2,0,1,-1,0,-1
,0,0,-2,-1,0,0,0,-1
,-1,1,1,-1,-1,-3,0,0
,-1,-2,-3,-3,-2,-2,0,0
,-1,-2,-1,0,0,0,0,0
,-1,0,-2,-5,1,-1,-1,-1
,0,-2,1,-1,0,0,-1,0
,0,-3,0,3,0,0,-1,0
,-2,1,-1,-1,-2,-1,-1,0
,-1,-1,-2,-2,-2,-1,-1,-1
,1,-2,-1,-2,-1,-2,-1,-2
,0,-2,0,0,-1,1,0,-1
,-3,0,-4,-3,-1,0,1,0
,-1,-1,-4,-1,0,-2,0,-1
,2,1,1,5,1,1,0,0
,-1,2,0,-1,-2,-1,-1,0
,-1,-2,-1,-2,-2,-1,0,-1
,-1,0,0,0,-3,2,-1,-1
,-1,-1,-1,-3,-2,-1,-1,-1
,0,0,1,0,3,1,-2,0
,1,-2,-2,0,-3,0,1,0
,-1,-1,-3,-1,-1,-2,1,0
,-2,-2,1,-1,1,1,0,0
,-1,-2,1,-4,-1,0,0,-1
,-1,-1,-3,-1,0,-1,-1,0
,-1,-2,-1,-3,-2,-2,0,-1
,-2,0,0,0,0,-1,-1,0
,2,1,1,-2,1,-1,0,-1
,-3,-2,1,1,0,-1,-3,-1
,-1,-2,-3,0,-1,-1,0,0
,-1,-4,-1,-4,0,-1,1,0
,0,0,-2,1,0,-1,-1,-2
,0,1,-1,-3,-2,-1,-1,-1
,-1,-2,-1,-1,-1,-1,-1,-1
,0,0,-3,4,-2,-1,-2,-1
,0,0,0,-1,0,0,-2,0
,0,0,2,1,0,-1,0,-1
,1,-1,0,3,0,0,-1,0
,-2,-1,-2,0,-1,-1,-1,0
,-4,-1,-1,-4,-1,0,-2,1
,-2,-1,-4,-6,-4,-2,-2,-1
,0,-1,3,2,4,0,0,-1
,-2,1,0,-1,0,0,0,-1
,0,1,-2,-1,-1,-1,0,-1
,0,-1,0,3,-1,-2,-1,-1
,-1,-1,1,-3,0,-1,-1,-1
,0,-2,-2,-2,-1,-1,-2,-1
,0,-1,-2,2,-1,1,1,0
,-1,-3,-2,-3,0,-1,-1,-1
,0,0,1,-2,-2,-1,-1,-1
,2,-1,-1,1,1,0,-1,-1
,0,-3,-4,-3,-1,-1,-1,0
,-2,2,4,0,0,0,-1,-1
,-1,0,-2,-1,0,1,-3,0
,-1,-1,0,0,-1,0,-1,1
,-1,0,0,0,0,-2,-1,-2
,-1,0,-4,-2,-1,-1,0,-1
,0,0,-3,-2,-3,-5,-1,0
,0,1,4,3,-1,0,-1,-1
,-2,-2,1,-3,-1,0,-2,-1
,1,0,2,3,1,0,0,0
,-1,-1,-4,0,-1,0,0,-1
,-1,0,-5,-3,-3,-2,0,-1
,-1,0,1,0,-2,-2,1,-1
,1,0,-1,0,3,0,-2,-1
,-1,-1,0,0,-3,0,0,-1
,-1,-1,-3,-3,1,-3,-2,-2
,-1,-2,-3,0,-3,0,-1,-1
,-1,-3,-1,-5,-2,-2,-1,-1
,0,0,-2,0,1,1,-1,0
,1,1,0,-2,-1,0,0,0
,0,0,1,0,-1,-1,0,0
,-2,-1,-2,0,-1,-2,2,-2
,-1,-2,0,-1,0,-1,-1,0
,0,-1,1,0,-2,0,0,0
,-1,-1,-1,0,1,0,-1,-1
,0,-1,-3,0,-2,1,-1,0
,-1,-3,-1,0,0,-1,-1,-1
,-2,-1,-2,-1,2,-1,0,-2
,-1,-2,-3,-1,-1,-1,-1,-1
,0,-2,0,0,-3,-1,-1,-1
,0,1,1,-2,-1,-1,-2,0
,-2,-1,0,0,-2,1,-1,0
,-1,-1,-4,0,1,-4,0,-1
,-1,-1,2,1,2,-1,0,1
,-1,-1,-1,-3,-4,-1,0,-1
,-1,0,-2,-2,0,-3,-1,-1
,1,-2,-1,0,-3,-3,0,0
,-2,-1,-3,0,-1,0,-1,-2
,0,-1,-5,-3,-1,0,1,0
,0,-2,1,2,0,-3,-2,-2
,-1,0,-1,-2,-3,1,0,0
,-2,1,-2,-3,4,-1,-1,-1
,-1,0,2,4,0,1,1,-1
,-1,-2,0,-1,-2,-1,1,-1
,-2,-1,0,-2,0,-1,-2,-1
,1,-1,-1,-2,-1,-2,0,-2
,-1,-2,1,0,0,-1,0,-2
,0,1,-2,-3,-1,0,0,-1
,-2,-2,0,0,-1,-1,1,0
,1,0,1,1,-1,-1,-1,1
,-1,-1,-2,0,0,-1,-1,-2
,-1,-1,-2,-2,2,-1,-2,-1
,-1,-2,-3,-3,-1,-2,1,-2
,-1,2,3,0,-3,-1,-2,1
,-1,-2,-1,-1,-3,-2,-2,-1
,-2,1,-3,0,0,0,1,-1
,-1,-4,-1,-1,0,-1,-2,-2
,0,-3,-3,-2,-3,-1,-1,-1
,-1,0,1,0,-1,1,-1,-1
,-1,1,0,-1,-3,1,0,-1
,-1,-1,-3,0,1,-1,-1,0
,-2,-2,-2,-1,0,-1,2,-1
,0,0,1,0,-1,-1,-1,-1
,-1,0,-1,-3,-4,0,-1,-1
,0,0,1,1,3,1,0,-2
,-2,0,-2,-3,-2,0,0,-2
,0,-2,-1,3,-1,1,0,-1
,-1,-1,-2,-1,-1,-2,1,-2
,-2,1,3,1,-2,0,-2,-2
,1,-2,-2,1,1,-1,0,-2
,0,-2,-2,-2,-1,-1,-1,-1
,1,-2,1,-4,-2,-1,-2,0
,-1,-1,-1,-1,0,2,0,1
,-1,-1,2,0,-2,0,0,0
,-2,-1,-1,-4,-1,-1,-2,-1
,-1,1,1,0,1,0,0,0
,0,-1,-4,-2,-3,-2,0,-2
,0,-1,-2,2,-1,-1,-1,-1
,-1,-2,-3,-4,1,-1,0,0
,1,0,7,4,-2,0,-1,0
,0,-1,-1,-2,-1,0,0,-1
,-3,-1,-3,-3,0,-2,-3,-1
,0,1,-2,1,-1,-3,0,0
,0,-1,-3,0,-1,-1,0,-1
,-1,-2,-2,-3,-1,-1,0,0
,0,1,-1,-1,0,-1,0,-1
,-1,0,0,-2,-2,0,0,0
,0,0,0,-2,0,-2,0,0
,-1,0,-2,2,-1,-3,-2,-2
,-1,-2,-3,-4,-3,-1,-1,-1
,-1,-2,-1,-2,-2,-3,-2,-2
,-3,-1,-2,-1,0,-1,-1,0
,-1,0,0,1,3,-1,1,0
,0,0,0,0,-3,-1,0,-2
,-2,-1,0,-1,0,-1,0,-1
,0,-3,-3,-4,0,1,1,0
,0,0,4,0,-3,-2,-1,0
,-2,-1,-2,-3,-2,0,0,-1
,0,-1,0,4,-2,-2,0,-1
,1,-2,-2,0,-1,-1,-2,-1
,-1,-2,-1,-2,-4,-2,-1,0
,0,1,1,-1,-2,-2,-1,-2
,-1,2,2,-1,-1,0,-2,-1
,-1,-3,0,-1,1,-2,0,0
,-1,0,-3,0,0,-1,-1,-2
,-1,-3,-2,1,1,-1,-1,1
,0,-2,0,-2,-2,-1,1,-1
,-2,1,-1,2,0,0,0,-1
,-1,-1,0,-2,-1,-1,0,0
,1,-2,-4,-1,-2,0,-1,-2
,2,-1,-3,0,-1,-1,-1,-1
,-1,-3,1,-3,1,-1,-1,-1
,0,-1,-1,-1,-2,-1,-1,0
,0,-1,-1,1,1,0,-1,0
,-1,-1,0,-3,-1,-2,-1,-1
,-1,-1,-1,-1,-3,-1,-2,-2
,0,-1,0,2,3,0,2,-1
,-1,0,-2,-3,-1,-2,-2,-1
,-1,1,-3,-1,1,1,0,-1
,1,-2,-1,1,-3,-2,0,1
,-2,-2,-2,-2,-3,0,-1,-1
,0,1,1,-1,1,1,0,0
,0,-2,-3,-1,-2,-1,-1,1
,0,-1,0,-3,-1,0,-1,-1
,-1,-1,0,1,0,-2,-1,1
,1,-1,0,2,0,0,-1,-1
,-3,-1,0,3,-3,-3,-1,-1
,-2,-2,-6,-4,-1,0,-1,-2
,-1,0,0,-1,-2,0,-1,0
,1,-2,-2,0,1,0,-2,0
,-1,0,-2,0,1,1,0,-1
,-3,2,8,1,0,-3,1,-1
,-1,0,0,1,-2,-1,-3,-1
,-1,-1,1,-2,-2,-1,1,-1
,0,-3,-5,-4,1,1,0,0
,-1,-1,-1,1,-2,0,1,0
,1,0,3,2,1,-1,-1,-1
,-2,0,-3,-2,0,0,1,-1
,-1,0,-1,-2,-1,-1,-2,0
,1,-1,0,2,1,-1,-1,0
,-1,-3,1,-4,-3,-2,0,-2
,-1,-1,-1,-1,-1,-1,-1,-1
,-1,0,1,0,-2,-1,-2,-1
,-1,-1,-1,0,0,-1,-1,1
,-1,1,-3,-3,0,0,-2,0
,-1,-2,0,-3,-1,-3,-1,0
,-1,-2,1,-1,0,-2,0,-2
,0,0,-3,-2,0,-2,-2,-2
,-1,-2,-2,-4,0,0,-1,-1
,0,1,1,1,-3,0,-1,1
,0,1,2,0,-1,1,-2,2
,-2,-2,-2,3,1,0,-2,-2
,0,-3,-3,1,-3,-1,0,-1
,-1,-3,-1,-3,1,0,0,-1
,-2,0,3,1,1,-1,-1,0
,0,-1,-1,0,1,0,0,-1
,-1,1,-4,-1,-3,-1,0,0
,-2,-1,-4,-4,-4,-2,-1,-1
,0,0,2,3,1,-1,-1,-1
,-1,0,-2,-1,2,0,0,0
,-3,-2,0,-2,-1,0,-1,0
,0,-1,1,1,-1,-2,-2,-1
,-1,-2,-5,-6,-1,1,-1,-1
,-3,0,-2,-2,-4,-2,-1,0
,-1,-1,1,3,2,0,0,-1
,4,-3,0,7,-3,0,-1,-1
,-5,-1,-1,-6,0,-1,-1,-2
,-4,-2,-2,-7,-1,-2,-2,-2
,4,-1,-1,1,0,1,0,0
,-1,-1,-1,-2,0,-1,0,-1
,-3,1,-2,-3,1,-2,-1,-2
,2,-2,-3,2,-3,-1,-1,0
,2,0,-2,6,-3,-2,-2,-2
,-5,1,-1,-7,1,-2,-4,-2
,0,-2,-1,0,0,0,0,-1
,2,1,0,2,-4,0,0,0
,-4,-1,1,-6,0,-2,-1,-2
,-4,1,-2,0,-1,-1,0,-1
,2,0,-2,2,-4,0,-1,1
,-3,-1,-1,-3,1,2,-1,0
,-3,-1,-2,-7,-4,-1,0,-1
,1,0,0,0,2,-1,0,-1
,0,-1,1,8,1,-1,0,0
,-3,-1,3,-1,-1,-1,-1,-1
,0,-1,-1,-2,1,0,0,-2
,0,-1,-2,-1,-2,0,-1,0
,-1,-2,-2,-1,-3,-2,-2,-1
,0,-1,1,-3,1,-2,-1,0
,0,0,1,1,-2,-2,-1,-1
,0,-1,0,0,-2,0,-1,0
,-2,0,-2,-2,-1,-1,0,1
,-1,1,-1,-2,-3,2,0,-1
,2,1,1,0,3,2,0,1
,-1,0,2,1,0,0,1,-1
,-1,1,-2,-2,-2,-1,-1,-1
,-1,-1,2,1,-1,0,1,0
,-3,-2,-2,0,-2,-2,-1,0
,0,-2,2,-1,0,-1,-1,-1
,1,-1,-5,-4,-1,-2,1,-3
,0,1,3,6,1,-1,-2,-1
,-2,0,-4,-2,-3,1,-1,-1
,-1,-1,-1,-5,-2,-2,1,-1
,0,-1,3,1,0,-1,-1,0
,-1,-2,-3,0,-1,-3,0,0
,-1,-2,0,0,2,1,0,1
,-1,-1,-3,0,-4,-2,-2,-2
,0,-1,-1,-4,-1,-1,0,0
,0,1,-3,-3,1,1,-2,-1
,-1,-1,1,-1,0,0,0,-2
,-1,0,-1,0,-1,0,-1,0
,-2,-3,0,0,-2,-1,-1,0
,-1,-1,-2,-2,0,-2,0,-1
,-1,-1,-3,0,0,-1,-3,-1
,-3,-1,1,-3,-2,-1,-1,-2
,-1,0,1,0,4,-1,0,0
,1,1,6,3,-4,-1,-1,1
,-1,-2,-3,1,-1,-1,0,-1
,-2,0,-2,-4,-3,0,-1,-1
,0,-1,-3,-3,-1,1,-3,0
,1,-3,-3,-3,0,0,-2,-2
,-3,0,2,0,-1,-1,1,0
,-1,1,1,1,2,1,-2,0
,0,0,-1,-3,-2,0,1,-2
,-2,-2,-3,-2,0,-1,-1,-1
,2,-1,0,-4,-3,-4,-1,-2
,1,-2,-3,-1,-1,-2,0,-2
,-1,1,0,5,0,0,1,0
,-2,-1,-2,-3,-1,0,-1,-1
,0,0,1,-1,0,0,0,1
,0,-2,-2,0,0,-1,-1,0
,1,0,-2,0,-1,1,-1,-1
,-1,-1,-1,-1,0,-3,0,1
,0,-2,-1,1,2,1,0,0
,-1,-1,-2,1,-3,0,0,-2
,-1,-2,-4,-2,-2,0,-1,-2
,0,-1,-2,-1,-2,-2,-1,-1
,-2,0,-1,1,-1,-2,-1,-1
,0,3,5,1,-1,1,-1,-1
,0,-1,0,-2,-2,-3,-1,-1
,0,-1,-2,-4,-3,0,-1,0
,-1,-2,-3,-2,0,-1,-2,0
,-1,-2,-2,0,2,-1,-1,-1
,-3,-3,-1,1,-2,0,-2,-1
,1,-2,-3,0,1,2,0,0
,1,-1,-1,-2,-1,0,-1,0
,0,0,-2,0,-1,0,-1,0
,-1,-1,1,0,-1,-1,0,-2
,-1,-2,-4,1,-3,-2,0,-3
,-2,-1,-1,-2,0,-2,-1,-2
,-2,0,-2,-5,-3,-3,-3,-1
,-3,-2,-3,2,4,-1,-1,-1
,-1,-1,0,-2,0,-1,-2,0
,0,2,0,0,-3,0,-2,0
,0,-1,-3,-1,-1,-2,-1,1
,1,-2,-1,-2,-4,-2,-2,0
,0,-2,-2,0,-1,1,-2,-1
,-1,4,7,-1,-1,-2,-1,-1
,-2,-1,0,1,0,0,0,-1
,-1,-1,-2,1,-1,0,-1,-1
,-2,-1,-2,-1,-1,-2,1,-1
,-1,-4,-3,0,-4,-1,-1,-2
,-2,-2,-2,-1,-1,0,0,-2
,0,-1,4,0,0,0,-2,1
,-1,0,-1,-3,-1,-1,0,0
,-1,-2,-3,-3,-1,-2,-1,-1
,0,-1,3,5,0,-1,1,1
,-1,-2,-2,-4,0,-3,-1,-2
,-1,1,-2,-3,-1,-1,-1,0
,-1,-2,-2,2,0,-1,-1,1
,0,-2,-4,0,1,-1,1,-1
,0,1,0,-1,-1,0,0,0
,-2,-1,0,1,0,1,0,-2
,-2,-2,-5,-6,-1,0,-1,0
,0,-2,-1,-3,-5,-1,-3,0
,-1,0,0,2,4,0,0,-1
,0,0,-2,-2,0,0,0,0
,0,-1,-2,2,-1,0,0,0
,-1,-1,-1,-3,-2,0,0,-1
,-2,0,-1,-2,-3,-1,-1,-1
,-1,0,1,1,0,0,-2,-2
,0,1,3,1,2,0,0,0
,-1,-2,0,-2,-2,0,0,-1
,0,2,-2,-1,-2,-2,0,-1
,-1,0,2,1,-1,-1,0,-2
,-2,0,0,-2,-1,-2,-2,-1
,1,0,-1,3,0,0,-1,-1
,-1,-1,0,-4,-3,-1,-1,-2
,-1,-2,-2,-3,-1,-1,-2,-1
,0,-1,-5,1,0,-1,0,-2
,-1,0,6,0,2,-1,0,-1
,0,-1,-2,1,-2,-2,0,-1
,0,-2,-2,-4,-1,-2,-1,-2
,-1,0,-2,-3,0,-1,-1,-2
,-1,-3,-3,-4,0,-1,-1,-2
,0,-2,1,-1,-2,-2,0,0
,-1,0,3,3,1,1,-2,-1
,-1,-2,-1,-3,-3,-2,0,0
,-1,-1,-2,0,1,0,1,-2
,-1,-1,-1,-2,-1,-1,-1,-1
,-1,-1,0,3,-2,-1,-1,-1
,1,0,2,1,3,0,0,0
,0,0,-1,-2,-1,0,-1,0
,-1,-1,-2,-2,0,-1,-1,-1
,-1,-3,-1,-2,-1,0,1,-1
,-1,1,-1,0,-2,0,-1,0
,0,1,-3,-3,0,-1,1,0
,1,-2,1,0,0,2,0,0
,-3,-1,-1,-1,-2,-3,-1,-1
,-1,0,-2,-2,-2,0,0,-1
,0,0,-1,0,-1,1,-1,-1
,-1,-1,0,-4,0,0,-1,0
,-1,-3,0,1,-1,-2,-1,-1
,-1,-2,-1,0,0,0,-1,-2
,-1,2,7,2,0,-2,-2,-1
,-2,0,-3,-2,-1,-2,-1,0
,1,-2,0,0,0,0,0,0
,-2,-3,-3,-1,-3,-1,1,0
,-2,-3,-5,-3,0,-1,-1,-2
,-1,-1,1,-1,-1,0,-2,-1
,-2,2,-1,0,-2,0,0,1
,0,3,1,1,0,0,0,-1
,-1,-2,-3,-1,-1,-1,-1,1
,0,-1,0,-1,0,0,0,1
,-1,0,-1,-3,1,0,1,-1
,-2,0,1,-1,-2,-1,-2,0
,0,-3,-3,-2,-2,0,-2,-1
,0,-1,-2,0,-1,0,-1,-1
,-2,-1,-3,-1,0,-1,-2,1
,0,-4,0,-3,-3,-2,-2,-1
,-1,-1,-2,1,0,-2,-1,-1
,-2,-1,-1,3,4,0,1,-1
,1,0,1,-3,-1,1,-1,0
,-1,-1,2,0,0,0,0,-1
,-2,-1,-5,-3,-3,0,-2,-3
,0,1,2,-4,0,-1,0,-2
,0,0,-2,3,0,0,-2,0
,-2,-2,0,1,-3,0,-2,-2
,1,0,-3,-1,-2,0,-1,1
,-1,-2,-1,0,-3,0,0,-1
,-1,0,1,1,1,-1,-1,-1
,0,-2,-1,-5,-1,-3,1,-1
,-1,-2,1,1,-1,-1,2,1
,-2,1,-2,-2,-2,0,-1,0
,-1,-1,-1,-6,-1,-2,-1,-3
,-1,0,5,3,0,1,-1,1
,-1,-3,0,-4,1,-2,0,0
,0,-1,0,-1,-4,-2,-1,-1
,0,-2,-1,1,0,0,-1,0
,-1,-1,-3,-2,2,1,0,-2
,-1,-1,1,2,-1,-1,0,1
,-1,-1,-8,-2,0,-1,-2,-1
,-2,0,2,-1,-3,-2,0,-1
,1,0,-4,-2,-2,0,-2,-1
,0,0,-6,-3,-1,0,0,0
,1,-2,3,-1,-2,-2,-2,-2
,0,-2,-3,-1,-2,-2,0,-2
,1,0,-1,-1,-1,-2,0,-2
,0,-1,0,-3,0,0,2,-1
,0,-2,-1,5,-1,0,1,0
,-1,0,2,-3,-1,-1,0,-1
,-1,-1,-1,2,-1,-2,-1,0
,-1,2,-2,2,-1,-1,-2,0
,-2,1,0,0,0,1,-1,0
,0,-1,0,-2,0,2,-1,0
,-2,-2,-2,-3,1,0,0,0
,-1,0,1,-3,0,-2,-1,-1
,-1,-1,0,-4,-3,-3,-2,0
,0,0,2,5,1,-2,1,0
,-1,-1,-5,-1,0,-1,-1,1
,0,-1,-1,1,-1,-2,-1,0
,-2,-1,-1,-1,0,0,-1,-1
,0,0,-4,0,-3,-1,-1,-2
,0,1,3,-1,0,0,-1,-1
,0,1,3,2,0,0,-1,-3
,-1,-1,2,-1,0,-3,1,-1
,0,-2,-1,-2,-1,0,-2,-1
,0,-1,-1,0,1,0,-1,1
,-1,-2,-4,-6,-1,-1,0,-1
,1,-1,2,2,-1,-1,-2,0
,0,-1,-1,0,0,-2,-1,-1
,-1,0,0,-1,1,-1,-1,-1
,-1,-2,-3,-2,-1,0,-1,0
,-1,-1,0,-1,0,0,-1,0
,-1,0,-1,-4,-1,0,-1,-1
,-1,0,-2,-2,-2,-2,0,0
,0,-1,-2,4,-1,-1,-1,-1
,-1,-2,-4,-5,-4,-1,-2,-2
,1,-1,-1,-3,4,0,0,0
,-2,0,0,2,-2,-1,0,-1
,-2,-2,0,-2,0,0,0,-1
,-2,2,-3,-4,-3,-2,-1,1
,0,-1,-3,-1,-2,0,-1,-2
,2,1,1,4,2,0,1,-1
,-3,-2,-1,1,-1,0,-1,-1
,1,-2,0,-1,-2,-2,0,-1
,-1,-2,-4,-5,-2,-2,1,1
,0,1,-1,0,-2,1,0,0
,-1,2,1,-1,2,0,-1,-1
,0,1,-1,-1,1,0,0,-1
,-2,0,-1,1,1,0,-2,0
,-2,-2,0,0,-1,-1,-2,-2
,0,-1,-1,-1,-1,-3,-3,1
,-1,-3,-3,1,0,0,0,-1
,-1,1,-2,-2,-3,-1,0,0
,-2,1,3,-2,-2,0,-1,-2
,0,-2,1,-1,-1,0,-1,0
,0,-1,-1,1,1,0,-2,-2
,-1,-1,-1,1,-2,0,0,-1
,-2,0,-4,-3,-3,-2,0,0
,-2,-1,-1,0,-2,0,0,-1
,-2,0,-2,-1,1,0,-1,0
,0,-1,-1,1,0,-1,0,-2
,0,-2,-3,0,1,0,-1,1
,-1,-1,1,0,-2,-2,-2,0
,-1,0,0,0,0,-1,-1,-1
,0,0,1,-1,-1,-2,-1,-1
,0,0,-4,-1,0,-2,0,-1
,0,0,-1,1,-1,-1,-1,-2
,-1,0,2,3,-2,0,0,-1
,-1,-1,-1,-1,3,0,0,0
,-2,-1,-4,-4,-3,0,-1,-2
,-1,-4,-7,-1,-1,-1,-1,-1
,-2,2,7,4,-1,-2,-1,-2
,-1,1,-2,-3,-3,-1,-1,0
,-1,-2,0,-2,0,-2,-1,-1
,-1,1,0,-2,-1,0,0,0
,1,-2,-2,-2,-1,-3,-1,1
,-1,0,2,-1,-3,0,-1,-1
,0,2,0,1,-3,0,-1,-1
,0,1,-2,3,0,1,0,0
,-1,-2,-5,-4,1,0,-2,0
,-1,-2,3,1,0,-1,-2,0
,0,1,-3,-4,-2,-3,-3,-1
,-1,-2,2,-4,-2,-1,-1,-2
,0,0,-2,2,0,0,-1,-2
,-1,-2,-6,-3,-1,0,0,-3
,-2,-2,2,4,1,0,1,-1
,0,3,7,-1,-1,1,-1,-1
,1,-2,-7,-3,-2,-1,-2,0
,-1,0,-1,-2,-1,0,-1,0
,-1,-2,-1,-2,1,1,-1,-1
,0,1,-2,1,1,-2,-2,-1
,-1,-2,-2,1,-2,-1,-1,0
,-1,-1,-1,-3,-2,0,-2,-2
,-1,-4,-2,-1,-2,-1,-1,-2
,-1,-1,-3,0,-2,-1,0,-1
,-3,-1,-2,-2,1,0,-2,-1
,-1,-1,0,2,-1,-1,-2,-1
,-1,-2,1,-1,2,1,0,-2
,0,-3,-1,-2,-1,0,0,0
,-3,-1,-4,-4,-4,0,1,-1
,1,0,2,4,4,1,1,-1
,0,-1,2,0,-2,-2,-1,1
,-1,0,-4,-1,-1,-1,-2,0
,-1,-2,-1,-1,-3,-3,-1,-1
,0,1,-1,-4,-1,-1,0,-1
,0,0,3,-3,-1,-1,-1,0
,-2,-1,-3,-2,-1,-2,-1,0
,-2,0,-1,-1,0,0,0,1
,-2,-2,-1,-1,-4,-1,0,-1
,-2,-1,-5,-4,-3,-1,-2,0
,1,-1,-1,-2,1,0,0,0
,-1,-1,-1,1,1,-1,0,0
,2,1,4,3,-2,-1,-2,1
,-1,-2,-3,-2,-1,-2,0,-1
,-2,-1,-2,-1,-2,-3,-1,-2
,2,0,0,-3,1,-1,-1,1
,-2,-2,-2,-2,-3,-1,-1,1
,1,-1,0,2,3,-1,-2,1
,-2,-1,-3,0,-1,1,0,0
,-1,2,7,-2,1,0,0,-2
,-1,-2,-3,-1,-3,-1,-1,-2
,1,-1,-1,3,0,-2,0,0
,-1,-2,-2,0,0,-2,0,-2
,-2,-1,0,-3,-1,-1,-3,-1
,-1,-1,-4,-4,-1,0,1,-2
,-1,0,2,0,-2,-1,-1,-1
,0,-1,6,1,2,-1,0,0
,-2,-3,-2,-1,-4,-2,0,-1
,-1,-1,-4,-1,1,-1,-1,0
,1,-1,-2,1,-2,-1,0,0
,0,1,1,-1,-4,-1,-2,-1
,0,2,-2,-2,-2,0,0,0
,-1,0,-2,-2,-1,-1,0,0
,-1,-3,-1,-3,-1,-2,0,0
,-1,1,1,-3,0,-2,-1,-2
,-1,0,-2,0,0,-1,1,-1
,0,0,-1,0,0,1,0,0
,-1,-1,-1,-1,-4,-1,-2,-1
,-1,-2,-2,-3,-3,-3,-1,0
,-1,1,1,3,3,-1,1,-2
,-1,0,-1,1,1,0,-2,-2
,-2,-1,-2,-5,-2,-1,-2,-1
,-1,-3,0,-1,-1,0,-1,-1
,0,-1,2,-1,-2,0,-1,-1
,-1,-1,-2,0,-1,-2,0,1
,0,2,3,-1,0,0,1,0
,0,-2,-2,-1,1,0,-2,0
,-2,-1,1,5,0,1,-2,-1
,1,-2,-1,-2,1,-1,0,-2
,-1,-3,-3,-3,-1,1,-1,-1
,-1,-1,-2,-2,-1,0,0,-1
,0,1,4,0,-1,-2,0,0
,-1,0,0,-2,-2,-1,-1,-2
,1,1,1,0,-1,-2,-1,-1
,0,-2,-1,1,-2,0,0,0
,-1,-3,-5,-4,1,-2,-1,0
,-1,1,1,-1,-1,-1,0,-1
,0,-2,0,0,-1,-1,-1,0
,-1,1,-2,2,1,1,1,-1
,1,-2,-2,-3,-2,-1,-1,-2
,0,0,1,2,0,0,-1,-1
,-3,0,-3,0,1,0,-1,-1
,-2,-2,-1,-2,-4,-1,-1,-2
,-1,-2,-1,-3,3,-1,-1,-1
,0,-1,-2,-4,-2,0,-2,0
,0,0,-1,3,1,-1,0,-2
,-2,1,-1,0,-2,0,-1,0
,1,-3,-3,-3,-5,-1,1,0
,-2,-1,-2,1,0,-2,-1,1
,1,2,3,-1,-1,-1,-1,-1
,-1,-1,1,0,-3,0,0,0
,-1,-1,-4,0,-1,-2,-1,0
,0,-1,-2,-5,1,-1,-1,0
,-2,-2,-5,-2,-1,1,-1,-1
,0,1,-1,1,0,0,-1,-2
,-2,-1,-1,-1,-2,-2,-1,1
,-2,-1,0,3,-2,0,-1,-1
,0,-1,-1,-2,0,-1,1,-1
,0,0,2,0,3,1,-1,0
,-1,0,-3,-1,-1,0,-1,-1
,-1,0,2,0,-3,-1,-1,1
,1,-1,-4,-5,-2,-2,-1,-2
,-1,-2,-2,0,-1,-2,-2,-1
,0,1,3,2,2,-1,0,-1
,-2,0,1,0,-2,-1,0,0
,-2,-2,1,0,-1,0,0,-1
,-2,1,5,-2,-2,0,2,-1
,0,-2,-3,0,-3,-2,-3,0
,-2,-2,-1,1,1,-1,-1,-2
,-1,-1,-4,-2,-1,-1,0,-1
,-1,-2,-1,-3,1,-3,-2,-1
,-1,-2,-2,-2,0,0,-1,-2
,0,-1,2,0,0,0,-1,-1
,-2,0,-4,-2,-2,-1,-1,-2
,1,-2,-3,-1,0,-1,0,-1
,-2,0,1,-2,-2,-1,-1,-1
,1,0,-1,-3,0,-1,-1,0
,-1,0,-1,2,0,-1,-1,0
,-1,-1,-3,-2,-2,-1,-3,0
,0,0,-2,0,-2,0,0,-2
,0,-2,-4,-6,-5,-1,-1,-2
,-1,-1,-1,2,3,0,0,0
,-1,-1,-2,0,0,1,-1,0
,1,-2,2,1,-1,1,-1,0
,-2,-1,0,1,0,0,1,-1
,-1,-3,-3,-5,-2,0,0,0
,-1,-1,-4,1,0,-1,-1,-1
,0,0,-4,-3,2,-1,-1,0
,-2,0,1,0,0,-1,-1,0
,-2,-1,0,0,0,-2,-1,-1
,0,-2,0,-3,-2,2,1,1
,0,0,-1,-1,-2,-1,0,-1
,0,-1,-2,-1,0,0,0,0
,1,-1,-1,0,-1,0,1,0
,0,-2,0,-2,-1,-2,0,0
,-1,-1,0,-1,1,0,0,-1
,-2,-2,-3,0,-1,0,-1,0
,0,1,3,-2,0,0,-1,-1
,1,-2,-3,-2,-2,0,-2,-1
,-1,0,2,3,1,-2,0,0
,1,-1,1,2,3,-2,0,-1
,-2,-1,-1,1,-3,-1,-1,-1
,-2,-3,-4,-2,0,-2,0,-1
,-1,3,-4,-6,-4,-2,-1,-2
,-1,-2,-4,1,1,-1,-1,-1
,-1,0,-2,0,0,-1,-1,1
,-1,-1,-3,-3,-1,1,-1,-1
,0,-2,1,3,-1,0,0,-1
,-1,-1,-1,-3,-1,-1,-1,0
,0,0,-1,1,0,0,0,-1
,1,1,-1,0,-2,0,-1,-1
,1,-1,-2,-3,-1,1,0,2
,-1,0,0,-2,0,-1,0,-1
,0,-3,-1,-2,-1,0,-1,0
,0,3,-1,-2,-1,-2,-1,-1
,-1,-2,-2,-1,1,0,-1,-1
,-1,1,0,0,0,0,0,-1
,-2,-1,0,-2,-3,-2,-1,3
,-1,-1,0,2,0,-2,-1,-1
,-1,3,2,-1,-3,0,0,1
,0,-3,-1,0,-1,0,0,-1
,-1,-1,-2,-2,-5,0,-2,-1
,-2,2,6,1,3,-2,-1,-1
,0,-1,-3,-2,0,0,0,0
,-1,-1,0,0,0,0,-1,-1
,0,0,1,-2,-1,-3,-1,-3
,-2,-2,-2,-2,-2,0,0,-2
,-1,-2,-2,1,-1,0,0,0
,-1,-1,1,-3,-2,-2,-1,0
,-1,0,2,0,0,0,0,1
,0,1,-1,1,-1,-1,0,1
,-1,-4,0,1,-2,-1,-1,-1
,-2,-1,-2,-1,-2,0,-1,-2
,0,1,-1,-2,-2,-1,0,-2
,-1,-2,-2,-2,-2,-1,1,-2
,-3,0,-3,-2,-1,-2,0,-2
,0,0,1,0,-1,-1,0,-1
,-2,-1,2,4,2,0,0,0
,-1,0,0,0,1,0,1,-2
,-1,-1,-2,-1,-3,-1,-2,-2
,-1,-2,-1,-2,0,0,0,-1
,-1,-1,-3,-3,-1,-3,-2,0
,1,-2,-3,-2,-3,-3,-1,0
,-1,1,4,-2,-1,0,-1,0
,0,-1,-2,-1,-4,0,-2,0
,0,0,-2,2,5,1,0,0
,-1,-2,-1,0,-1,-1,-1,0
,-1,-1,0,-1,-2,-3,1,-2
,-3,0,0,-1,-2,-1,-2,-1
,-1,2,0,2,0,1,-1,-1
,0,-5,0,-2,-1,-1,-2,0
,-3,0,2,0,1,-1,-1,0
,-2,-1,-1,1,-2,0,1,-1
,-2,0,-3,-3,-1,0,-1,-2
,-1,0,0,1,-1,0,-2,0
,0,-3,-2,-2,0,0,1,0
,-1,-1,-1,-2,-1,-2,-2,-1
,0,-2,-8,-3,-2,-2,-3,-2
,-1,1,1,1,1,0,-1,-1
,0,-2,0,2,2,-1,1,-2
,0,0,-2,0,-1,-1,0,0
,-2,2,6,-3,-1,0,0,-1
,-2,-1,-4,-2,-4,0,-1,-2
,0,-2,-4,-1,-1,-1,-3,-1
,0,1,-1,0,0,-1,0,0
,-2,-3,-1,-2,-2,0,0,-2
,-2,0,-1,-3,-2,-1,0,1
,-2,1,1,0,0,0,-1,-1
,-1,0,0,-2,-2,-2,0,-1
,-2,-5,0,-1,1,0,-1,0
,0,1,0,0,-1,0,-1,0
,1,-2,-3,1,-1,-2,-2,-1
,-1,0,1,1,-1,-2,-1,-1
,0,0,-1,0,-3,-3,-3,-1
,-1,-1,-1,-1,0,-1,-2,0
,0,-1,-3,-2,-1,1,-3,0
,0,-1,-1,0,-1,0,1,-1
,0,-1,3,2,-1,-1,0,-1
,0,-1,-5,-2,-1,-1,-1,-1
,0,-2,2,1,-1,0,0,0
,-2,0,0,0,2,0,-1,-1
,0,-1,-3,-3,-2,-1,0,1
,-1,1,4,2,0,-1,-1,1
,-2,-3,-4,-2,-1,0,-1,-1
,-2,-2,-3,-2,0,2,0,-1
,-1,-2,-3,-2,-2,-2,-1,0
,0,0,-1,-1,-1,0,0,-2
,0,0,-1,-1,-4,-1,-1,-1
,1,-1,-1,0,1,-2,-1,-1
,-1,-3,-1,0,-1,0,-1,-1
,0,0,0,0,-2,-1,-1,0
,-2,1,-1,0,0,-1,0,-1
,-2,0,0,-2,-2,0,-2,0
,-1,0,-1,2,0,0,0,-1
,-2,-2,-1,1,0,0,-1,0
,-1,-1,0,-3,-1,-1,0,-2
,-1,-1,-1,-1,-1,-3,-1,-1
,2,0,-1,-2,-1,-2,1,0
,-1,0,-1,-3,-2,0,-1,-2
,-1,1,-1,5,3,2,-2,1
,0,-1,-1,0,-2,0,-1,0
,0,-1,-2,2,0,1,-1,0
,0,0,-4,-5,-1,1,1,-1
,-1,0,-2,-3,-3,0,0,1
,-1,-1,-3,1,0,0,0,0
,0,0,4,0,0,0,-1,-1
,-1,0,-2,0,-2,-2,0,0
,-1,-2,2,0,-1,0,-1,-2
,-1,-1,0,2,0,-2,0,-2
,0,1,-5,-3,0,1,-1,0
,0,-2,-1,1,0,-2,0,-2
,-2,0,-1,0,-1,-1,0,-3
,0,0,0,-4,-3,-2,-1,0
,0,0,-3,-2,2,0,-2,-2
,0,0,2,0,-1,-1,-1,-1
,-1,-2,-4,-1,-2,-1,0,1
,-2,0,2,0,-2,0,-1,-2
,-2,-3,-2,-1,-1,-1,-2,-2
,-1,-1,-1,-1,-1,-2,-2,0
,-1,1,-1,-5,-1,-1,1,-1
,-2,-1,0,2,0,-1,-2,0
,-1,1,0,0,-1,-2,-1,-1
,0,-1,4,1,0,-3,1,-1
,-1,-3,-2,0,-4,1,-2,0
,-2,-2,-2,-3,4,0,-1,-1
,-2,1,1,-1,-2,-3,-1,-1
,-2,0,-3,-1,0,0,-1,-1
,1,0,1,-1,-2,1,1,-1
,0,-3,1,-3,-4,-1,-1,-1
,0,-2,-1,-3,-1,-2,-1,-1
,-1,-1,-3,2,0,0,-3,-1
,-1,-1,-5,-3,-1,-1,-1,0
,0,0,0,-2,0,-1,0,-2
,1,0,4,7,0,0,-1,2
,0,-1,-3,-2,-1,0,-1,-1
,-2,-1,-1,0,0,-1,-1,-1
,1,-2,-5,-2,-2,-1,-1,-1
,2,-2,-2,-3,0,-1,0,-1
,-2,1,2,2,0,-1,0,-1
,-1,-1,-1,1,1,0,-1,-1
,-1,0,-2,-2,-2,-1,-1,1
,-2,-1,-4,-3,-2,-1,-1,0
,-2,-2,1,1,-2,-1,-1,-1
,-1,-1,-2,-1,0,-4,0,-1
,0,1,0,2,1,1,-1,-1
,-1,-1,1,1,-2,0,0,-1
,0,-2,-2,-2,0,-1,0,0
,0,1,-1,-1,-2,-2,-1,-1
,-1,-2,3,2,-1,-2,0,-1
,-1,-1,-3,-1,-1,-1,-3,1
,1,0,-5,-3,-1,0,-1,-1
,0,-1,2,-1,-1,1,-1,-2
,0,0,-1,-1,-1,0,-1,-1
,-1,-2,2,-1,-2,-1,2,-1
,0,0,0,-2,-1,-2,-2,1
,2,-2,0,-1,1,-2,0,-1
,1,0,-2,-2,-2,-2,-2,0
,-1,0,-1,-3,1,1,-1,-1
,-2,3,-2,-5,-5,-1,-1,0
,-2,0,-1,0,-1,-2,-2,-2
,-1,0,1,4,3,-3,-1,-1
,0,-2,3,-2,-3,-2,0,0
,1,-2,0,-1,1,0,0,-1
,0,0,-1,-4,-3,-1,-1,0
,-1,-1,-2,0,-1,-1,-1,-1
,-1,1,4,2,1,-2,0,-1
,0,0,-3,0,-1,-3,0,0
,-1,0,-1,1,-1,0,-1,-1
,1,-2,-2,-3,1,1,1,-2
,-1,-2,-2,0,-2,-1,-1,-1
,0,-1,-2,0,0,0,0,-2
,-2,0,1,-1,0,-3,-1,0
,-1,0,-3,0,-1,-2,-1,1
,-1,1,-3,-3,-1,-1,-1,-1
,-1,-2,0,-3,-2,1,1,-1
,0,-3,-3,-2,1,-1,-2,0
,0,-1,-1,2,-2,0,0,-3
,-1,-1,-3,0,-1,1,1,-1
,-2,0,-4,-3,0,-2,0,-1
,-1,-1,-1,-1,-2,1,0,-1
,-1,0,-1,-3,-1,-1,1,-2
,1,-2,1,0,1,-2,-1,-1
,-2,0,-2,0,0,0,-2,-1
,-1,2,3,-2,0,-1,0,0
,0,0,1,1,-4,-1,-2,-1
,-1,-1,-2,-2,0,-1,-1,0
,0,-2,-2,0,1,-2,-1,-2
,0,-2,0,1,-3,0,1,1
,-2,-2,-6,-5,-1,0,-1,0
,-1,-1,-2,-4,-1,1,-2,-1
,0,0,4,1,-1,-2,-4,0
,0,-2,-5,-3,-1,-3,-1,0
,-1,-1,2,0,-1,-1,0,-4
,0,-1,2,2,0,0,1,-1
,-1,-2,-1,-1,-2,-1,1,-2
,-1,0,-3,0,-1,-2,0,-2
,0,0,2,-1,-3,-2,-2,2
,1,1,-3,0,0,-1,-1,-2
,-1,-2,1,-2,-1,-1,0,-1
,0,1,3,3,0,0,0,-1
,0,-1,-2,-2,0,0,0,0
,-3,1,0,-1,-2,-3,-3,-3
,0,0,-1,-3,-2,1,-1,0
,-1,-1,-2,0,1,-1,-3,1
,-2,0,-4,-1,0,-1,-1,-1
,0,-2,1,0,-1,-1,1,-1
,0,-2,-1,2,-1,0,-1,-1
,0,-1,-1,0,0,0,0,1
,-1,-1,-3,-2,-1,0,-1,-1
,-1,1,3,2,-3,0,1,-1
,-1,-1,-5,-2,0,0,0,-2
,0,1,0,-2,2,-1,2,0
,0,-1,0,-1,-2,-1,0,1
,1,-3,-2,-2,0,-1,0,1
,-1,0,3,-1,-1,0,-1,0
,-1,0,0,-2,-1,-2,-3,-3
,1,0,-2,-1,1,1,1,-1
,-1,0,-2,-2,0,-2,-1,-1
,-1,-1,-1,0,-1,-1,-1,0
,-1,-1,-1,-1,-1,0,-1,-1
,0,0,5,2,-2,0,-1,0
,0,-2,-3,-2,0,0,-1,-1
,-1,1,2,4,-1,0,0,-1
,-1,-2,-1,0,-1,-2,-1,-1
,-1,-2,1,-2,-2,-2,-1,-1
,-2,0,-3,0,0,2,0,0
,0,-1,-4,-4,0,0,-2,-1
,-2,-1,-3,-3,-2,1,-1,-1
,-1,3,7,-2,-3,-2,-1,-1
,1,-2,-3,-2,-1,-2,-1,1
,1,-1,-1,2,-1,0,0,1
,-2,0,1,0,-2,0,-1,-1
,1,-3,-6,-3,0,0,-1,0
,-1,1,-1,-2,-4,-1,-2,-3
,-2,-1,-1,-1,-1,0,-1,0
,0,-1,-2,0,-3,-1,-1,-1
,0,0,-1,1,1,-2,2,0
,-1,1,0,-1,0,-1,-1,-1
,1,0,-2,-1,0,-2,0,-2
,-1,-2,-5,-3,-3,1,0,-1
,-1,0,2,4,-1,-2,-1,-1
,-1,2,-1,-1,-1,0,-1,0
,0,-4,-5,-2,-2,-1,-2,-2
,-1,-1,-1,1,-1,-3,-1,-1
,-1,-1,0,-7,1,1,-2,-1
,-2,-1,3,3,2,-2,0,-1
,-2,-1,0,4,0,-2,-1,-2
,-1,1,3,-2,-1,1,0,-1
,-1,-2,-3,-1,0,-1,0,1
,-1,-1,0,2,0,-1,-2,0
,0,-1,2,-6,-3,0,-1,0
,1,-2,-3,2,2,-2,-1,-1
,0,1,-3,-2,0,-2,-2,-1
,0,-2,-2,0,1,1,-1,-1
,-1,0,3,1,0,-1,0,-1
,0,-2,2,-2,-3,0,0,-1
,-1,-3,-2,-2,-2,0,0,-2
,-1,-2,-5,-4,-1,-2,-1,0
,-1,2,2,0,0,0,1,0
,0,-3,5,3,1,1,0,0
,-1,1,-2,2,-3,0,-2,-3
,-1,-2,0,-2,1,0,-1,0
,0,-2,-3,-2,1,0,-1,-2
,1,2,-3,-1,1,0,-3,1
,-1,-1,-1,0,-2,-1,1,0
,-2,-1,-1,0,-4,0,-2,-1
,0,2,0,-1,-2,-2,0,-1
,0,8,-2,-1,2,-1,-1,-1
,-1,-18,-2,-2,-2,0,0,-1
,0,-1,-2,0,-1,0,-1,-1
,-2,-1,1,-1,0,-1,0,1
,0,1,-8,-4,-3,-2,-2,-1
,-3,5,4,4,0,-2,-1,-3
,0,2,-2,-1,-2,-1,0,0
,-2,-14,-1,1,1,0,-1,-2
,-2,-2,0,-1,0,0,-1,0
,1,3,0,-2,0,0,-1,1
,-1,0,-1,0,-1,-1,0,0
,-1,6,-2,-3,-3,0,0,-1
,-1,-1,-1,0,-1,-3,-1,-1
,-2,-2,-1,-2,0,-1,-1,1
,2,5,2,2,-2,0,0,-2
,-3,-4,-1,0,-1,-3,-2,-1
,-2,-13,-2,-1,1,0,0,-3
,1,9,0,0,-1,0,-1,0
,-6,-5,-6,-3,0,-2,-1,-1
,0,-5,0,-1,-2,-2,-1,-1
,-5,2,0,-2,-2,-2,1,-3
,-1,-3,-3,1,1,-1,-2,-1
,5,4,0,-1,-1,-1,-2,-2
,1,5,2,2,-3,-1,0,0
,1,-4,-3,-2,2,0,0,0
,-1,2,-1,-1,-2,0,0,-1
,-1,0,0,0,-1,-1,-1,-1
,-3,-5,-5,-3,0,-1,-2,-2
,-1,0,-1,-1,-4,0,0,-1
,0,1,-2,-3,-1,-1,1,-1
,0,-1,2,4,1,-1,0,-1
,-1,3,-2,-3,3,1,-1,0
,0,-5,-2,-4,1,-1,-1,1
,2,0,-6,2,-1,-3,-2,0
,-1,-5,5,0,-4,0,1,-1
,-2,3,-4,0,2,-1,1,-1
,-1,1,1,-1,-2,-1,-1,1
,-1,-6,-1,-2,0,0,-1,-1
,-5,-3,-4,-6,1,-2,-2,-3
,2,-1,-1,0,-3,-1,-1,0
,2,1,0,4,-2,-1,-1,1
,-3,-2,0,-4,0,-2,-1,-2
,-3,-3,-3,-5,0,-1,-1,0
,3,-1,2,3,-1,-2,0,0
,-2,0,-2,-1,-1,-2,-1,-1
,-5,2,-1,-3,0,0,-1,-1
,3,-2,0,4,-5,0,0,1
,-1,-2,-1,-1,-2,-1,0,-1
,-1,0,-1,-5,-1,-2,0,-2
,0,-1,1,4,0,0,-1,-2
,2,-2,-2,2,3,2,-1,-2
,-1,2,0,-3,0,0,-1,0
,-1,3,1,0,-1,-2,1,-3
,-1,-4,2,2,0,0,0,-1
,-1,-1,-1,-4,0,-2,-1,-1
,-2,1,-3,-1,-4,-2,-3,-2
,0,-1,1,-1,1,0,0,0
,-1,-2,-4,-2,-2,-1,-1,-1
,-2,0,-3,-3,0,-1,0,0
,1,2,2,3,2,0,1,1
,0,-2,-1,1,-4,-3,-2,-1
,-1,3,-1,0,1,-1,0,-2
,-2,-4,-1,-2,-1,1,0,0
,-3,-2,-2,-2,-1,0,1,-2
,-1,-1,-2,0,0,0,-2,-1
,-1,-1,0,-1,0,-2,0,0
,1,3,1,-1,-2,-1,0,0
,-2,-2,-4,-1,-1,-1,0,-2
,-2,-2,-2,0,0,0,-1,0
,0,-6,0,2,-1,-1,-1,-1
,0,3,2,-2,-3,-1,-1,-2
,-2,-3,-1,-4,-2,-2,-2,1
,1,1,2,-1,-1,-2,0,-2
,1,-1,-4,-2,-1,-1,0,0
,-1,-2,-2,-2,-1,-2,-1,-1
,0,1,1,2,1,0,0,-1
,0,0,-4,0,-1,0,-1,-2
,-2,4,4,-4,-3,-1,-1,1
,-1,-3,-3,2,-1,-1,-1,-1
,1,0,-1,-4,-2,-2,0,-2
,-1,-2,0,2,1,0,1,1
,-2,-2,0,-1,-2,-1,-1,-1
,2,1,-2,-2,-3,-1,0,-1
,-1,-1,1,-1,-1,-1,-4,-2
,-1,-1,-1,-1,-1,0,-1,-2
,1,-2,-3,-1,1,0,-1,0
,0,2,-1,0,-4,-1,-2,-1
,-3,-3,0,2,2,-1,0,0
,-3,0,-3,-2,-3,0,0,-1
,-1,-1,0,0,-2,-1,-2,-1
,-2,-2,-2,-1,-1,-1,-1,-2
,0,0,0,-3,-1,0,-1,0
,1,1,-2,2,1,-1,-1,0
,-1,-2,0,0,-1,-1,-1,0
,-1,-1,-2,0,-2,-1,0,-2
,0,-3,0,-2,-2,0,0,-1
,-1,1,-3,-4,0,-2,-2,0
,0,0,-1,-1,-1,-2,0,0
,-1,-2,2,0,0,-1,-1,0
,0,0,-2,3,0,-1,1,0
,-3,-4,0,-3,0,-1,0,-1
,-1,1,-2,-2,-1,-1,0,-2
,0,-4,-3,3,0,-2,-1,0
,-2,0,-4,-2,1,0,-2,-1
,-1,0,0,-1,-1,0,-1,0
,-1,5,-1,-1,-2,-1,-1,-1
,-1,-7,0,-1,1,0,-1,-1
,-1,-1,-2,-4,-6,-1,0,-1
,0,0,-2,1,1,-2,0,0
,0,-1,-1,0,1,0,-1,-1
,0,2,-2,-2,-1,0,0,0
,-2,3,3,1,1,0,0,-1
,0,-2,1,0,-3,2,-3,-2
,-2,-1,-1,1,-1,-2,-1,0
,0,0,-2,-4,1,-2,0,-1
,1,-4,-2,-2,-1,-2,-1,0
,-1,-1,2,3,-1,-2,0,0
,-1,-1,1,-1,0,-1,-2,-1
,-2,-2,-3,-2,0,2,1,1
,1,1,-2,-1,-1,-1,-1,-1
,0,-2,0,-1,-3,0,-1,-2
,0,-2,-1,2,-1,1,-2,0
,0,2,0,-1,-1,0,0,-1
,-2,-2,0,0,-2,-3,0,0
,-1,1,-2,-1,1,0,-1,-1
,1,0,1,0,-2,-1,0,-2
,-1,-1,-5,-3,-3,-2,-1,-1
,-3,-1,-2,-2,-2,0,-1,-1
,-2,-3,0,-1,0,-1,-2,-1
,-1,0,-4,-4,-3,-2,-2,-2
,-2,-1,2,3,3,-1,-1,-1
,-1,-1,-2,-1,-1,-2,-1,-1
,1,0,-1,0,-2,0,1,0
,-2,-6,0,-1,0,0,0,0
,-1,1,1,-3,-3,-3,-3,-1
,-1,-2,-1,3,1,-1,1,-2
,0,0,1,1,-1,-1,-1,0
,0,0,-1,-4,1,0,-1,-1
,-1,-2,-3,-3,-1,-1,-1,0
,0,-2,0,1,1,0,0,-1
,1,3,-1,-1,-1,-2,1,-2
,-1,-1,3,-1,0,-1,0,-1
,2,0,-2,2,-2,0,0,0
,-1,0,-2,0,-1,-1,-2,-3
,-2,-3,0,-3,-1,-2,0,-1
,0,-2,-2,-1,-1,-1,-2,-1
,0,-3,0,-1,0,-1,-1,-1
,-1,-1,0,-1,-2,0,1,0
,0,1,1,0,2,0,-1,0
,-2,-1,-4,0,0,-1,-1,0
,-1,0,0,0,-1,-1,-1,-3
,-1,0,-3,-2,-2,-2,-2,1
,-1,-1,0,0,-2,-2,-2,0
,-1,-1,-1,-2,-1,-1,0,-1
,-1,0,-1,1,-1,-1,-1,0
,1,1,1,-1,-3,-2,1,0
,-2,0,-3,-1,0,0,-1,0
,-1,-1,-2,-3,1,0,0,-1
,1,-1,1,-2,-1,1,0,-2
,0,-1,2,2,1,-1,-1,-1
,-2,-4,-1,-1,-2,-1,-1,-1
,-2,-2,-4,-1,-1,0,-1,-2
,-2,1,1,-1,-1,0,-1,-1
,-1,-1,-2,-4,0,-3,-2,-1
,0,-2,-3,-3,-2,-3,-1,-4
,0,1,3,3,0,-1,-1,0
,-3,-2,-1,-2,-2,-1,-1,0
,-2,0,-3,-3,0,-1,-1,-1
,-1,0,3,-2,0,0,0,0
,1,1,0,2,1,0,0,0
,-1,2,-1,1,-3,-3,-2,1
,0,-2,-1,-2,-2,1,-1,-1
,1,0,-1,-2,-2,0,0,-1
,-1,-2,-1,-5,-1,-2,-2,-2
,-2,-2,1,-3,-1,-1,1,-1
,0,-1,-1,4,0,1,-1,1
,-2,-2,-1,1,-2,-1,0,-2
,-1,-2,-1,-5,0,-1,0,-1
,0,0,0,2,2,-2,0,0
,0,-1,2,-2,-1,0,-1,-2
,-1,0,0,0,-1,0,-1,1
,-3,-2,-2,0,-4,-1,1,0
,-1,-3,-4,-3,-1,1,0,0
,-1,-1,-1,-3,-1,-2,0,-1
,-1,1,-5,-1,-1,-1,-2,-4
,2,1,4,3,1,2,0,2
,1,-1,-1,-1,-1,0,0,0
,-2,-6,-2,-1,0,-2,-1,-1
,-1,3,-3,-2,-1,-1,-2,-1
,1,-1,-3,-6,-1,-1,-1,-1
,-1,-2,-1,1,0,-1,0,-2
,-1,0,-2,1,-1,-1,-1,-1
,1,-2,3,-1,-2,1,-3,0
,-3,0,-3,-2,0,0,0,-2
,-2,-1,-1,0,-1,0,-1,-1
,1,-1,-2,-5,-6,-2,0,0
,-2,-3,0,7,6,0,0,0
,-1,-2,0,0,1,0,-2,0
,1,0,-4,-2,0,1,-3,-1
,-1,-1,1,0,0,-1,0,-1
,-2,-2,-1,-5,-5,-1,2,-1
,-1,0,-4,-2,-2,-1,-1,-2
,0,0,-2,0,1,-1,0,-2
,-1,-1,3,0,-1,0,-1,-2
,-2,-2,-2,-1,-2,-2,-2,-1
,0,-1,-2,0,-2,-2,0,-2
,-2,-2,0,-2,-2,-3,-1,0
,-1,2,0,-2,-1,0,-2,0
,1,-2,-3,2,-1,-1,1,-2
,1,-2,-2,0,-2,-2,-1,-1
,0,3,0,-2,0,-1,0,-1
,-2,-6,1,-1,0,-1,-1,-1
,-2,2,1,2,1,0,-3,-1
,-1,0,-3,-3,0,1,-1,-2
,-1,-2,-1,-2,-2,1,0,0
,1,2,-1,1,-1,-1,-1,0
,-3,-3,-1,-6,-3,-1,0,-1
,-1,-1,3,3,4,-2,1,-1
,0,-2,-1,4,1,1,-1,0
,0,0,-5,-2,0,-1,1,-1
,-2,-2,5,-3,-1,-2,0,-2
,0,2,-1,-1,-2,-2,-3,-1
,-2,-2,-1,0,-2,-2,-2,-1
,-2,1,-1,-2,-2,-1,-2,-1
,1,-2,-4,-3,-1,0,-1,0
,1,-2,2,0,0,-2,-1,0
,-1,0,0,-1,-1,-2,0,-3
,0,-1,-1,-1,1,-1,0,-2
,3,0,-2,3,1,1,-1,-1
,-2,-2,0,0,-1,0,-1,0
,-4,0,-2,-2,-3,-1,-1,0
,-2,1,2,-3,0,2,-2,-1
,0,1,-2,-4,-1,-2,-1,0
,-3,-2,0,4,-1,1,1,0
,-1,0,0,-2,-1,-1,-1,-1
,0,0,-3,4,1,-3,0,0
,-1,-3,1,2,-1,-2,-1,-1
,-2,-2,-3,-3,-1,-1,-2,-1
,0,-1,-2,-2,-1,-2,-2,-1
,1,1,5,3,-1,0,-1,-1
,-1,0,-6,-4,0,-1,-2,0
,0,0,0,-3,-2,-1,-1,-2
,-1,-1,-1,1,-1,-1,-2,-3
,-1,-1,-4,-3,-1,-1,-1,-2
,-1,0,0,0,1,-1,1,-1
,0,0,1,1,-3,0,0,0
,-2,-1,-2,-2,0,-2,-2,0
,1,-1,-2,-2,0,0,-2,-1
,-1,-3,0,1,-1,0,-1,-1
,0,-1,1,-1,0,-2,0,0
,0,-3,-1,-2,-1,0,-1,-1
,-1,-1,-2,-5,-1,0,0,0
,0,1,0,1,-3,0,-1,0
,-1,-2,0,1,2,-1,0,0
,0,-2,1,5,2,1,0,-1
,0,1,-2,-4,-5,0,0,1
,-2,-2,-4,-3,0,-1,-1,-1
,-2,-1,-3,-1,1,-1,-1,-1
,0,-1,1,-1,0,0,-1,-2
,-1,-2,0,-1,-2,-2,0,-1
,-2,0,2,-4,-3,-2,-2,0
,-1,0,-1,0,0,0,-1,0
,-1,1,-2,1,0,0,-2,-2
,-2,-2,-2,0,0,0,0,0
,-2,0,-1,-2,-1,-1,0,-1
,1,-1,1,1,-3,0,-1,0
,-2,0,0,-3,-1,0,0,0
,1,-1,-2,-3,1,-1,0,-1
,0,0,0,3,-1,0,-2,1
,0,-1,-1,0,0,-2,0,-1
,-1,-1,-1,-2,-3,0,-1,-1
,-2,1,4,0,-1,0,0,-1
,0,1,-3,-3,-1,-2,0,1
,-2,0,2,-2,-3,-1,0,-2
,-1,-1,-2,-1,2,-1,0,0
,0,-2,-1,2,-2,-3,-1,0
,0,0,-1,-2,-1,-1,1,-1
,-1,1,4,0,-2,-1,-1,0
,1,-2,-2,-1,-2,-1,0,1
,-2,-1,0,-2,1,1,1,-1
,-2,-1,-2,-2,-1,1,-1,1
,0,2,-1,-1,-3,-2,0,2
,1,-1,2,4,3,-1,0,0
,-2,-1,-3,-1,-1,0,-1,-1
,-1,0,1,-2,0,-1,0,-2
,-1,-2,-3,-2,-1,-2,-3,0
,0,0,0,-5,-3,-3,-3,0
,-2,-2,0,0,-3,-1,-1,-1
,2,-3,1,-1,-1,-1,-1,1
,1,1,-5,-3,-1,0,0,-1
,-1,1,3,-1,0,-1,0,0
,-1,-1,2,6,1,0,-1,-1
,-2,-1,-1,2,-2,-1,-2,-2
,-3,-3,-4,-4,0,-3,-1,-1
,-1,1,-1,-2,1,1,0,0
,-1,0,-2,0,-2,-1,-1,-1
,0,0,-1,-1,0,-1,0,-2
,-1,0,-2,0,-2,0,0,-1
,-1,-3,-5,-5,-2,0,-1,-1
,-1,0,1,2,3,1,0,-1
,0,0,-2,0,-3,-1,-1,0
,2,-1,-2,1,-2,0,0,0
,-4,0,-1,-3,-2,0,-2,-3
,-2,0,-3,-6,-2,-1,0,-2
,4,-1,1,3,1,0,0,0
,-3,-3,0,1,-2,-1,-1,0
,-4,1,-3,-5,-1,-2,0,-2
,2,0,-3,-2,-2,-1,0,-1
,0,-2,-1,6,1,1,0,0
,-3,2,5,-3,2,-2,-2,-1
,-1,-1,2,0,1,-1,-1,0
,1,-1,-4,2,-2,-1,-1,-2
,-5,-1,-2,-7,-2,-2,-1,-2
,-2,0,-3,-5,0,-1,-1,-2
,2,0,0,7,0,0,0,0
,-2,-3,-2,-3,0,-1,-1,0
,-5,1,3,-5,-2,-1,-2,0
,2,-1,1,3,3,1,0,-1
,1,-3,-3,3,0,0,-1,-2
,-2,-1,-3,-3,-1,0,0,0
,-3,-6,-2,-1,-1,-2,1,-1
,0,1,-1,2,-2,-1,-1,0
,-3,-3,-3,-7,-2,-2,-1,-1
,-1,0,-3,1,1,0,-2,0
,1,0,2,3,0,-2,0,1
,-1,-1,-2,-2,-2,1,-1,1
,1,0,1,1,-2,-2,-1,-1
,0,0,-1,-4,-1,-1,-1,-2
,0,-1,-2,-5,0,1,-1,-1
,-2,1,0,1,-1,-3,0,-2
,1,0,-1,-3,-3,0,0,1
,1,-2,2,1,-1,-2,-1,0
,-2,0,1,3,3,0,1,-2
,-1,0,-4,-4,-1,-1,1,-3
,1,0,-2,-5,0,1,0,1
,-1,1,5,6,-2,-2,0,0
,-1,0,-2,-3,-1,0,0,-1
,0,-1,-3,0,-2,-2,-2,-1
,-1,-6,-3,0,-1,-1,0,0
,-1,0,-1,-5,-1,-1,0,0
,0,3,-1,1,-1,-2,-2,0
,0,-1,0,1,-1,-1,-1,1
,0,-3,-3,-2,-2,-1,-1,-3
,-4,-1,-3,-2,1,0,0,0
,1,2,0,1,0,-1,0,0
,-1,-1,-3,-4,-1,-2,-1,-3
,-1,1,2,-4,-3,-1,0,-1
,0,-3,-1,1,-1,-2,0,0
,-2,0,0,4,1,0,-3,-3
,-2,-1,-1,-4,1,0,-2,0
,-1,-1,-1,1,-2,0,-1,-1
,2,3,-5,-1,-2,0,-1,0
,-1,-7,3,-3,-1,0,-1,0
,-1,0,0,3,-1,-1,-1,-1
,-2,1,1,-1,-2,-3,0,0
,-2,-1,-1,0,-2,-1,-2,0
,-1,0,-5,-7,0,0,-1,-1
,-1,-4,-1,0,-2,0,0,0
,1,1,-2,3,1,-1,-1,0
,-2,-2,0,-3,-3,0,0,0
,-1,-1,-1,-1,0,-3,-1,-1
,0,-5,4,0,-2,-1,0,1
,-2,1,-1,1,-2,0,0,0
,-1,1,-1,0,-1,0,-2,-2
,-3,-3,-4,-1,0,0,-1,0
,-1,2,-1,-6,-4,-1,0,0
,0,1,-2,2,2,-2,-2,-1
,0,2,6,-2,1,-1,-1,-1
,-2,-14,-4,1,-4,0,0,-1
,-1,4,-3,-4,-3,0,-3,-1
,0,-5,-2,-1,4,1,0,0
,3,-1,5,7,1,0,0,0
,1,2,-2,-2,-2,-1,-1,-1
,-6,-8,-6,-9,-5,-1,-2,-1
,-2,-8,-2,-3,0,-2,-1,-2
,2,7,-4,1,1,0,-2,0
,0,5,4,-2,0,-1,0,1
,2,6,0,8,3,0,0,-1
,-4,-10,0,-4,-2,0,0,-2
,-3,-4,-1,-5,2,2,-1,-1
,0,4,1,3,-2,-3,0,0
,0,1,0,-1,0,-1,0,-2
,2,3,1,-1,-5,1,-2,1
,-2,0,-4,-2,-11,-3,-1,-2
,-6,-17,-5,-7,3,2,0,-3
,6,21,0,4,13,2,0,0
,-14,-58,0,0,-6,-9,-1,-1
,4,6,2,-1,-6,-3,-1,1
,2,0,-4,1,10,5,0,1
,-6,-11,2,1,3,-2,-1,-1
,6,13,-3,-1,-5,1,0,1
,-9,-16,-6,-7,-1,-5,-2,-2
,0,-1,0,3,-3,-1,0,-1
,2,-2,1,4,-3,0,0,0
,4,27,4,-2,0,0,-1,1
,-1,-6,1,-3,-4,-1,1,-1
,2,10,0,4,2,-1,-3,0
,0,-3,0,0,-1,-1,-1,-1
,1,10,1,1,-4,0,-1,-1
,0,-3,-3,-4,4,0,1,-2
,-2,0,0,-5,-6,-1,-1,0
,-1,-5,-1,0,-1,-2,0,0
,-3,0,-4,0,2,0,-2,-1
,-1,3,2,3,5,2,0,-2
,0,0,0,-2,-2,-2,-1,-1
,-1,-1,-3,-2,-6,-2,-2,-1
,-2,-10,1,-2,2,1,0,0
,-2,-13,-5,-1,-1,-2,-1,-1
,-1,3,-2,-5,-4,-2,0,-1
,2,-2,0,0,-1,-2,0,-1
,1,13,0,2,4,-1,0,0
,0,0,0,2,-2,0,-1,2
,0,3,-2,2,-2,-2,-1,-2
,-2,-8,-6,-2,0,-2,-2,-1
,2,2,2,-1,2,1,0,-2
,0,11,-1,-3,-1,1,-2,-2
,-1,3,-2,-3,-4,-1,-1,-1
,0,5,1,4,4,2,1,-1
,-1,-3,-4,-1,-3,-2,-2,0
,-1,1,-2,1,1,-2,-1,-1
,1,-2,-1,-5,-2,0,0,0
,0,1,-1,-1,-5,-1,-2,-1
,-1,8,-1,-6,1,1,0,-2
,0,0,0,0,2,2,0,1
,-4,-4,-3,8,-1,-2,0,-2
,0,-8,-1,-11,-6,1,-1,-1
,0,9,0,5,2,-1,-2,-2
,-2,1,2,-2,2,1,-1,-1
,5,8,-3,-2,-3,-1,0,0
,-8,-7,2,0,-1,-1,-1,-2
,-7,-17,-3,-2,0,-2,0,-1
,-4,-21,0,-1,-2,-2,-1,-1
,-1,0,2,0,0,0,-1,-2
,-2,14,-2,-2,0,1,0,0
,8,21,1,2,-2,0,0,1
,4,23,-2,0,0,-2,0,1
,2,7,2,-4,-1,-2,-1,2
,-12,-50,-8,-4,-1,-2,-1,-4
,4,3,3,1,1,1,0,1
,-12,-35,-6,-3,-1,0,-1,-1
,5,17,3,1,0,-2,-1,0
,-7,-10,-5,1,-3,-1,-2,-2
,0,3,-2,-2,-1,-2,0,-1
,2,6,-4,-2,-1,0,2,-1
,-6,-30,-3,-3,0,0,0,-2
,8,17,4,9,4,-1,1,2
,-9,-6,0,1,-4,-3,-2,-2
,-5,-46,-1,-2,-1,-2,-1,-2
,5,54,-1,-1,0,1,1,2
,9,-22,2,-4,-2,-2,-2,1
,-14,-46,-13,-8,-2,-1,0,-4
,25,114,12,1,-1,-2,-2,-1
,-26,-121,-11,-2,1,-2,-2,-8
,28,88,-2,-1,1,0,1,7
,-25,-73,-2,0,-3,-2,-3,-5
,-1,-1,-2,1,1,0,-1,1
,0,59,13,6,0,1,1,1
,-2,-59,-5,0,0,0,1,-2
,25,70,-1,-2,-2,-2,1,5
,-18,-30,-8,-3,-3,-4,-3,-4
,7,-4,1,-4,-2,1,0,-1
,1,7,6,4,4,1,-1,0
,-7,-4,-5,3,4,1,1,-2
,18,93,13,2,-4,0,1,4
,3,-30,1,-1,1,-2,-1,3
,-1,30,8,-2,-1,1,2,-1
,1,-95,-6,-1,-3,-2,-3,-2
,-14,-2,-10,-4,0,-3,-5,-8
,6,26,0,-1,0,0,0,1
,-32,-27,-6,-2,-2,-1,-1,-6
,13,-36,10,-3,1,-4,-2,2
,8,-18,-25,-9,-3,-2,-2,-1
,18,60,31,22,8,7,6,8
,-17,61,-21,-22,-16,-11,-14,-12
,2,24,18,13,8,8,9,10
,18,58,0,-12,-9,-8,-10,-13
,9,-96,7,0,4,0,3,4
,-52,15,9,14,4,3,3,-1
,101,6,-63,-4,0,3,6,22
,-57,58,73,1,-3,-6,-7,-18
,26,-70,-50,-18,-11,-7,-6,-1
,-57,-21,16,1,3,1,2,-2
,74,73,-38,-14,-6,-5,-12,-23
,-7,10,-52,-18,-4,-2,4,6
,-29,-63,25,9,4,4,6,12
,46,-65,25,4,0,-1,0,4
,-48,-49,-56,-9,4,2,2,-2
,11,39,56,14,1,2,1,7
,14,127,26,-3,-6,-9,-10,-19
,29,-86,-16,3,4,4,6,7
,-82,66,-16,-18,-15,-8,-11,-12
,-5,-128,-18,7,2,1,1,3
,-21,126,-32,-10,2,1,1,-1
,-27,-38,23,-4,-3,-5,-5,-11
,-14,99,93,24,1,-3,-3,-4
,-47,-71,-50,-13,-6,-1,3,5
,-3,-55,19,14,4,0,-2,-5
,5,-46,-28,3,0,-1,-1,-3
,-6,-8,42,-5,2,1,1,-2
,19,85,-29,-2,1,1,2,6
,-55,-91,24,4,3,1,5,2
,-88,10,-34,-16,-7,-6,-13,-20
,43,-38,27,11,6,3,7,16
,62,-91,9,14,7,5,4,5
,-53,-45,-87,-20,-10,-7,-13,-26
,95,-7,45,11,9,8,13,27
,6,60,23,2,2,-2,0,-1
,-57,-31,27,1,1,2,-1,-3
,-13,38,-32,-18,-11,-9,-8,-14
,33,13,-8,0,1,0,1,7
,-9,-128,-7,8,3,4,2,-1
,-74,-37,-23,-2,0,0,-1,-4
,70,127,11,-2,-3,-1,1,6
,-42,-15,-50,-14,-6,-7,-4,-5
,9,-28,20,10,6,3,1,-5
,-30,-56,-31,-4,-2,-4,-4,-7
,39,-11,40,14,6,7,7,9
,8,108,8,-5,-4,-4,-4,-1
,-13,-100,-3,7,5,5,5,8
,44,127,-38,-7,-6,-6,-4,1
,-54,-128,-21,-2,1,3,10,-2
,-47,98,87,4,-3,1,-8,-10
,-2,35,-47,-11,-5,-10,-16,-6
,65,-30,22,14,9,5,7,13
,13,127,-11,0,-6,-3,-4,2
,-1,46,-19,-10,-5,-4,-1,-11
,-128,91,-17,-12,-17,-9,-6,-2
,78,-103,-10,-2,10,5,3,10
,37,-51,40,1,3,-2,-1,5
,7,-99,-34,-3,2,2,4,5
,-20,127,65,13,3,1,0,-3
,50,-1,-4,1,-1,0,3,8
,32,66,-28,-12,-2,-1,-1,5
,6,-33,27,13,4,0,-1,-5
,-4,-128,0,4,0,2,3,2
,-45,25,20,-1,-2,-3,4,-1
,88,69,50,15,5,3,-1,4
,47,61,-49,-7,-7,-4,-8,5
,5,47,-31,-14,-8,-4,5,-14
,1,97,58,10,4,1,-7,0
,-14,-74,19,4,2,-1,-2,5
,-29,-125,-58,-7,0,-1,0,6
,88,106,72,6,-2,-1,0,14
,-27,-28,21,-3,-1,-1,1,-16
,-6,52,-57,-16,-14,-8,-9,-12
,91,-31,53,21,10,6,11,20
,-102,-90,-7,-5,6,2,-2,-18
,89,-15,-1,-2,-3,-4,-1,8
,-7,6,-3,4,1,3,-4,6
,-11,88,-19,-2,-3,-5,4,1
,-3,35,-43,-24,-13,-10,-11,-16
,63,-109,11,10,6,6,2,-2
,-128,34,-69,-29,-18,-18,-16,-23
,40,52,35,-6,-6,4,8,10
,13,-110,-62,2,5,32,-4,6
,-40,10,-35,-2,-4,-81,-9,7
,-28,-128,25,4,1,28,27,-11
,8,70,-65,-16,-9,40,-23,-12
,-27,-42,-22,-8,-5,-22,-15,-6
,36,29,-62,-16,-6,-4,-14,-3
,47,5,106,36,8,-62,5,10
,11,3,-14,2,8,70,26,4
,31,-76,-62,-9,-4,-2,-2,-2
,-63,106,63,10,-1,-58,6,12
,-92,-22,-105,-25,-3,-24,0,-15
,27,-107,-15,0,1,77,28,-3
,-25,-18,87,33,5,-8,-11,12
,78,-125,-4,-12,-6,-63,-36,-26
,19,-6,-49,3,-4,2,3,7
,-53,21,12,-2,7,14,14,-7
,53,-56,52,9,7,-20,21,14
,-35,60,98,31,5,43,13,7
,107,21,-34,-4,-2,-25,-14,-4
,-5,102,10,-14,-14,-28,-25,-11
,25,-26,-3,0,2,10,9,-4
,1,68,-54,-12,-2,-5,0,5
,-44,-12,-37,-5,-2,34,-9,-7
,79,2,-20,1,-5,-63,-7,14
,61,110,49,-6,3,-17,-3,0
,-111,64,-25,-5,-5,65,0,-41
,25,-86,15,6,10,13,10,21
,33,-61,-36,0,-1,-39,-2,15
,-44,4,-8,2,-1,4,-1,-5
,11,-8,-40,-11,-4,21,11,15
,-34,-16,70,5,-2,9,3,2
,-56,34,28,-7,-10,-43,-20,-18
,80,-74,-18,-7,0,6,3,16
,-63,-104,-52,-2,2,3,15,2
,-4,-79,-23,-10,-3,15,-12,-15
,7,69,39,12,1,-13,-14,6
,-36,-46,-34,-17,-12,-7,-6,-12
,-9,30,34,4,-1,3,-5,-19
,67,41,35,13,8,4,7,14
,-21,-103,-122,-23,-9,-10,0,-31
,-8,127,99,9,-6,-11,-15,-12
,-3,15,18,8,4,15,-2,14
,41,-92,-14,-2,4,-6,8,16
,-4,52,-4,-10,-8,-12,-14,-19
,-29,34,-34,2,2,0,5,5
,-23,48,21,18,4,18,10,-1
,35,-79,9,-4,1,1,-1,10
,-65,-74,-10,5,5,-8,6,0
,-18,49,-32,-16,-7,-4,-5,-5
,51,-51,54,-1,2,10,1,14
,45,114,-21,0,2,2,9,3
,80,-24,115,22,8,-8,-1,3
,-40,15,-87,-2,-2,6,-1,-4
,61,-68,-14,-24,-11,-6,-6,-1
,-44,83,87,11,-2,-3,1,-5
,22,-110,-46,-2,2,1,4,6
,-34,31,-92,-6,1,-4,-1,4
,19,-97,72,13,-7,-3,-6,-1
,37,-32,-64,-14,-3,-3,-6,-11
,-71,41,21,0,3,-1,-1,-4
,72,-109,4,7,3,5,9,10
,-40,-61,74,28,12,6,8,-2
,7,85,16,7,-3,1,-3,-11
,-112,-105,-64,-7,-6,-7,-8,-3
,62,-94,-4,6,6,-1,-4,-4
,-56,63,-112,-27,-6,5,-2,2
,26,-36,103,21,6,-4,-1,-2
,57,-40,61,20,3,-2,6,12
,-63,-8,-8,-15,-7,-1,4,-5
,58,50,-29,-5,-5,1,-6,-11
,-113,23,-64,-18,-12,-8,-24,-23
,22,10,23,-8,1,-2,6,11
,16,-20,64,-1,1,3,-3,-7
,22,9,-42,10,5,0,7,5
,-42,29,12,-2,-2,0,3,0
,-31,91,0,-7,-3,-5,-7,-11
,61,9,-7,6,1,4,3,3
,-27,42,-63,-32,-10,-8,-4,0
,-5,-71,31,4,6,4,1,1
,-27,-70,-5,6,2,3,0,4
