,-34,-42,-13,5,12,-50,-7,7
,4,4,-1,-6,-12,111,-8,-4
,1,23,0,-6,-4,43,-5,-10
,2,1,1,-1,-45,-57,10,4
,8,19,4,8,40,-31,-33,0
,-4,-8,-1,10,24,8,94,10
,4,74,3,-5,-22,32,-12,-8
,-5,-91,-1,10,41,-55,-26,-18
,9,65,-2,-1,-48,21,-12,-22
,-6,-30,-1,-4,43,-22,-79,-3
,5,3,-3,8,-8,-41,45,19
,-9,-19,-4,-11,-11,52,-3,6
,8,23,12,7,-5,-45,12,-27
,11,-17,-2,-6,17,4,-16,-3
,-6,-10,-2,14,24,-13,37,28
,-3,17,-3,-19,-58,-22,-40,-20
,-5,-61,-2,8,10,33,59,-6
,10,60,-1,-17,-82,-49,-32,-19
,-15,-63,-5,7,64,-43,-4,19
,1,27,-5,-1,19,93,91,-5
,12,11,2,-6,0,98,-63,12
,-11,-21,0,1,-5,-33,-9,21
,3,21,-14,-4,-24,-75,-31,-18
,-16,1,5,1,12,66,8,-9
,5,0,3,-9,-4,-32,-19,-17
,2,0,-11,11,28,32,-18,1
,5,9,9,-4,-13,64,-10,-8
,-11,-16,-9,-10,-11,-49,-48,-38
,19,51,8,6,2,-84,10,59
,-8,-12,-1,-5,-24,84,55,-7
,-3,-11,3,-6,-52,18,-24,-2
,-4,11,-1,16,89,-28,8,-7
,-1,-16,-3,-7,-34,-14,53,-3
,12,10,-8,-6,-4,62,-13,60
,7,20,-4,-7,-8,9,8,-4
,4,-13,7,-5,3,11,38,8
,-26,-36,-7,2,5,-26,-26,-4
,4,-16,1,-3,-14,-41,10,-12
,2,7,2,-6,6,4,-18,-25
,-9,24,-4,8,-13,-17,2,11
,8,29,3,0,-14,-4,1,9
,-3,-38,7,3,2,-31,11,-22
,-5,-1,-7,-11,-29,40,9,5
,-3,-9,2,0,6,-71,-4,-33
,1,-15,-7,-3,4,-49,-57,4
,-9,73,6,-2,-14,71,48,-29
,3,-29,-2,9,62,-13,16,35
,-7,-39,-10,-3,-8,17,19,13
,-22,22,-7,-8,-37,-39,-17,-22
,9,24,4,-4,-14,-24,-17,9
,-2,-53,-2,-4,-3,-9,27,-13
,9,21,3,4,-1,20,11,19
,-1,8,2,-5,2,9,14,20
,-3,-27,-5,-10,-11,-56,32,9
,-1,28,2,-6,-16,-2,-10,-34
,1,-40,-1,5,9,16,-5,-9
,21,36,6,15,54,17,-22,9
,-33,-84,-9,-3,6,20,-4,-13
,-2,78,-7,-16,-54,-61,-17,-19
,0,-52,-8,-7,-25,28,-11,-1
,9,19,4,3,-25,18,44,-6
,16,-5,3,2,34,2,-18,15
,-12,-12,-6,5,-3,-56,38,-1
,-8,17,4,-1,-20,-47,-10,-4
,15,23,3,2,38,127,5,34
,-7,-6,-4,7,45,-24,-24,1
,-5,-13,3,3,21,-2,-13,-5
,18,33,5,1,-19,-17,3,-9
,-17,-51,-9,-3,6,-27,4,-15
,-5,31,-3,-9,-53,-33,-28,-20
,9,-31,1,12,92,95,-5,3
,-6,35,-8,-7,-7,3,-103,6
,1,-5,6,-9,-18,30,26,-14
,-2,-26,0,1,-10,-5,19,3
,8,34,4,6,-9,-37,-24,3
,10,7,2,-1,5,80,39,19
,-11,-35,-5,-3,19,9,9,-19
,1,56,2,10,36,10,17,24
,2,-28,7,-2,-29,20,32,7
,-1,18,-3,-1,26,-61,7,18
,-10,-28,-8,-1,-30,12,-65,-6
,4,28,4,-8,-4,6,43,-8
,-9,-5,4,12,23,9,15,-14
,-1,-1,0,-9,-24,-9,13,-2
,-1,28,1,1,-1,-20,-1,-7
,-13,-44,-8,-3,20,3,-29,-17
,14,3,-2,-5,-29,36,-8,21
,5,22,7,5,-16,-11,9,-10
,-7,-41,-8,-7,-5,-42,24,3
,-1,2,2,4,39,7,0,6
,-4,25,-2,-3,11,-16,-16,-8
,3,-25,1,0,1,20,-10,4
,-15,13,-1,-2,-25,-18,1,13
,0,-6,-8,-3,-29,-34,-24,-3
,4,-45,-2,0,-2,15,11,23
,-7,11,-5,-4,-24,-7,29,-15
,-8,-4,-1,-4,33,-21,-58,-30
,3,-1,0,-2,-35,-15,-27,-4
,3,9,2,5,-4,6,-9,-9
,-10,-49,3,-5,24,22,10,-6
,-8,29,-7,3,-18,-12,-13,-12
,17,6,8,7,42,22,5,-8
,-15,-13,-8,-7,-14,0,-19,-8
,7,16,-1,-5,-11,-35,81,11
,14,58,11,17,45,57,19,14
,-12,-66,-10,-9,-21,-22,-44,-16
,4,27,-2,-7,5,-49,24,14
,1,-5,2,8,3,-5,-3,-1
,-4,-32,-11,-11,-8,16,-3,0
,0,39,6,1,-12,4,20,-35
,2,-28,-1,0,-4,-3,-3,-1
,-15,-5,-13,-11,-24,-36,-13,4
,20,-11,6,5,3,13,26,10
,2,14,-9,-11,-16,-15,5,4
,1,58,1,-1,-27,-23,-15,-1
,-9,-47,0,4,10,66,-5,-6
,2,33,-3,-1,-5,-29,-21,-9
,-9,-41,0,-5,-30,-2,-4,0
,1,1,3,2,32,49,-2,4
,-4,4,-1,14,24,-10,10,1
,0,-20,1,-12,-20,-20,58,13
,-7,38,-5,6,-13,-15,-28,-22
,9,29,1,1,8,20,-8,22
,-10,-27,-3,0,3,-21,-54,-17
,6,-46,-6,-4,13,85,50,17
,13,41,7,7,-26,11,59,29
,-10,-19,4,4,-6,-23,18,-1
,2,7,-1,-5,26,-8,-58,10
,7,39,6,-1,-12,11,-23,2
,1,-34,2,-3,9,3,32,4
,7,23,-8,2,-3,7,-72,-6
,11,35,3,2,25,3,51,24
,-2,-28,-2,3,5,-26,1,-3
,4,91,5,3,14,4,-7,14
,-26,-122,-6,-13,-37,54,2,-22
,10,30,0,10,38,-25,46,-5
,11,17,8,-2,-10,21,-11,9
,-24,-103,-16,2,2,-1,-10,19
,6,43,2,0,26,-23,-1,2
,-11,-62,-5,-5,-49,13,8,-18
,13,65,2,1,-10,-24,12,3
,1,18,3,-4,9,9,4,-6
,-7,10,-1,2,-6,-46,-35,-10
,-7,-18,1,1,-29,44,-42,-34
,-11,-16,-2,16,45,-90,52,-14
,8,-18,-3,-5,-5,76,-31,22
,-6,-16,5,3,57,-7,17,-17
,6,64,3,3,-14,5,17,1
,-17,-54,-7,-8,-16,-36,-42,-18
,9,51,-4,-7,-15,-8,11,-10
,-7,-21,-3,-6,-17,2,15,9
,-3,-2,2,3,4,11,-15,-8
,-8,2,-10,-6,4,-8,-6,-3
,3,-26,5,6,-2,1,-18,-5
,10,9,-3,-8,-27,-24,5,2
,-3,13,-5,-8,3,3,-11,2
,-10,-28,-4,-2,-5,13,71,-17
,0,3,8,3,6,-18,-45,7
,0,34,-5,2,0,-11,31,-4
,1,-24,-7,-9,20,18,-1,28
,13,21,3,-8,-13,7,-33,16
,-12,-47,-12,5,4,4,14,-9
,5,11,13,11,13,13,6,5
,8,4,-7,-3,-42,-41,-28,1
,-10,-45,-1,7,26,102,-15,9
,7,-9,7,-6,-11,-33,54,-5
,2,6,-4,-5,-14,-16,-16,8
,-6,1,-2,-8,-34,-24,7,0
,-5,-47,1,-2,11,-71,-39,-3
,6,56,-1,-3,-4,42,23,-6
,-10,-34,-5,5,12,-5,58,-2
,4,4,5,1,17,43,12,10
,12,22,2,2,-26,-10,-38,-1
,-17,2,0,1,12,-18,14,-2
,18,-4,-1,-8,-6,-9,-19,-4
,-11,17,-8,-7,1,-17,-29,-13
,-17,-23,-7,-7,-27,-101,24,-32
,-1,13,2,2,35,97,28,3
,-2,-15,4,2,-13,1,-26,-3
,8,-6,0,2,18,48,21,19
,7,54,6,-4,-45,10,-34,-5
,-6,-13,0,0,-1,-33,-9,-1
,-5,-65,-4,4,20,-5,-15,-23
,-8,-8,-5,-11,-20,-26,8,-33
,13,41,1,7,-6,20,-3,43
,-10,-4,-3,-6,-12,-44,-38,-15
,-5,21,-2,-5,-28,14,-4,0
,-5,-5,4,3,16,-19,-55,-6
,-2,-6,-4,-2,8,11,23,4
,4,-7,-3,-3,6,13,-31,-18
,2,-11,-4,1,-18,-6,6,15
,-4,9,-6,-9,-22,-8,82,-18
,15,57,10,9,16,3,-22,24
,6,-2,-1,-15,6,-1,-16,-2
,-2,-1,-3,11,27,-15,2,15
,0,7,-3,7,-13,13,-18,-7
,-3,-43,-4,-12,-18,-21,-3,-11
,0,21,4,5,2,-20,6,18
,-7,-2,-4,-11,-23,-69,7,-4
,5,2,6,5,5,78,15,25
,-3,42,-2,2,56,-29,10,-15
,20,6,-4,-5,-5,19,17,12
,-11,-23,-10,-11,-5,49,30,7
,-2,21,-2,0,11,-47,-30,-13
,-5,13,1,-8,-53,-5,5,-8
,-5,-68,-2,6,15,13,36,4
,-3,49,-5,-6,11,-9,-72,-42
,6,0,6,-2,24,-31,-13,-2
,-15,-17,-4,-1,-18,44,11,-5
,6,-3,5,3,-12,-38,29,15
,0,14,-8,0,27,119,3,-11
,5,9,3,-1,-17,-10,-19,12
,-7,-29,-2,6,37,-19,25,5
,-9,-4,1,1,-6,-10,-51,-23
,-1,18,7,5,4,-9,19,-2
,-2,-24,-5,-6,1,-29,-35,-16
,4,-1,-3,-1,-8,-9,26,2
,-7,-39,-1,5,-1,26,-18,-3
,-8,-2,2,-2,-13,-6,-22,1
,6,16,3,7,-15,-44,20,6
,6,-21,-1,0,18,35,6,0
,1,41,-9,-10,-28,-27,-10,-15
,0,-24,2,-1,16,-31,15,7
,2,-19,6,3,-11,76,-11,13
,-14,-19,-1,-4,-20,-11,-44,-11
,9,2,-1,-1,28,-12,3,19
,-1,10,-7,-4,-10,-5,9,-12
,-10,-35,1,-3,-10,-4,32,-16
,4,-13,-11,1,20,-3,-23,-10
,-6,15,4,-7,-20,-21,-4,-6
,-3,-50,1,5,-8,-49,-8,-7
,-5,16,-4,0,23,45,24,9
,3,-5,2,-1,-19,-21,-23,4
,3,-16,-3,-5,-13,68,9,1
,-8,2,-2,-3,-19,-10,10,1
,15,28,2,5,24,-27,4,14
,-5,-5,-5,-12,-26,3,4,-8
,7,13,4,7,21,-30,2,24
,-1,-40,-8,-5,-13,0,35,25
,3,23,-1,-2,5,31,6,3
,0,-9,1,0,-6,2,-2,5
,-5,26,0,0,1,-97,13,-10
,6,17,-2,-9,15,68,40,9
,-2,2,-3,-5,-24,-30,-30,1
,8,20,7,10,15,22,35,6
,-10,-7,0,-1,-18,-15,-10,-5
,5,12,3,-2,-12,19,-15,1
,4,51,-1,1,-16,-60,-9,-1
,6,-35,5,8,16,41,-2,11
,-3,-14,-3,5,18,43,48,8
,9,21,3,5,-4,-54,-45,43
,-2,-34,-2,-8,-26,-7,-3,-5
,-6,10,0,-3,-9,1,41,-15
,0,-2,0,6,33,13,-14,4
,-5,26,-1,-6,-37,-41,-8,-18
,1,-15,4,0,16,63,50,15
,-1,-8,-5,-5,18,-10,15,15
,0,14,-2,-2,-26,30,-22,-15
,-1,-7,8,10,34,46,13,-14
,-15,-40,-10,-10,-13,-27,-30,-9
,-8,10,-5,1,40,24,25,-19
,5,16,1,-4,-26,-33,16,9
,2,-42,3,3,4,4,-26,-6
,1,56,3,3,45,-16,13,-3
,-7,-17,-2,-1,-12,-12,-31,-15
,8,-45,-2,2,-15,-2,40,44
,7,110,-4,-3,17,24,14,-6
,-18,-78,-10,-6,1,-52,-10,-3
,0,-6,3,1,-8,83,-33,9
,-20,7,-8,-1,7,-38,-4,-16
,7,12,4,-1,-13,20,-14,6
,-2,18,5,9,6,-3,-12,4
,7,-3,-3,-2,-18,-28,-2,12
,4,14,0,-7,-9,25,-28,-22
,-13,-24,-1,-1,1,8,-15,-14
,1,38,-1,6,10,-17,-20,-21
,-5,-64,-2,-5,-4,-28,-24,13
,3,15,2,6,17,53,-9,-14
,9,39,1,3,-14,-62,0,-4
,-16,-78,-8,-4,7,38,48,-9
,8,49,4,-3,-14,-21,-7,-1
,-6,-15,-1,-1,-12,19,32,-1
,-2,-6,1,0,-3,-16,-21,-13
,3,29,-1,-1,-31,10,-10,0
,-16,-6,-7,-15,-19,-1,-14,-30
,-4,-28,-5,-1,38,7,2,-2
,-2,-4,10,12,27,23,7,-7
,16,18,-1,5,-17,-39,11,15
,6,27,3,0,-4,10,8,13
,2,24,-5,-10,-33,-39,-45,-1
,3,-9,0,0,45,48,69,24
,-11,-60,0,4,-17,-10,-24,16
,5,54,-1,5,26,-58,3,4
,4,3,4,4,-5,21,17,1
,-5,-47,-6,-8,-6,-20,-30,2
,-6,38,0,-2,-4,9,-14,-9
,-8,1,2,3,-14,-4,4,-8
,-8,-36,-9,-7,-7,-73,-43,4
,7,27,0,0,-7,52,5,-2
,3,-14,3,-1,9,0,17,-10
,2,-31,-5,0,6,14,36,13
,1,24,6,0,-1,-3,-47,-10
,-12,-27,-2,5,22,-6,10,2
,-2,16,-2,-6,-12,-46,-21,1
,9,9,0,1,29,-24,1,-8
,-8,-26,0,2,-20,80,29,3
,5,9,-1,-5,-17,-16,-17,-8
,-10,-19,-3,4,-1,-52,-15,7
,-1,5,-1,-4,-3,45,-12,-5
,-15,-3,-5,-5,3,-42,-32,-33
,3,2,4,7,17,-6,-23,-16
,16,16,3,-2,-22,-8,-6,11
,-3,-28,-4,-2,38,0,-16,1
,9,-19,0,-5,-4,-21,8,33
,-4,14,-7,-3,5,40,4,4
,2,26,4,-4,2,-3,-23,-19
,-13,1,-3,2,-26,-15,13,-11
,13,-3,3,3,30,10,43,13
,-5,-7,-8,-4,-21,-39,76,-7
,-3,-22,-8,2,14,59,-8,26
,-4,35,2,-11,-8,-15,-9,-3
,2,2,5,2,-5,-17,-2,-19
,3,12,-5,-7,-21,-17,-1,21
,-3,12,2,2,-2,-28,24,-13
,-5,-26,-5,2,9,36,12,29
,4,23,0,-6,-20,-69,-19,0
,11,25,7,5,38,42,-13,-11
,-20,-88,-9,-6,-11,-5,22,-4
,1,-2,-4,3,1,-14,7,-7
,-1,22,-1,-2,13,20,-18,0
,-13,-20,-2,-10,-26,-40,-41,-4
,5,12,2,-2,7,12,-31,-21
,5,-38,7,8,-8,4,3,7
,-2,56,-10,-10,-19,37,34,-12
,-5,-36,3,8,14,-17,0,7
,5,17,2,-2,17,45,0,7
,-4,-29,-5,-3,-26,-17,-27,-2
,6,17,-3,2,-15,-9,0,-10
,-1,1,1,1,21,1,3,1
,1,12,1,-3,-14,-53,11,4
,0,41,0,5,13,40,-49,-13
,1,-42,3,10,26,2,52,11
,-9,19,-6,-9,-29,-34,-35,-11
,8,-13,-1,0,16,36,21,3
,5,32,-2,-9,-25,9,17,-11
,-5,-11,4,8,4,47,-44,3
,2,-28,-12,-14,-4,40,13,-22
,-1,-21,3,2,-1,22,40,12
,2,-6,-3,-1,-14,-11,-3,3
,1,62,7,2,16,-12,-23,-6
,-9,-36,2,3,-11,-27,58,14
,7,8,-10,-3,-3,34,-21,-3
,1,-5,-4,-9,-12,-21,43,-1
,-1,-10,2,5,11,-4,8,1
,3,23,5,-3,-11,5,16,12
,8,10,3,2,8,42,-9,13
,-7,-28,1,-4,-8,17,37,8
,-14,-39,-5,-2,12,35,-12,15
,1,-3,-1,6,4,-10,-10,4
,2,13,6,0,-12,-4,-11,-12
,-9,3,-2,3,12,-12,-24,13
,4,-23,-4,-6,-14,-11,-5,-6
,5,8,1,0,-11,-16,38,7
,-20,-47,-1,6,32,5,-23,-17
,4,34,-5,0,-12,-26,6,-15
,-1,-18,-6,-8,5,-47,65,1
,5,-5,-2,1,-17,-15,-50,15
,5,27,1,0,7,25,8,1
,-7,-24,4,6,42,-22,5,-22
,1,18,-5,-5,-6,78,7,-12
,-4,-22,-5,-10,-17,-38,-41,3
,0,-2,5,3,1,5,11,6
,20,37,1,-4,-4,-14,15,0
,-20,-27,-4,3,-10,-30,-36,11
,2,-12,-5,-2,8,-13,-6,-12
,-1,1,-1,-4,-8,-28,-1,-13
,3,1,7,2,5,17,5,15
,4,7,0,0,-15,-21,-7,4
,-9,-19,-4,0,6,39,34,-4
,-11,9,-5,-10,4,-42,-35,-16
,2,-3,0,2,-22,-69,-33,10
,8,13,2,5,15,78,19,2
,-9,-30,-3,0,9,41,6,5
,10,-2,2,-2,-24,-2,-37,9
,-4,7,3,4,12,-36,-40,-15
,1,-13,3,-3,-1,12,-42,-16
,-2,9,-3,-2,-8,-40,-20,-4
,-1,3,-8,-2,-3,64,6,4
,8,20,-1,3,9,-2,-12,-5
,3,-12,5,7,14,-26,3,11
,9,64,6,0,-8,15,-5,15
,-3,-3,-1,-1,1,-24,-10,-5
,-3,-11,-3,-11,-18,18,-7,11
,3,32,-6,-7,-20,25,-37,-6
,-7,-10,4,5,-9,-6,16,-31
,-6,-16,-1,3,16,-22,27,-16
,1,15,-6,-8,-15,26,-16,7
,-5,-18,-6,-6,-16,-39,18,-13
,5,-15,0,-2,-1,4,-23,3
,2,3,-5,-1,-13,-27,11,3
,-13,-33,-4,-4,-14,-16,14,-3
,5,43,0,0,-7,10,-1,-7
,-2,-19,4,6,0,-1,25,-5
,3,20,3,2,21,15,12,12
,7,19,-9,-2,3,-12,-9,-18
,-4,-10,0,-7,1,-30,-33,8
,1,-6,-4,-6,-10,-49,-3,-5
,13,31,10,2,0,74,4,22
,-12,-44,1,6,36,25,0,6
,-6,-9,-4,3,23,-8,38,0
,7,4,2,0,8,-11,12,-5
,4,-11,-4,-6,-11,-23,18,6
,3,3,2,1,8,33,11,-7
,-18,-44,-1,-2,8,-13,-25,-13
,1,34,-8,-6,-15,-19,-49,-23
,-9,-8,-5,0,-17,-69,-14,-9
,3,-4,9,5,4,88,18,6
,3,27,-2,-5,15,37,3,19
,0,-10,1,1,7,65,56,-5
,-13,-46,-15,-2,-8,-25,-19,5
,7,52,2,-1,-13,-26,-8,-8
,-6,-11,5,7,-7,-19,24,-5
,-6,-21,1,-6,15,2,-15,5
,8,82,3,-1,1,25,-13,-8
,-9,-48,-10,-6,-13,-5,-1,-1
,1,7,1,4,28,-33,48,-3
,-4,13,-3,0,2,21,-71,-8
,-7,-26,4,6,5,-7,30,11
,-4,4,3,-2,-22,-12,11,-12
,5,-15,3,-5,1,-19,-45,-11
,3,15,-7,2,-2,-11,2,7
,-5,-18,-1,7,6,-4,-2,2
,-8,-25,-5,-5,4,-24,-13,-35
,2,18,4,6,-1,79,23,6
,5,11,0,-1,22,-35,16,20
,1,-2,-4,-3,-25,14,-12,11
,-1,-8,5,4,25,-31,9,9
,4,17,-2,-1,-16,-56,8,6
,-12,-27,0,-2,-9,30,-21,-4
,5,4,2,3,-7,-14,13,-14
,-6,26,-13,-11,-24,0,33,-5
,1,-37,2,4,23,-6,-1,7
,7,48,4,1,13,4,-13,4
,5,-38,-1,-1,1,1,30,-1
,7,29,8,7,5,-12,-2,10
,-6,-20,-12,-5,-15,-5,-27,-20
,-4,0,-3,-5,-31,2,52,10
,5,-4,5,-1,12,-8,6,4
,3,-10,5,3,9,-31,-57,-11
,4,27,-1,-7,-8,34,12,4
,-5,-33,1,6,-5,-2,9,-13
,-5,44,-3,-7,-7,-80,-58,-18
,-3,-36,0,4,10,107,27,6
,-7,-30,2,3,-20,-20,-5,6
,8,48,-2,-3,7,1,14,-3
,-4,16,-1,-3,5,6,36,-9
,-3,-62,-6,-1,-1,-16,-4,15
,-3,12,1,1,-19,-7,-34,-24
,12,-7,1,-2,7,7,-7,11
,-5,13,-2,1,25,17,25,-24
,4,53,8,8,-1,-10,18,10
,-5,-29,-12,-7,-6,-3,-4,8
,3,-36,0,-6,-23,-25,-20,5
,-3,14,0,-4,7,16,-15,-4
,-8,-20,-4,-4,-5,2,-9,8
,-2,-14,-4,1,-3,-11,10,3
,7,7,0,-1,-3,6,-9,2
,-3,-49,-5,-3,-11,4,-21,-3
,7,65,6,-2,-3,2,15,7
,-2,-38,6,0,1,-50,-8,-10
,-16,-7,-8,-2,4,82,-1,-19
,1,9,-3,-3,8,20,-51,-12
,-6,-12,-2,6,2,-30,-14,-4
,9,19,0,-1,3,5,18,9
,0,7,2,2,-19,-22,16,-5
,-5,-13,5,6,16,5,48,-1
,-4,42,-3,-2,-23,9,-7,3
,-3,-45,-2,2,15,9,-42,-16
,4,-6,-8,1,-2,-2,31,8
,9,33,2,-2,-11,-2,-4,11
,-2,15,2,-6,-6,-25,5,5
,-3,-6,-3,-3,1,47,30,22
,-8,-9,1,2,-4,-46,-12,-6
,9,4,0,0,-3,13,20,18
,6,15,0,-4,8,52,-50,-15
,-16,14,-2,1,7,-26,-13,-6
,-3,-65,-5,-5,-6,-19,1,4
,-10,9,-14,-4,-6,-55,10,-15
,0,-51,1,-1,4,32,26,-6
,13,47,3,-2,-7,-12,1,-13
,-5,41,5,-5,1,11,-67,-13
,-7,-39,1,0,-16,-9,17,5
,5,22,-2,0,1,-9,8,8
,-20,-57,-1,5,-12,-5,-16,-3
,10,17,-3,1,10,-18,36,14
,0,18,-4,-3,-6,15,-24,-10
,1,-22,2,4,8,-46,0,-3
,14,28,1,-3,-6,59,32,14
,-9,-60,-4,-2,-5,-7,-26,-9
,2,7,2,-1,4,16,-8,1
,2,-4,-3,2,16,-7,4,19
,-8,-4,-2,1,-16,-43,7,-11
,6,20,3,-3,-1,0,-22,-1
,-2,1,0,-1,7,16,17,16
,-15,-35,-5,-3,-5,33,18,9
,10,-12,-11,-6,-8,-17,17,31
,0,25,2,-8,-6,11,43,11
,2,-7,-1,-3,-4,5,10,1
,-8,34,1,-1,-10,-77,34,-21
,6,8,7,1,15,45,-10,9
,-2,-3,-5,6,8,3,-10,-3
,3,-8,-4,-5,-9,-50,22,-20
,-8,-35,-4,-6,-14,24,-32,7
,1,48,1,-5,6,-30,2,-13
,0,-23,-2,-3,-17,-10,46,11
,1,17,1,6,1,23,-34,6
,-9,-30,-6,-6,-1,9,0,-2
,1,-39,-4,2,1,4,22,-2
,2,31,5,0,13,8,6,-11
,-7,-1,0,0,-3,-2,5,-2
,4,16,0,1,-7,-47,-36,-12
,-14,0,-6,-3,10,-2,1,-20
,-6,34,3,1,-20,44,-5,-11
,-6,-89,-2,4,31,26,-9,19
,7,65,-3,-1,-10,-77,-33,-13
,-9,-61,7,4,10,29,-7,-13
,2,53,-3,1,-3,-20,-19,-20
,-4,-33,0,2,5,12,23,3
,3,-6,-4,-2,8,35,1,11
,4,46,2,1,-2,-26,13,3
,-11,-48,-6,0,1,13,1,-5
,0,30,0,-6,-17,18,10,-15
,0,14,1,1,10,11,27,6
,7,-4,-4,-5,-15,-33,-61,-28
,-2,-3,1,7,19,29,-59,27
,-3,-1,-1,-2,-16,-8,-16,-5
,5,-12,1,-2,-1,8,-3,-2
,-8,38,-2,6,10,-13,-1,-13
,9,20,5,0,0,-38,-13,6
,-3,-43,-4,-2,10,92,14,2
,3,16,-4,-1,-3,9,-25,-8
,4,-15,4,-2,-9,-42,38,15
,-3,10,-5,-2,-3,-3,9,-7
,4,26,6,5,15,-18,-15,-2
,-1,-43,-8,-6,-19,-2,-15,7
,-6,25,2,0,10,9,-5,-1
,2,-36,2,3,5,-14,-6,-3
,-1,20,-6,-9,-19,-29,-5,-12
,0,19,7,6,9,28,-5,-19
,-4,-17,-6,-9,3,14,-18,9
,-1,19,2,5,8,-1,34,11
,-2,-32,2,1,-2,-15,9,-4
,-9,6,-5,-1,13,-4,17,7
,9,-8,0,-2,-8,23,13,9
,-4,-11,-1,-3,-7,5,-9,-9
,-2,11,3,1,-4,-37,-12,5
,-3,-2,-7,-4,-2,11,1,0
,9,17,4,1,-14,-6,-6,6
,-5,-21,-5,-7,-13,-24,-32,-11
,-6,2,2,6,12,9,2,0
,4,1,2,1,-7,-30,5,12
,-2,24,-5,-1,5,48,-1,-4
,6,-30,-1,-4,-17,-66,20,-2
,3,16,-2,5,7,103,-42,0
,4,13,3,2,11,17,8,-6
,-1,-29,-2,-2,-19,-18,-17,-5
,-5,23,-4,-3,3,-19,2,-10
,3,-4,0,1,12,-26,-35,-6
,2,30,7,0,-8,13,8,-4
,-5,-58,-7,-5,-1,13,7,2
,10,12,2,9,2,13,5,18
,1,6,-4,-9,-15,-41,22,-3
,-12,-36,4,-1,-11,11,32,3
,5,60,2,3,-2,-13,31,1
,2,-3,1,-1,26,18,-12,0
,2,-29,-10,-2,-17,-34,8,8
,11,8,3,-3,-15,46,-2,9
,0,-31,1,5,44,-29,-17,-7
,-9,12,-3,-7,-18,47,21,-1
,20,92,9,-4,-3,3,30,7
,-30,-108,-11,-2,10,-15,-22,-12
,6,28,2,1,-8,-12,16,6
,-3,11,2,-3,-5,15,2,-8
,1,-13,-1,5,8,-8,-26,6
,10,45,-3,-4,2,-13,25,-17
,-19,0,5,1,1,14,18,-4
,2,-27,2,7,28,4,10,14
,-5,-14,0,3,-14,-16,-18,4
,-16,-10,-6,-6,2,-14,-30,-2
,16,5,0,-2,4,17,0,14
,-7,14,-7,-6,-26,-19,-15,-18
,-5,4,3,3,2,-9,27,-11
,4,0,6,2,-2,27,9,7
,-1,-17,-13,-6,4,-28,-8,2
,-8,-12,-2,-4,-15,-7,-36,-8
,-6,-24,-1,-5,-4,19,20,12
,12,75,5,9,9,-35,16,-1
,-10,-40,-2,-12,-32,22,-4,15
,11,50,1,0,21,-1,-13,-7
,-19,-76,-5,5,6,12,-31,7
,6,36,-1,-9,14,-8,12,-9
,5,29,5,4,-13,-16,-43,-2
,-10,-36,-3,1,-2,0,44,-4
,-4,22,4,1,27,-3,7,-3
,1,-53,-1,2,-31,-42,-18,-8
,2,18,-4,-3,-6,18,-26,8
,1,0,1,8,20,17,56,9
,3,14,3,-3,-15,-5,-41,-8
,6,-33,0,3,20,-11,12,13
,-14,-9,-7,-2,1,-10,-14,-24
,-4,-13,6,3,-9,-22,8,6
,8,17,-6,-7,-14,-13,24,13
,8,64,-1,-4,-6,38,-24,5
,-4,-32,1,3,4,-38,43,-1
,-4,-9,-7,-10,-21,-11,-38,-2
,3,-5,5,0,23,20,-7,0
,-17,-11,-7,-1,-7,18,-1,-8
,14,27,6,4,-8,-4,-21,17
,-10,-14,-5,-1,11,-20,8,-6
,4,14,-4,-4,-9,6,34,-10
,9,-7,0,1,0,-5,-35,15
,-5,19,2,-3,-4,-9,22,-13
,-4,-39,-3,1,8,17,-15,-4
,-2,35,-2,-4,-9,-10,-11,-21
,-2,-19,3,9,7,-41,12,2
,8,17,-2,-1,11,36,8,-8
,1,30,10,5,4,-3,-77,5
,-11,-29,-16,-10,-19,10,-23,-10
,3,-10,-3,-3,-3,-14,31,-4
,-21,-48,-1,-6,-16,-19,8,-11
,13,47,0,-4,0,51,47,12
,1,36,8,8,18,-32,-29,-3
,-7,-47,-3,0,-7,3,-50,-7
,-3,20,-5,0,-15,2,0,-2
,-1,-30,-3,-1,9,9,-2,-8
,2,20,2,-1,-4,-13,55,11
,1,-7,-1,-5,-1,4,-43,-11
,-5,-22,-1,4,1,2,-14,6
,-2,7,-6,-3,-3,-1,-31,-3
,-1,-6,2,2,2,22,60,-2
,-5,-4,-1,-2,-1,-46,6,6
,10,19,1,-2,-21,-21,17,-3
,-3,5,1,2,25,21,12,-19
,-1,13,1,2,0,7,-36,1
,-9,-31,-2,1,5,23,-4,0
,-8,31,-4,1,1,-45,11,-4
,8,20,1,-1,-25,-36,1,-3
,-1,-36,-1,3,9,28,15,11
,3,16,-3,-3,-5,13,36,16
,-1,-46,0,2,20,18,-21,-3
,-2,19,-3,-8,-18,-20,8,-7
,-6,-8,4,2,2,-12,-26,1
,7,-11,-7,2,-3,11,10,-11
,2,-5,0,-2,0,13,10,7
,5,24,4,3,4,-1,-1,2
,-5,-5,3,0,-3,3,-18,-10
,-2,-4,-3,-4,-8,-11,-64,-6
,8,52,5,0,2,10,-1,13
,-7,-47,-6,-5,19,-1,-18,2
,2,5,0,-3,-19,-25,-20,-1
,-1,11,1,8,22,32,37,3
,5,-4,-1,-1,4,10,-1,4
,2,14,2,-7,-34,-17,16,13
,0,-30,-8,-5,-10,-14,-26,15
,2,42,-2,-5,0,52,55,5
,3,-19,5,-2,-8,1,-27,1
,-7,-22,1,11,19,16,-8,-4
,7,-15,-8,-3,10,6,22,-5
,3,43,6,-3,-5,-59,-5,2
,-6,-2,0,2,-2,68,43,8
,-1,-13,-2,2,3,10,29,18
,-6,-30,-3,1,4,-25,-45,-4
,-5,20,2,6,0,8,6,-7
,-1,-13,2,-1,23,-12,-18,-11
,-4,1,-4,-3,-12,-21,-27,-12
,-6,0,0,-1,4,0,0,0
,2,19,-4,-9,-11,12,52,-14
,10,28,-2,-3,7,-10,-59,15
,-1,-26,2,-1,-7,2,8,-6
,1,-3,-2,-4,1,5,10,2
,0,-12,3,2,-2,-16,-30,-14
,-14,-8,-7,-5,-20,-46,28,-5
,2,8,0,0,-7,43,17,-3
,5,17,-4,4,2,4,0,16
,-9,-1,-1,-4,8,29,-48,-5
,5,44,1,2,6,-1,-25,-14
,-22,-95,-10,-7,-18,-12,-7,-8
,-3,33,3,0,0,5,-7,-4
,7,-19,-2,-1,7,13,72,6
,0,-5,-4,0,4,-8,1,2
,5,23,5,2,4,-8,-24,5
,-4,23,0,-6,-6,20,24,1
,-5,-48,-3,-2,-5,-32,4,-2
,7,31,3,-2,-9,-2,6,-2
,6,22,-6,0,6,-10,-26,-8
,-5,-59,2,0,-4,1,11,-2
,-1,26,0,-5,-19,-8,11,2
,-16,-42,-7,5,1,-2,-18,-25
,-1,12,1,-3,-1,0,-4,-15
,1,19,0,1,-9,-10,-8,-4
,-14,-20,-3,-2,4,23,-6,-12
,1,-34,-3,0,7,9,27,24
,-1,11,-3,4,4,-6,23,3
,12,41,0,1,-7,-32,-17,12
,-8,-7,1,1,-10,0,17,7
,0,35,-5,-8,-11,36,62,-18
,0,-30,-2,4,21,-12,-27,17
,5,6,2,-8,-20,7,7,10
,7,-17,-2,0,13,-19,-31,15
,2,9,3,1,-4,2,27,3
,0,9,1,-2,-12,5,-1,-8
,-4,-19,-2,3,15,0,1,-15
,2,9,1,-3,-11,7,-15,15
,0,-26,-1,0,12,-17,-7,-3
,1,25,-3,-1,-4,24,29,9
,-2,-18,2,1,17,-27,21,-28
,4,34,-7,-5,-25,-79,-65,6
,-2,-4,2,9,44,72,6,7
,0,7,5,-7,-10,19,5,-10
,-7,-44,-8,4,7,16,18,-2
,10,-12,11,0,9,10,19,-2
,-8,9,-7,-9,-29,-31,-17,-21
,0,17,0,3,34,-7,10,36
,4,20,5,-5,-17,-16,-4,3
,-2,-6,-3,5,22,60,7,-10
,4,8,6,3,-4,-27,-14,-3
,2,-15,-1,0,-7,8,-9,-5
,-7,-13,-4,-3,-15,-10,-30,-19
,2,43,4,4,3,2,19,11
,0,-28,4,3,4,6,-19,-9
,3,3,-2,2,-14,-30,-15,5
,1,-7,-5,-1,2,-18,31,0
,-8,11,1,1,22,55,-15,7
,-2,-4,-1,-2,-1,-44,11,-7
,6,-26,0,-1,-15,-31,-35,20
,-6,19,-4,-9,-11,19,-34,-14
,4,-22,4,5,15,-53,5,-13
,-2,4,-5,0,-18,44,11,1
,1,33,7,1,17,-21,-10,7
,-1,-30,-2,-7,-17,8,54,4
,-3,25,-4,2,0,6,9,10
,-2,-26,5,-10,-16,13,-19,8
,-18,-51,-14,-7,-7,10,9,-40
,4,53,3,8,21,-19,-58,-8
,-5,-39,-1,0,-17,-3,-19,-21
,-5,18,-3,2,5,36,3,2
,8,11,1,2,-2,15,32,6
,6,11,4,-12,-17,-32,0,21
,-4,-18,-4,2,-3,34,24,25
,-8,6,-1,4,0,-31,-21,-21
,2,-10,1,3,24,1,-33,-6
,-5,-4,-2,4,2,36,36,3
,2,8,-2,-9,-19,-83,-22,-2
,0,-1,-1,-5,-3,16,-1,-2
,-10,-29,-9,-4,-7,6,-12,5
,16,71,-2,9,11,60,-12,-5
,-2,-18,1,-2,-2,-4,-15,-13
,0,-10,-2,-5,-26,-19,23,3
,-9,-35,2,2,25,-17,56,5
,3,12,-3,-5,-5,-2,-25,6
,-1,18,-3,0,3,79,61,1
,-1,-16,1,0,-12,-121,-13,5
,2,-6,-1,3,7,98,1,14
,-2,19,-5,-7,-3,-12,-11,2
,2,-51,5,4,-15,-25,-22,-8
,3,2,-7,-4,4,-41,10,3
,-7,31,4,-1,-4,16,34,-28
,0,9,-5,-1,-43,-80,-31,-2
,5,-8,-1,5,80,102,12,26
,0,0,-1,-5,0,-34,-5,-4
,12,46,-1,0,0,93,-4,-7
,-12,-34,-5,-6,-7,-3,29,-4
,-9,-18,-3,-5,-21,-44,3,-18
,7,13,1,-1,12,32,-8,5
,4,55,7,3,6,-75,-26,1
,-4,-100,-8,-2,9,-6,6,5
,-1,26,-3,-7,-15,6,-6,-3
,-16,-4,2,6,14,27,6,-10
,20,15,0,-8,-42,-44,45,14
,-3,-1,6,5,27,21,-12,-14
,-4,-17,-6,-1,-20,-89,-1,-1
,11,14,-3,1,43,121,16,14
,-10,-3,2,-3,-21,-72,-4,-13
,1,-10,3,3,6,0,-13,2
,7,16,-6,0,0,7,27,16
,4,63,3,-5,-19,45,-7,15
,-19,-89,-10,-1,21,-8,-15,1
,6,29,5,2,18,34,-19,11
,-4,-6,-7,-5,-21,-3,-28,-15
,7,8,1,-5,-20,-98,-16,-6
,0,4,1,-1,0,-5,16,-11
,-1,20,1,-3,-23,15,-11,-5
,-8,-55,-4,-1,14,-54,6,9
,-1,-28,0,4,-8,36,-34,-23
,7,12,0,4,33,-53,6,9
,0,63,3,1,7,40,50,-5
,9,28,4,1,-12,-21,52,-6
,-12,-30,-19,-9,-8,-15,-34,1
,3,3,8,2,1,33,-20,6
,-7,-11,0,-1,-17,-93,-11,-8
,4,-1,6,6,-4,65,-41,15
,11,22,0,-1,-7,-15,31,10
,-2,20,-1,-2,-3,-60,-72,-12
,-3,-63,-5,4,3,72,23,18
,-15,6,1,0,30,7,35,-15
,6,32,6,3,8,-7,-11,-4
,-6,-73,-5,-6,-51,-19,10,-3
,-8,-5,0,3,22,-25,-22,-13
,9,17,2,0,9,25,0,8
,1,-17,-3,-2,-11,-2,-18,1
,9,-16,-1,-1,21,-38,36,32
,-10,33,0,3,-8,31,3,-5
,-6,-34,-1,-6,-4,88,-8,-7
,6,17,5,7,16,-52,-21,18
,-14,-9,-10,-14,-38,-15,-87,-24
,8,45,5,5,3,-14,-4,12
,0,-43,-5,-3,-7,-123,6,0
,-6,9,0,2,25,127,58,2
,-9,-38,4,6,-5,49,7,-7
,11,0,-7,-10,1,-29,44,11
,7,61,7,1,5,-6,-27,-5
,-1,-25,-3,-3,-23,-60,5,-2
,7,34,-3,-1,19,33,14,-5
,-5,-28,4,7,7,16,13,9
,-5,-12,-3,-5,-33,-30,-6,-9
,-10,-2,0,3,34,90,-19,-4
,7,2,-3,-6,-35,-24,61,-3
,-10,-42,-8,0,18,-4,-19,-13
,-4,-20,-1,-1,-3,48,33,4
,-8,-10,-1,-5,-11,-21,-33,8
,1,15,2,3,21,-78,3,3
,9,-5,-14,-10,-24,84,40,12
,-7,4,7,7,36,-6,-2,-5
,0,-20,-1,-4,-41,-98,12,9
,-12,45,-2,-3,-1,-21,-19,-15
,-2,-4,1,-4,12,3,25,-14
,-6,15,-8,0,-7,1,-62,-6
,7,5,4,-2,15,39,-7,-23
,6,-5,3,-4,-29,7,-4,-2
,-15,9,-10,3,-14,-10,-33,-13
,6,19,-1,2,14,8,40,3
,-15,-10,-6,-4,-6,-36,-48,-45
,3,17,2,-1,0,38,8,8
,4,-32,-10,-7,-11,-13,-15,25
,6,2,0,-3,-10,-14,-47,-5
,-2,-15,3,1,-7,-87,5,-8
,-2,22,-9,-1,37,127,14,-7
,7,22,11,1,3,-62,0,-3
,-3,-1,-6,-5,0,-6,-17,33
,-8,-55,0,8,2,-81,42,13
,-9,-1,-5,-3,-12,4,5,3
,10,-5,3,-5,7,-23,19,6
,11,25,3,3,-15,50,2,-11
,-8,16,0,-4,-7,-12,-17,-3
,-4,-58,0,3,14,24,27,-1
,-2,41,1,-4,-25,8,-40,-28
,-6,9,3,1,25,48,-3,-10
,-2,14,-2,-9,-12,21,-8,-7
,-7,-44,-5,2,11,-28,5,-6
,3,3,3,5,9,-14,22,4
,0,11,0,-3,-9,-58,-13,13
,-4,-10,-5,1,-5,16,-15,-1
,-7,20,0,1,3,51,-65,-13
,6,-10,-1,0,-2,4,-28,-6
,-11,-9,-5,-3,-12,-46,18,-5
,-1,-11,0,3,3,-8,19,14
,6,37,2,-1,-3,10,-25,3
,-2,-17,3,-2,-7,50,9,1
,-14,-49,-6,-5,-3,-41,-31,-26
,7,55,-2,3,25,66,6,2
,2,26,2,-4,-6,-29,13,20
,2,-70,1,-2,-4,-17,-21,-5
,3,20,-1,-1,-4,36,39,4
,-1,5,5,5,7,-15,13,-15
,10,-21,-1,-1,-21,-32,-31,0
,-7,-16,-8,-5,23,8,-5,4
,9,25,0,-3,-21,-104,-7,10
,7,1,-6,-2,5,91,-7,4
,-5,-24,0,4,-1,-16,3,0
,7,19,2,5,16,81,25,9
,-3,6,-3,-3,-18,71,6,-11
,-8,-36,-5,-8,4,-40,45,40
,2,-17,-7,-4,10,-2,15,-3
,6,16,6,7,-6,-45,11,10
,-8,-23,-8,-5,6,21,-7,-2
,2,39,0,-3,-11,19,18,1
,3,-3,1,7,25,-11,11,-1
,-5,13,-2,-3,-10,-2,78,9
,5,18,-3,-7,-19,-1,-50,-7
,5,-18,3,4,3,-49,-47,2
,-3,19,-3,-1,-12,-27,12,-22
,-9,-22,8,5,13,-46,-19,19
,6,36,2,-1,8,65,-3,-1
,-1,-28,-9,-5,-14,-2,-29,-2
,-1,16,2,-2,3,10,14,10
,-7,8,-2,-5,-14,-17,-29,-30
,-7,-43,0,0,1,-26,16,-3
,11,49,1,1,2,20,-26,-5
,-13,-48,-2,-6,-10,6,23,-3
,3,0,-4,-8,-16,3,-38,14
,2,9,4,13,17,-19,7,2
,-2,-5,-2,-5,-9,-78,52,-11
,5,-3,6,6,-1,52,-30,6
,1,44,-8,-3,-14,-15,6,-6
,-3,-28,-5,-5,20,-11,-9,-4
,5,-19,5,-1,4,-43,6,6
,-1,15,-2,2,-2,58,5,10
,-16,-9,1,3,26,-7,10,-13
,11,11,12,2,-10,5,-8,-2
,-9,-17,-16,-5,0,20,64,6
,8,17,0,-1,6,-19,-28,15
,2,2,1,0,0,20,-16,3
,-18,-30,0,0,-15,-24,-2,-8
,-14,35,1,-5,30,50,-37,-30
,2,-13,-2,-3,-5,-74,-14,1
,4,3,-2,1,5,31,-19,-6
,6,-15,3,2,1,4,-38,19
,-9,23,5,3,-8,-15,-4,-5
,4,-10,-4,-5,-14,-15,3,-12
,1,20,-1,-2,-16,-27,-31,-6
,-4,-20,-2,-1,2,5,41,-6
,-6,8,2,1,-12,28,-10,11
,13,44,3,5,13,-9,-18,6
,-2,-17,2,0,-7,-44,-16,1
,4,12,-7,-2,8,9,7,-17
,-10,-23,2,4,-23,19,-8,4
,8,29,-2,-6,7,-37,36,-2
,-1,-31,-1,5,6,18,20,23
,5,63,6,5,-3,-33,8,3
,3,-63,-6,1,-4,-5,-1,2
,-10,-1,-6,-8,-11,39,11,-1
,2,-6,2,-1,9,-2,3,-21
,-7,-19,-5,-9,3,34,-7,13
,11,12,2,10,-9,-15,17,14
,-3,0,-5,-3,-13,-81,-11,4
,-2,-3,5,-3,-10,85,4,-7
,-1,-28,-5,2,5,-8,14,0
,-1,0,-1,-3,5,13,-25,-2
,-1,-6,-3,-5,-24,-17,-28,5
,-6,16,0,0,-2,-21,-31,-18
,-5,-10,-6,-3,-12,-10,28,4
,8,16,3,5,31,40,10,-3
,-2,2,3,2,-7,6,11,-1
,5,-49,-3,-6,-3,-2,39,11
,-3,15,-3,-3,-7,29,24,3
,-7,-46,-3,-4,-5,-50,0,-11
,10,63,4,5,6,61,-39,1
,-5,-24,-2,-6,10,-33,39,8
,-17,-18,-6,1,15,11,-33,-21
,-2,-16,5,0,-21,-87,-11,-9
,-4,-9,-5,1,13,90,10,-13
,5,27,1,-7,-12,-17,-22,-1
,-11,-22,-8,-6,-15,-12,13,-6
,1,42,-2,7,12,9,-5,0
,-13,-14,5,-4,-8,-26,-25,-24
,-2,4,0,3,0,-27,-5,7
,5,0,5,0,0,-5,-5,11
,5,7,-5,-10,-14,59,-30,-25
,-9,-33,0,7,12,-6,22,-3
,-7,31,-8,-7,-14,25,5,-6
,4,13,5,1,-9,-52,-38,-15
,-9,-39,-2,-4,8,27,29,2
,6,35,-4,-5,11,17,39,5
,-9,-32,0,-3,-3,-50,-21,-5
,10,10,2,4,3,88,2,10
,14,42,-1,-3,-9,2,12,15
,-9,-13,1,0,13,-33,-31,-12
,-7,-12,0,2,-5,4,-5,-5
,-3,-1,-5,-3,-3,-14,-19,-2
,6,27,0,-1,3,8,36,2
,0,-34,-3,-2,6,12,7,11
,10,22,-4,-1,-7,1,12,9
,-13,-13,1,-6,-15,-9,11,-8
,2,-16,4,6,22,20,4,13
,0,25,1,0,3,-23,-7,-5
,-8,-34,-2,6,7,-26,36,-5
,8,-8,-10,-7,-9,24,-9,-7
,-6,1,2,-7,-7,17,-8,-4
,-1,-40,0,5,6,11,11,23
,20,92,5,-3,-20,-8,10,2
,-33,-82,-10,-2,-4,-60,-36,-20
,5,18,0,1,12,17,8,7
,8,-3,3,1,-17,5,20,-1
,1,4,-2,1,16,3,-40,-7
,14,10,2,-4,-8,-26,19,14
,-9,-2,-2,0,-4,-20,-27,-9
,-1,12,4,0,-21,-51,-3,-3
,5,35,-5,-1,17,91,-41,-17
,-17,-26,2,-6,14,3,14,-5
,-2,-5,-8,-9,-20,-19,-63,-14
,1,-14,2,3,-3,-8,4,11
,-3,27,-2,-1,-9,-1,13,3
,17,22,4,5,8,17,-48,8
,-5,-31,-3,3,-4,-1,36,-6
,-2,14,-5,-4,-2,-7,18,-7
,-6,-30,4,5,-3,-69,1,0
,15,37,0,-2,-2,33,25,8
,6,20,4,-4,5,-20,13,17
,-11,-45,-4,-2,6,23,0,-7
,4,-6,3,6,8,-37,32,11
,4,-4,0,2,-5,5,-25,3
,-8,4,-9,0,1,15,-14,-12
,-3,-13,-1,-3,-3,9,-5,3
,-5,-6,-4,-9,-5,7,-5,-7
,0,15,5,3,-2,-25,21,-1
,10,1,3,0,-10,-25,-49,-4
,-14,-37,-7,0,5,28,12,-17
,8,-19,1,-2,4,10,-27,29
,5,26,-3,-1,-3,-26,0,13
,4,-1,3,2,2,-18,21,0
,-13,-4,-7,-13,-25,-78,11,-9
,4,26,1,5,9,66,-5,-7
,-3,-35,2,3,13,-1,29,2
,-5,19,-6,-2,-5,-7,7,4
,-5,20,-1,-7,-15,-26,-46,-8
,10,-11,0,5,23,41,24,14
,3,16,7,6,8,-12,23,6
,-2,19,0,-2,-4,1,-5,-2
,-6,8,-5,-3,-2,-1,-37,-13
,-5,-39,-2,3,3,-48,-2,-5
,-3,27,-2,0,2,55,-16,-7
,-3,-20,-1,-4,3,-3,8,-6
,14,81,-1,2,20,38,18,13
,-7,-42,-1,-4,-16,-16,-11,-10
,0,5,0,0,-6,-22,-6,-10
,3,-3,-6,-2,5,12,22,18
,3,-1,5,-3,-9,11,-13,-1
,-10,0,-5,1,9,-8,-6,-4
,4,-3,3,0,7,7,-1,-13
,-18,-14,-11,-9,-7,-19,-15,-6
,2,9,1,5,10,14,8,-5
,-14,-25,-5,-3,-19,-24,25,-11
,7,13,2,3,-2,-3,-22,-1
,-1,8,3,2,2,23,14,2
,2,-18,1,-1,-19,-15,42,0
,2,26,-4,-4,12,5,-28,15
,-8,-19,0,0,-6,0,4,-4
,9,-1,4,2,0,12,1,-4
,5,-2,-1,-1,-15,-6,6,-1
,-7,-12,0,-1,7,7,14,-6
,0,21,-4,-4,-6,1,5,9
,-4,-33,0,5,14,-50,-7,2
,4,11,-3,-3,8,70,-19,-14
,2,-9,4,3,-5,5,-4,6
,-1,5,-1,-6,-12,-1,19,-3
,3,-6,5,2,13,1,-33,17
,4,8,3,9,14,-12,26,8
,-7,-23,-7,-8,2,-32,-12,-18
,7,20,-1,3,6,72,27,0
,-2,-23,-1,-5,-15,-4,-37,7
,-1,-8,-3,-1,-3,24,0,10
,-8,-23,2,1,-4,4,-10,-3
,-8,-33,-10,-7,-1,-36,-3,-12
,11,35,5,4,11,-11,-37,-19
,-6,8,-4,-5,-12,-1,-8,13
,0,1,8,0,5,11,-3,-7
,8,6,-2,1,6,-45,13,13
,-8,-19,-12,-4,-5,30,33,5
,0,-6,5,0,7,-12,14,3
,9,57,-6,-6,-13,-6,-39,2
,-13,-28,2,-2,-6,-25,-15,-4
,-2,3,-3,-1,5,29,32,-3
,-3,-25,1,5,-3,-80,-9,-3
,2,21,-1,0,0,78,17,5
,8,-24,-5,0,-6,-31,30,4
,-7,-1,2,-2,-5,-32,-48,-7
,-3,-7,-2,-4,3,57,-3,-13
,-7,16,1,4,-2,-30,-12,-13
,-5,-27,4,-4,5,10,-3,-12
,1,11,-9,-3,-7,28,14,1
,2,1,0,-4,6,-21,-1,-1
,1,31,0,3,-9,-24,-7,-7
,-5,-41,0,1,2,2,-7,12
,3,5,-4,-7,-17,11,50,-4
,11,57,3,4,6,-12,-40,29
,-10,-37,-4,-3,-21,3,12,0
,2,31,8,4,12,8,-13,-7
,1,-11,5,-1,-6,-2,-2,-5
,-5,-31,-9,-3,-13,-8,-2,-13
,-4,-14,-5,-4,3,-3,12,3
,4,47,-5,-3,-3,21,-15,-18
,-8,14,3,1,-14,-56,15,-1
,-3,-50,1,10,52,62,9,3
,-4,-13,-1,2,-7,-29,-33,13
,-1,32,-8,-8,-11,16,7,-21
,7,20,0,2,22,-7,-23,31
,-13,-29,3,-2,-6,-32,34,-12
,8,-14,-2,-3,-1,33,48,4
,-7,11,-4,-1,-10,-42,-12,0
,4,27,-1,-1,4,46,29,1
,4,-10,-4,-3,-24,-21,-20,19
,7,8,0,-5,0,12,28,3
,7,25,1,3,13,-10,18,3
,3,-30,3,4,-17,-4,-11,-6
,-14,-18,-7,-10,-4,45,11,-10
,-12,28,1,-1,-9,-13,-2,-15
,16,-41,0,5,2,-70,-6,19
,-2,5,-6,-3,6,38,-22,-5
,5,45,5,2,-12,10,-1,0
,9,-19,0,2,8,-42,-46,-12
,-12,37,1,3,9,23,46,20
,0,-24,0,-2,-6,5,-13,-14
,1,14,-7,-8,-28,-42,-82,-31
,-11,-10,-1,0,7,2,14,-2
,-6,-5,-2,-3,-4,23,-11,-7
,11,8,6,5,12,0,10,-2
,-8,-11,0,4,8,24,29,7
,-1,-8,-6,-9,-8,-18,5,-6
,-3,18,3,-1,-2,1,-33,2
,-11,-36,-3,3,-1,6,34,6
,18,20,-1,-2,2,-16,-19,11
,6,29,0,-5,2,1,-5,-3
,-2,-7,1,-4,10,19,-3,8
,-17,-7,-1,2,10,-16,9,-8
,-6,-37,-5,1,5,-13,-14,-6
,-8,-8,-4,-2,-15,13,1,3
,13,20,2,2,2,29,12,8
,-9,-46,4,0,6,2,-8,9
,8,67,2,0,-11,-86,-19,7
,-7,-63,-7,2,13,60,1,6
,-1,-34,-4,-3,-18,-3,2,-6
,-3,33,1,0,15,23,5,8
,0,-7,-2,-5,-20,6,41,3
,15,26,7,5,23,13,23,7
,-5,12,-1,4,15,-3,-34,-18
,2,4,-6,-5,-17,-18,29,6
,0,0,8,-1,5,0,-11,2
,0,17,0,6,0,-8,-6,-9
,-14,-47,-4,0,-8,4,4,-10
,3,8,-1,-5,-5,-17,-18,-12
,-2,23,-6,-7,4,24,7,-15
,-4,-11,4,-4,-3,-21,-21,7
,-5,14,-3,2,-3,-14,-17,-3
,13,14,2,-7,-22,-14,2,-6
,-6,-22,0,-3,14,7,-55,-2
,-1,-1,-3,3,8,41,26,-2
,-10,-45,-11,-4,-5,-3,0,-7
,-6,-20,0,-3,-2,3,0,-13
,6,13,0,4,-12,-9,27,3
,4,9,-1,-1,17,-15,8,2
,-7,-5,3,-2,4,-19,-5,5
,-8,-18,-6,-5,-13,9,8,-14
,4,-17,2,0,-11,23,8,-1
,-13,-8,-5,-3,-20,-29,-4,-5
,4,26,-1,-4,5,24,7,5
,3,0,3,9,-2,-41,-28,-15
,-3,19,1,-3,6,-15,-3,-2
,4,-30,1,1,2,50,-21,6
,5,20,2,-1,-14,-25,-12,-7
,-7,6,-3,-3,-3,-4,19,-7
,2,20,1,0,14,24,22,12
,5,-14,2,-1,-33,-21,-8,-8
,0,4,0,0,13,-3,26,-4
,-7,-21,-3,7,-2,-10,-27,-5
,12,32,-6,-2,-5,-8,4,-9
,3,-5,0,4,15,-9,13,31
,-3,-1,2,-8,-11,19,-8,-7
,0,-9,-3,3,-3,-27,-5,-10
,-9,-40,-1,2,13,17,31,-13
,-1,16,-10,-6,-11,-29,-65,-17
,7,33,7,5,21,25,-46,6
,-2,-21,-8,-8,-6,-19,15,0
,0,-28,-3,0,-6,-30,23,6
,5,41,3,4,11,48,20,-2
,-2,-10,2,-3,-30,-44,0,1
,1,14,2,5,14,20,0,11
,-7,-52,-7,0,3,21,31,6
,-3,54,3,3,1,-16,12,1
,2,-50,-5,-2,-9,-50,37,8
,-2,50,2,-3,8,60,-41,5
,-2,-10,-1,-6,-6,-10,12,-2
,-3,1,0,-9,-20,-20,17,-5
,5,5,-1,3,-1,-1,16,23
,4,-31,-1,3,23,-48,3,26
,2,15,-4,4,-1,38,-11,8
,4,36,6,-2,1,-23,-18,-6
,-1,-37,-3,-1,-18,40,57,-3
,-4,-5,-4,-1,-9,-20,-1,5
,-2,10,3,3,24,17,-15,-9
,5,-27,-6,-1,-34,-5,41,23
,2,5,1,3,26,7,-25,-4
,-4,-19,-3,-9,-4,4,-18,-4
,-4,38,3,8,-4,-21,-7,-12
,0,-39,-2,0,-9,18,10,-10
,-5,20,-6,-4,4,8,-39,-7
,8,29,0,-1,2,12,4,5
,-3,-38,-4,-5,-14,-22,9,6
,-2,0,-3,-4,4,12,5,0
,1,-19,5,5,17,2,22,-2
,4,48,-1,0,3,17,-4,-4
,-12,-20,-3,-2,-19,-104,19,-5
,-7,-20,1,7,22,89,2,-5
,-7,7,-3,1,-2,9,-20,-9
,4,-3,2,-4,-7,-1,13,-7
,1,4,-1,-1,3,18,14,-7
,-4,-3,-11,-7,6,-51,-9,-2
,2,37,3,3,0,7,-13,4
,-4,-38,-6,-2,-8,2,8,-1
,-1,4,0,-1,6,23,-12,-9
,1,-9,11,4,2,-24,-9,-3
,-13,-6,-3,-4,-6,11,-23,-8
,4,7,2,1,-5,-6,25,6
,2,-1,-1,-5,1,-13,-11,-9
,-5,-7,-1,-3,-10,19,-1,1
,7,-1,-2,0,-14,-25,13,8
,-12,20,0,-4,-23,10,-9,-4
,3,1,1,5,26,3,-62,-7
,-2,11,2,0,17,-41,17,11
,3,4,-2,-7,-16,33,5,-5
,7,-31,2,1,-4,-26,15,3
,-5,17,0,-3,-4,16,3,19
,-10,7,-5,-2,-8,-31,-20,-4
,-4,-23,-3,2,7,16,-14,1
,5,3,2,0,3,-1,-1,8
,10,8,-2,5,11,10,71,21
,3,-21,-3,-6,10,-9,-7,-12
,4,13,3,-1,-5,-28,-17,5
,-12,-11,3,1,16,32,-27,-9
,0,13,-6,-5,-10,26,9,-3
,5,-32,-1,6,4,-11,5,6
,-3,6,0,-5,-12,-1,7,-13
,12,49,5,1,10,-12,-10,13
,-13,-17,0,-2,-19,-38,-12,-18
,2,39,-3,2,2,41,6,-13
,-2,-19,-1,-3,12,-14,-36,-2
,-4,-8,-4,0,-1,18,16,12
,2,-14,-2,-4,-15,-1,6,2
,5,20,0,2,4,-7,5,2
,-6,-27,-2,4,9,22,11,-7
,-3,-18,-8,-2,0,2,19,-6
,8,6,1,-3,1,14,-30,7
,-3,-23,0,-3,-7,-18,29,0
,-4,31,-4,-3,3,9,16,18
,-10,-22,-1,1,-9,3,8,-9
,21,48,11,2,20,-19,-21,32
,-3,-6,-3,-3,-12,20,17,-7
,-1,-15,1,1,5,-19,11,8
,2,7,-4,-5,-7,-33,16,-5
,-5,-15,-6,-5,-8,80,68,13
,0,1,-1,2,0,-7,-18,-1
,-4,13,-4,-8,-20,1,-2,0
,-4,-35,0,-1,9,-7,3,0
,-7,10,0,2,-3,-16,-13,-18
,2,6,3,-1,9,-23,-40,2
,6,30,-4,-7,-10,20,27,2
,-1,-14,2,2,-29,8,-16,-8
,-6,-36,-2,4,26,-11,-19,1
,6,34,3,2,-2,6,-6,0
,4,10,-3,2,-8,-40,42,-7
,4,-15,4,5,39,17,-14,14
,-4,-19,-5,-3,10,3,-18,-10
,-5,-18,2,-5,-16,-24,2,-19
,10,9,-5,-4,6,18,-14,10
,-1,8,4,2,14,27,-19,-5
,-2,-2,-6,-1,-14,-12,12,8
,2,5,-2,-7,0,-84,-34,-7
,-3,-13,1,3,13,18,5,-19
,-3,-21,-13,-12,-11,31,11,-9
,-3,-18,4,-1,-8,-17,-28,-9
,5,53,5,8,2,47,27,0
,-8,-74,-3,-1,4,-28,-22,2
,1,48,-3,-6,-16,-34,13,-1
,-11,-8,-2,3,-1,12,9,-6
,-8,-6,-1,-6,-11,41,-6,14
,5,5,1,3,6,4,26,0
,15,32,0,0,6,-12,-10,13
,-3,1,1,0,-24,-40,-39,-13
,-3,-26,-4,-3,14,58,38,14
,-7,-19,0,0,0,-79,-32,-8
,-1,4,4,-1,-8,33,-36,-1
,-4,11,-6,-4,-14,-49,26,6
,3,-35,-2,-4,-10,-1,-46,12
,2,30,-3,-2,-9,2,0,3
,-17,-15,4,6,11,-9,61,-11
,18,56,5,3,9,-3,4,9
,-7,-34,-6,3,19,10,3,-4
,12,13,-9,-10,-17,29,-6,-10
,-18,-21,-3,4,16,4,9,-12
,1,-13,3,3,3,45,-62,-5
,6,10,-3,-2,2,-37,7,-1
,-5,1,-1,-1,-12,5,-19,2
,8,-8,-3,-9,-11,-2,-10,-4
,-7,-8,2,3,-10,-39,-10,-4
,4,57,5,0,14,102,10,0
,4,-55,2,8,14,-4,-5,14
,-9,12,-6,2,-2,-45,-70,3
,7,-4,2,-4,-9,6,10,4
,-3,-32,1,7,-1,-24,68,-3
,-5,25,2,1,-4,15,0,8
,0,12,1,-3,-2,-3,-2,-1
,-10,-34,-8,-7,-2,17,7,-13
,7,31,5,3,-5,-25,7,-5
,-11,-15,0,4,1,14,0,2
,4,-25,5,4,19,-46,-20,3
,4,68,4,-4,-2,-21,28,-7
,-5,-67,-6,-1,-2,26,-10,-1
,-4,26,-3,-9,-6,14,-17,-14
,-3,-3,-1,2,5,-16,-6,2
,1,-22,1,11,18,11,-34,24
,1,10,-3,-12,-31,-21,-53,-12
,-7,-35,0,1,12,-22,44,9
,-5,-6,-6,1,-16,34,-8,13
,2,8,-5,-6,-3,11,0,1
,-6,-6,-1,-3,-24,-44,3,-3
,5,32,1,2,12,1,-15,-7
,-5,-7,-5,-3,-8,8,8,-34
,-5,-7,2,-3,-26,-52,9,-1
,9,14,-4,1,14,12,-8,9
,-8,-9,-1,4,-2,-44,2,8
,4,-2,2,-2,-20,36,8,17
,-2,10,-5,-6,9,32,22,-9
,0,20,9,7,32,-7,-9,-1
,-1,-38,-11,-5,-6,-29,-25,-16
,-3,16,-2,1,7,8,36,-6
,1,-10,6,7,-5,5,-6,17
,-4,-19,-8,-4,22,-51,-4,-16
,8,53,10,1,-26,12,-28,0
,2,-23,-6,-3,23,96,63,10
,-10,-15,-6,-6,-2,9,-4,-15
,-6,-16,1,-2,2,57,8,-15
,-9,-14,-7,-3,-5,-24,-6,10
,20,61,6,1,5,-39,-24,17
,-5,-64,3,6,-4,3,3,-16
,4,87,-9,-4,-28,-11,-33,-10
,-8,-43,-1,-4,-8,4,-5,-9
,4,8,0,1,16,-9,-29,5
,2,-16,-1,-2,4,-52,17,-9
,-2,-29,-3,-4,-11,21,-40,5
,-6,24,-2,-2,7,46,36,-17
,1,-13,-4,-5,-33,-28,-46,-8
,-7,-8,-4,4,44,7,-6,9
,6,5,0,1,-22,-41,-27,17
,2,49,8,1,1,66,-4,-3
,9,-33,-1,1,11,18,42,10
,5,42,-6,-4,13,-4,11,-4
,-20,-34,-2,-3,-8,-10,-6,-13
,-4,-26,-1,-2,-5,-16,3,-2
,-2,18,7,1,-18,-43,-50,-12
,4,-63,-2,0,-25,37,-21,5
,13,53,-1,-1,23,-24,62,0
,1,-25,0,-1,7,6,-42,18
,0,6,-2,-3,-8,-22,14,-8
,-5,10,0,-2,-6,-13,-20,-13
,-6,-28,3,8,10,24,13,7
,6,15,-3,-1,4,-34,-19,-3
,-1,33,1,2,-2,-13,10,0
,2,-10,-4,4,8,65,15,3
,-3,6,-1,-7,-20,-61,-13,-17
,3,-5,3,6,11,35,40,14
,-7,-6,-2,1,-13,33,72,8
,-4,50,6,1,-5,12,-55,7
,11,-59,2,0,-9,-35,17,50
,8,36,-5,-3,-12,-17,15,-6
,-3,-7,-5,-4,-2,-15,19,-1
,-2,2,-1,-6,-15,19,2,11
,4,-7,1,6,-10,57,25,9
,-3,-10,3,5,23,-78,-4,1
,-2,4,-2,-2,20,110,19,-2
,7,29,3,-2,12,-69,-46,13
,-11,-27,-10,-6,-5,3,14,21
,6,13,5,-5,-14,-59,-19,-8
,-7,-16,6,1,-2,-55,-47,-28
,-3,1,-8,-3,-16,17,21,-5
,-3,17,1,-3,44,116,31,-17
,-5,-23,-12,-7,-11,-37,52,-1
,3,14,0,-5,-14,-21,-83,-9
,-10,-15,5,6,16,9,32,14
,-7,-3,-7,-11,-26,-52,-28,-18
,-3,31,9,3,-31,-46,-24,-28
,-11,-64,-4,3,42,95,19,19
,5,20,-6,-10,-17,-16,0,-8
,-2,-18,-4,2,-10,17,14,9
,10,32,5,7,13,-70,0,13
,4,-12,-4,-8,21,45,18,-5
,-8,-7,-4,-2,-7,-72,20,-19
,-2,39,4,11,-10,-100,-41,-1
,3,-78,1,-6,10,127,17,13
,-5,18,-2,2,-12,-33,6,-12
,-5,-6,5,5,-6,-61,17,4
,10,1,8,5,17,54,27,-2
,-13,-34,-7,5,26,12,-10,15
,-6,-15,-5,-3,-11,14,-29,11
,5,14,-2,0,23,18,27,-1
,2,7,3,0,-22,-15,-36,-24
,-4,-23,-3,1,30,1,16,-3
,12,22,-1,-4,-10,-39,1,-7
,-16,-64,0,3,-7,-7,-32,-11
,-2,26,-1,-6,4,8,-12,-9
,7,17,1,4,-3,39,16,-3
,-3,4,-4,-8,-34,-128,-34,-5
,9,-42,-2,4,36,127,33,15
,-13,-10,-7,-2,2,-118,-8,-11
,0,-21,-8,-10,-5,40,57,5
,2,82,3,1,-12,-22,6,0
,3,8,9,1,15,32,-32,-16
,-8,-30,-7,2,-10,-49,0,-9
,-1,1,-5,-1,15,7,36,8
,-1,-1,6,4,-14,15,-17,-33
,0,8,-7,-6,5,10,19,31
,4,-47,-3,-3,-6,-68,-2,16
,-7,-1,-1,-1,0,-26,-35,-29
,3,25,-3,-3,-4,87,5,-8
,2,7,2,1,-32,-91,9,-1
,-7,-3,0,0,7,-29,21,3
,9,19,4,3,3,102,-30,16
,9,-14,-3,-7,-6,-112,10,12
,2,21,-5,0,-3,88,-22,-1
,10,29,1,0,6,52,49,10
,-18,-56,0,-4,-9,-50,-12,-11
,3,-22,-3,6,1,20,5,7
,1,8,1,-5,-6,13,-32,7
,4,20,1,6,1,32,11,-2
,2,47,-1,-9,-17,-50,-17,-6
,-2,-37,-3,5,-22,-34,-29,11
,5,-6,1,1,33,-8,9,-11
,-4,4,3,0,-7,51,3,-5
,-5,-13,-9,-8,-16,-80,-4,-10
,-6,2,-2,0,37,9,36,-3
,0,-13,5,4,-12,32,-22,-14
,1,17,0,-3,18,-42,-56,6
,-4,1,-2,3,-10,51,54,7
,1,-29,0,2,14,88,3,8
,12,41,-1,-4,-4,-35,18,8
,-9,4,2,-2,10,60,-5,6
,3,4,2,1,-19,-32,-11,-9
,-7,-3,-2,3,7,-26,-2,-3
,-2,-39,1,-3,-8,-6,0,0
,5,35,1,0,-17,-49,-14,-2
,3,1,0,0,16,91,-19,3
,-10,-13,2,0,2,19,-5,-2
,-8,7,-10,-4,-3,-31,-6,-20
,5,13,0,-3,-4,2,5,-6
,-2,-17,1,3,10,-13,-16,1
,0,16,1,0,17,-26,-16,5
,-5,-3,-3,-1,-6,-35,2,-9
,-3,-14,-5,-4,-18,91,-8,-6
,-4,5,4,4,18,-20,-13,-2
,-2,17,-8,-6,-4,-10,-1,-10
,-1,-11,1,-4,-26,-50,-1,-5
,-3,1,0,-5,-12,-20,7,-8
,5,34,-2,9,17,57,7,3
,1,-29,1,-3,-18,-20,57,3
,-5,-8,-3,-4,8,-32,-12,-7
,0,13,-4,-4,-5,-13,-6,3
,7,-27,0,-1,-29,-57,31,4
,-1,1,3,2,6,67,15,-1
,3,24,9,6,3,43,-50,15
,2,-30,-14,-7,-2,-30,12,4
,-6,16,3,-1,-9,-65,-25,-19
,8,-9,-5,-2,-25,16,-19,7
,-14,-4,-9,-7,3,68,67,-1
,-1,6,4,11,26,-34,-57,-5
,4,4,-2,0,-3,40,-14,8
,-6,16,-5,-12,-14,-48,-25,-27
,12,14,11,7,0,13,25,0
,-5,-12,-12,-5,6,-4,26,0
,3,25,3,2,-1,-16,-11,1
,-4,-3,7,3,-5,-77,-4,7
,4,-14,-3,4,14,59,52,-16
,-16,-13,-1,2,-8,-24,-31,0
,-5,2,0,-6,-32,-78,-24,-4
,-4,8,1,9,28,62,38,-20
,-2,-21,-10,-7,8,5,-27,8
,-2,-22,6,1,10,31,34,-16
,-4,1,1,8,7,-66,-4,5
,10,44,6,-4,-11,35,0,14
,-10,8,-5,-2,-17,-41,17,-1
,12,-39,4,5,34,39,-21,-5
,8,30,-7,-7,11,-7,-5,23
,-3,-8,-1,3,-7,-29,-22,-13
,2,13,-8,-5,-9,-13,-14,6
,-9,-34,3,-3,-24,-32,12,6
,8,23,-3,-1,11,76,-39,-19
,-3,-8,8,-2,-8,-31,-2,12
,1,3,-2,-2,-13,-47,-30,-5
,0,11,-6,2,6,10,30,-5
,-4,3,5,1,-12,39,20,-19
,-2,-37,-4,1,4,-39,-24,3
,-3,9,1,2,11,66,-27,10
,3,-39,-2,0,-1,6,35,5
,-2,39,-2,-2,-7,14,5,7
,7,-23,-3,4,18,10,-9,14
,-3,2,-3,1,1,-32,-24,-31
,-1,9,-1,-6,-1,14,3,20
,0,-14,-1,0,0,52,40,2
,-2,7,1,-8,-11,-21,-63,0
,-2,2,-2,4,5,-85,38,6
,2,-2,3,2,2,76,7,-7
,2,-27,-5,-3,-1,-28,-34,5
,4,36,-7,-3,-11,9,32,-8
,-13,5,-5,-6,-24,-90,-16,-4
,7,25,2,2,41,51,-27,0
,-5,-38,-7,-12,-13,-17,19,11
,7,24,2,0,-8,-8,25,4
,-4,-18,7,6,23,112,5,-3
,-2,-5,0,-2,-17,-52,-23,7
,-6,-19,-10,-4,1,-15,5,-16
,-8,-7,-3,-1,-10,8,-15,-6
,12,33,1,-5,-2,-9,-5,2
,4,12,4,0,3,11,15,-6
,0,-34,3,0,8,10,-36,0
,-9,-13,-5,-8,-26,-78,-36,-14
,2,-7,-1,4,26,80,13,-14
,-7,8,2,2,-7,-5,-47,-10
,6,31,0,-4,-14,-23,-26,17
,-2,-13,-1,-3,-22,-2,15,17
,0,11,2,5,26,3,-3,9
,-10,-10,0,-4,-21,-26,14,3
,6,14,-6,-1,23,57,12,-8
,10,25,7,0,-8,-11,-8,-3
,-3,-2,1,-1,-1,11,10,0
,-4,-10,-5,-3,-8,-40,9,6
,-6,25,4,5,-7,-3,33,3
,3,-11,-1,-1,21,43,2,-5
,4,10,-3,-2,0,29,26,4
,-1,-3,-4,-5,-22,-57,-2,-23
,-5,-9,3,5,13,-61,-14,-6
,-6,-21,-5,-3,17,88,57,9
,-12,-11,4,-1,-6,-26,4,-6
,15,36,-1,1,-8,33,7,27
,0,-12,-5,-8,-8,-28,14,-10
,3,27,3,8,-5,14,-2,-3
,1,-7,-3,0,5,-25,-11,7
,-2,5,4,-1,2,-15,13,-4
,-2,-31,-1,-2,-12,-39,9,5
,-4,8,-3,5,2,24,35,9
,0,-19,6,4,-15,4,-13,7
,5,10,-5,0,27,-32,10,0
,4,14,2,2,3,14,-13,2
,-17,-52,-4,-1,6,-24,48,-27
,14,34,-4,0,-10,-3,17,29
,-11,-15,2,0,-4,-1,29,-10
,5,-6,0,3,-9,29,-1,-3
,-3,-14,-3,-6,13,1,-10,12
,2,-2,-2,3,26,-10,-17,1
,-7,-11,1,1,-3,5,-18,-2
,2,3,2,-7,-17,-14,32,-1
,-1,-2,1,0,-3,37,-31,-5
,-3,-1,-6,-1,20,13,23,-8
,-6,-17,-8,-5,3,9,-44,0
,-6,2,12,1,4,8,-13,0
,3,-17,-9,-2,13,36,-5,6
,-1,-33,-1,-10,-26,-32,-28,-9
,2,59,0,-1,2,1,21,-16
,2,-4,-2,2,-5,7,-17,-2
,-6,5,7,-1,18,-47,-18,9
,-5,-46,-3,-2,-14,12,10,-6
,3,26,-2,-4,-6,-50,-29,1
,-7,-8,-6,-4,-17,6,-9,-3
,-2,16,-2,0,30,-17,9,-8
,-11,-33,-6,-5,-11,0,7,-6
,10,-1,0,5,14,-2,22,18
,-1,19,-3,-5,-19,15,50,14
,-1,-57,-4,-1,-13,-16,-22,-6
,4,72,-3,-8,-8,-11,-36,-25
,2,-19,-1,-1,-10,15,-39,0
,-9,-21,-3,1,28,29,29,6
,1,3,-4,-2,-25,-9,5,7
,3,15,3,-3,-22,-8,21,10
,-2,7,1,2,24,51,-2,-15
,-23,-83,-6,-1,-10,-74,-45,-30
,10,33,-2,3,17,43,2,11
,-2,1,3,3,-3,-10,15,1
,1,-12,-4,-5,-4,-15,5,-1
,12,50,2,1,4,29,-19,-2
,-4,-3,0,0,-5,-15,-4,7
,3,21,-2,-6,-11,-24,24,-6
,-7,-60,-1,6,-2,60,11,14
,5,54,8,2,16,3,-3,-1
,13,5,-2,-10,-39,-31,-21,-5
,-3,-8,-2,0,4,16,-22,4
,-9,-6,-3,-5,-11,-48,-61,-22
,-6,11,-1,0,19,28,-5,-7
,6,-14,0,6,10,19,-7,18
,1,4,-3,-6,-10,-40,11,11
,6,21,2,6,3,18,13,0
,-6,-42,-7,-2,-1,18,17,1
,-2,27,9,1,-3,-19,-41,0
,-10,-70,-8,-1,4,-48,-10,3
,1,23,-4,-2,-3,39,4,-16
,1,2,0,0,-2,5,6,3
,1,-4,-3,-1,-14,-54,18,2
,3,-1,6,4,12,77,11,9
,-2,8,0,-2,3,-25,-31,-17
,-2,12,-4,1,-2,18,-10,-10
,-4,-18,-4,1,6,4,0,-12
,5,-45,-9,-6,-10,-4,-3,25
,-10,11,0,1,-16,5,10,3
,8,37,0,-4,3,-92,-3,0
,-14,-41,-3,1,14,95,6,-36
,11,37,4,6,1,-6,-35,14
,-4,-17,-3,-7,-5,4,16,9
,-14,-37,-1,1,1,-25,-37,-10
,1,45,1,-1,-7,-22,57,-7
,-2,-5,0,0,10,24,25,-20
,6,17,-1,2,-3,-16,-17,13
,3,-6,-2,-3,-9,22,28,8
,-7,6,-1,2,7,-33,-39,5
,1,2,-3,4,-3,22,-24,-8
,-3,-2,-2,-3,2,-2,46,18
,7,-12,1,-3,-1,31,29,15
,4,-17,-7,-7,0,-6,-10,-11
,-11,24,4,1,-9,-46,-23,-6
,-8,-46,-5,-1,-8,11,24,-13
,5,58,-2,-1,1,20,-44,20
,0,-27,-6,-4,-7,-27,3,-4
,-4,-5,1,-6,-14,-19,-4,-2
,-2,16,3,0,18,19,19,-20
,-9,-32,-5,0,-2,-5,-8,-19
,-4,2,3,0,-15,-15,37,2
,5,20,-1,2,23,2,17,2
,10,25,3,1,-4,20,-25,1
,-4,-28,-1,2,-1,-4,-8,-10
,1,2,0,3,-8,6,18,14
,-8,14,-2,1,2,-16,-35,-16
,-5,-24,2,0,25,-5,2,5
,5,-8,-5,-4,-20,-25,-20,-2
,2,18,4,5,-8,11,-19,-2
,-1,-8,-1,5,11,-80,-36,3
,4,12,-7,-7,-3,70,58,39
,-7,-23,4,7,8,13,-7,5
,6,6,3,-1,9,-4,20,9
,6,10,0,-1,-9,-2,-22,18
,-4,10,-2,-5,-15,-64,-4,-20
,-4,-14,3,0,11,19,13,-2
,-4,7,-3,3,-4,10,-31,-5
,2,3,-1,-1,-2,33,35,2
,-4,-26,-2,-4,-20,-29,-25,-10
,2,9,-2,4,-1,-20,30,-7
,3,8,5,-9,-27,59,5,-9
,-11,19,-2,2,38,9,-16,-24
,-8,-28,-1,-3,-12,-32,-27,-21
,7,11,-5,-1,9,35,4,5
,2,50,3,1,8,-34,-2,-2
,-14,-56,-8,-9,-47,6,-36,-26
,-5,-13,8,9,38,-11,31,7
,6,28,-3,-7,10,63,-24,-13
,-5,-28,-1,0,7,-24,10,8
,7,20,0,-3,-12,19,6,-1
,-4,11,3,2,11,21,-9,1
,-8,-26,-5,-5,-8,-42,-15,-8
,3,16,-8,-9,-11,-10,-25,8
,0,6,6,4,-6,31,42,-4
,14,6,2,1,3,-33,-40,-1
,-1,24,5,0,8,-5,14,22
,-17,-72,-9,-3,16,15,-5,-27
,11,52,4,1,-12,-26,-22,6
,6,-1,0,0,-4,5,67,4
,-1,4,-1,-3,-17,-1,46,1
,2,13,2,1,13,2,17,13
,-13,-30,-6,-5,-18,23,20,6
,1,-13,-4,4,-23,-8,-10,-1
,10,33,2,-1,11,-29,-45,2
,-4,2,-1,4,-3,7,8,4
,2,-8,-2,-1,-4,-40,17,9
,-2,2,-3,-2,-7,75,23,3
,6,-23,7,8,23,-19,-40,-3
,-17,4,-3,-4,-16,-21,6,-1
,13,14,1,-1,7,1,0,1
,-9,3,-5,-7,-4,-30,-22,-8
,-4,-15,-1,2,-10,12,13,-10
,8,64,0,1,8,-2,-47,-3
,-9,-58,-3,0,1,23,24,3
,-4,8,-3,-6,9,-25,-31,4
,-1,-6,0,1,-10,17,23,-3
,-8,-20,1,0,6,-17,-14,-25
,-1,41,7,2,10,-5,2,-10
,-1,-64,-9,-2,1,-11,-21,-2
,-11,-13,-7,-6,-19,1,12,11
,6,6,2,3,2,-8,-19,-8
,4,11,5,7,9,0,-1,-14
,-1,-25,0,-1,-29,8,18,2
,3,19,1,4,9,-1,27,2
,8,12,0,0,9,3,15,27
,-8,4,-1,-5,-5,-4,-12,-2
,3,14,0,-2,-17,11,12,8
,-3,8,-7,-2,18,-15,2,3
,-3,-45,2,0,-12,-5,-29,-14
,5,13,0,0,6,-5,-40,-20
,-8,1,-6,-6,-2,-8,-11,-3
,9,16,5,-1,-13,19,3,6
,-5,11,-5,-2,9,9,9,13
,-2,-34,1,-3,1,12,-22,1
,-4,22,0,0,9,-23,14,-6
,-4,-14,0,1,-1,-26,-19,-13
,13,53,6,2,-1,28,41,22
,1,-44,-1,0,4,-86,-18,7
,0,7,-10,0,28,62,-11,-5
,-11,-6,4,-1,-13,16,-3,-7
,-6,-20,-3,1,15,-11,11,-1
,-1,11,2,-1,-4,4,22,-11
,8,22,8,4,-1,-12,-30,12
,8,13,-4,-5,8,-13,-6,-3
,-14,-38,-3,-6,-30,-10,-4,-3
,1,15,-5,0,0,35,72,24
,12,56,6,0,5,7,-4,-4
,-18,-81,-7,-4,-23,-5,-8,-1
,15,19,1,-2,6,-9,-7,-1
,1,11,0,4,20,-8,68,33
,-4,-14,3,6,-5,-49,10,8
,2,16,1,-7,-3,63,-31,-4
,1,1,1,1,-5,-16,-3,-12
,-20,-41,-12,-4,16,24,5,-9
,7,2,2,-2,-13,-29,-22,-2
,-5,16,-1,3,-4,-33,2,3
,-2,18,-3,-4,7,30,19,0
,11,12,6,4,5,-21,-26,3
,-13,-41,-2,-3,0,28,-1,-2
,1,4,-3,0,5,-4,-2,-3
,0,-21,-3,-2,2,6,1,1
,3,9,-2,-6,-17,-24,-21,-23
,6,-6,-1,0,-13,4,-3,20
,2,12,2,-2,-5,6,-9,1
,3,-13,2,1,-2,-18,22,-10
,2,13,-9,-8,-3,14,28,22
,-10,-27,2,-2,10,32,34,-25
,2,13,-7,5,24,-24,13,-10
,12,19,2,1,6,26,-12,20
,-8,-20,-5,-2,-32,44,15,-2
,3,6,2,-2,8,-21,-2,-6
,4,31,7,3,10,6,10,-2
,-7,-47,-7,3,13,-6,-21,-11
,-4,5,0,-6,-16,-3,-19,-16
,2,15,-5,-1,-9,13,25,3
,-7,-37,-3,-2,-28,-21,-59,-15
,-2,24,-1,0,14,-18,-21,-1
,3,4,4,0,-18,35,-33,-7
,-5,-27,-4,1,4,-29,28,-10
,8,25,-1,0,2,10,16,13
,-5,-12,-5,3,-18,13,-39,-12
,-3,-9,3,9,34,3,-10,7
,4,32,2,-4,-8,-17,-28,-9
,-5,-29,-3,-3,-3,14,7,-3
,-8,12,-2,-10,-21,-24,-7,-7
,5,-38,-6,-1,3,-28,6,0
,-3,23,0,3,27,18,-46,-8
,-4,-3,-4,-4,-3,-21,22,4
,3,-1,4,3,7,1,36,16
,-16,-20,-1,0,10,13,-23,-5
,4,8,-2,-5,-15,-4,22,21
,-5,-51,-1,5,7,7,19,12
,7,24,0,-1,18,-4,15,9
,7,2,3,-1,-21,1,11,-11
,-6,-11,-8,-3,-4,-21,-31,3
,7,16,5,1,5,-1,22,6
,-3,-7,-5,-4,-8,24,11,3
,-11,-31,-5,-4,4,-36,-7,-5
,13,21,3,-1,-1,44,0,-13
,-9,-18,3,1,-7,-5,3,0
,-11,-12,-7,-5,3,-14,0,-14
,2,49,-2,-2,-1,2,-15,-11
,-1,-28,0,0,-25,-18,15,5
,-5,20,-1,-2,34,-22,-27,-3
,-4,-17,1,5,6,14,-21,-6
,0,-10,0,-7,-15,10,-25,0
,-5,29,-6,-6,6,-10,-22,-9
,2,10,1,-1,-20,8,-1,-7
,-2,-8,-3,-3,-13,-23,-37,-4
,-2,-7,3,3,1,-2,38,-4
,3,-7,0,1,15,23,23,24
,6,19,0,0,-7,-3,-29,7
,-10,-46,-4,-5,15,-10,34,-2
,12,91,2,2,-18,-91,27,13
,-1,-63,2,2,0,87,42,13
,-12,-22,-9,-2,21,-28,-37,-16
,7,35,-6,-6,2,2,10,1
,4,-19,1,0,-12,-12,-29,-3
,0,46,4,5,6,-25,-15,3
,-7,-52,-1,-4,-41,21,18,-4
,6,-21,1,8,43,4,15,6
,2,-10,-12,-6,-8,20,19,11
,-4,33,3,-8,-13,-36,-10,2
,3,-9,-1,-2,-15,-75,31,-14
,2,30,3,4,19,80,-10,10
,-3,4,-5,0,18,32,-8,0
,-3,-62,2,-1,-1,-13,-9,-9
,-4,46,-9,-12,-53,-110,-29,-6
,10,27,6,9,38,37,-13,5
,-8,-10,1,-1,11,19,10,1
,0,-6,-5,1,-4,-2,48,5
,0,17,-1,-4,8,20,4,10
,-3,-40,2,-1,-44,-32,31,-12
,2,18,4,1,0,19,-17,-8
,-7,-15,-6,2,0,-36,-16,-3
,9,10,6,-1,12,43,10,11
,3,16,2,-3,-14,-50,38,-15
,4,13,4,-1,17,39,-19,23
,-1,-35,-8,3,2,-17,-42,-3
,5,14,1,-1,4,47,36,-19
,-8,-21,7,2,12,-24,-2,11
,-5,-8,-9,-5,-10,-40,-25,-13
,5,28,1,0,5,40,11,-2
,-21,-34,-6,-6,-5,33,19,0
,2,30,-3,3,-13,-2,-6,4
,10,2,2,-2,11,-36,-21,-14
,-11,-21,0,0,19,72,15,2
,5,13,-3,2,2,1,9,-6
,-5,-13,4,2,-20,-15,-45,-4
,-3,-22,-1,1,0,9,17,3
,-1,36,-2,-4,-30,-46,-30,-21
,10,30,6,2,20,4,-17,19
,-6,-47,-7,-14,-27,-25,12,-6
,-3,24,0,10,12,45,6,-1
,7,29,1,-6,7,-9,-19,6
,-3,-27,-4,1,-2,-14,10,9
,-7,17,0,1,-8,-8,-3,-6
,-1,-35,0,-1,-4,3,25,21
,-3,18,-2,1,0,-54,3,7
,5,17,2,4,3,95,42,23
,1,-22,-3,0,-7,-2,-28,-5
,3,2,4,2,21,-3,10,7
,-3,-1,-7,-9,-20,-62,8,-1
,5,21,0,2,7,66,-19,9
,-11,-18,-5,-10,-7,-3,4,-5
,3,8,2,2,-13,2,30,6
,6,11,-5,-7,0,-12,-17,-13
,-5,-19,-5,-7,-7,-60,-32,-5
,1,37,5,7,14,25,6,-3
,-3,-23,-1,-1,-17,-11,0,4
,-2,-13,-1,-1,4,45,41,-12
,9,35,4,1,3,-4,15,-2
,-12,-46,-3,2,-8,-11,3,17
,2,14,-5,-6,-8,-20,-18,-13
,8,-2,7,6,5,12,-4,0
,-5,-28,-4,-1,-5,-7,-3,-6
,5,45,-1,-4,-6,-21,-26,-10
,1,-5,2,3,-2,36,16,-4
,-11,-10,-3,4,13,-15,-5,2
,-7,3,0,2,19,2,-10,-16
,1,-53,-3,-7,-14,-6,32,3
,-8,18,-11,-8,-1,4,-47,-12
,4,23,1,5,20,-2,-6,34
,1,-9,3,1,8,19,11,-2
,0,-14,-9,-4,0,-10,-16,-10
,3,3,3,2,-20,24,11,12
,-11,7,-2,-11,11,-7,-61,-13
,-9,-17,1,6,-1,-22,-12,-10
,10,73,0,-3,-4,24,8,-6
,-11,-53,-3,1,1,-21,-5,-11
,7,20,2,2,-21,-7,-25,-13
,-1,-35,2,3,1,-7,26,13
,12,28,0,4,20,-16,-3,0
,-5,3,-3,-8,-14,-10,-5,5
,-14,-22,4,6,13,26,7,-6
,4,-29,-18,-12,-13,-7,-9,-11
,-4,-9,4,-4,-22,-7,-15,-3
,4,-21,1,2,16,0,7,-9
,-7,20,2,5,-8,-26,8,21
,0,11,3,1,24,41,20,-3
,-7,0,-1,2,-3,-5,4,3
,0,3,-1,-8,-4,-32,-14,-23
,4,-27,-1,3,-24,21,20,-7
,-10,-2,-13,-9,-13,-28,-34,-7
,2,13,4,1,18,-12,-12,7
,-19,-27,0,2,6,52,40,-16
,17,58,-1,-5,-29,-3,-16,5
,-6,5,0,1,13,-5,9,3
,-3,-28,1,1,-21,23,10,1
,3,41,2,-3,10,-29,-6,3
,-11,-41,-3,-4,8,-4,10,-4
,10,11,5,2,7,2,2,13
,2,8,-1,4,-13,-26,-4,13
,-1,-6,2,11,8,12,69,-6
,3,2,-3,-12,-4,21,-32,-5
,-3,11,2,-2,-6,-11,-46,-21
,1,-6,-2,3,31,21,-14,12
,8,-20,-4,-1,-8,-24,-17,9
,-4,-14,-6,-1,28,26,19,-1
,0,15,6,-1,-19,-28,21,6
,-12,-41,-5,-9,-21,-7,-2,-8
,0,33,-3,1,3,-1,-37,-2
,0,19,8,6,-3,2,6,-21
,6,-50,-6,-2,19,-22,16,11
,4,36,1,2,4,-4,-20,-9
,-4,-5,1,-7,-30,20,72,3
,-5,-19,-8,-3,-3,-85,-25,-5
,5,23,12,11,5,107,25,3
,-1,-2,-3,-6,-9,-21,-50,-14
,-2,7,-7,-9,2,-27,-35,-1
,6,-7,5,8,17,-17,28,7
,-2,-9,-2,3,-6,-6,4,-13
,4,12,-4,-4,-20,-9,15,-1
,8,30,2,-2,5,15,-12,-3
,-3,-14,-1,0,29,-17,-22,9
,-10,-20,-11,-6,-12,-10,-2,-2
,0,3,4,0,27,33,8,-3
,4,-1,2,4,1,-70,-28,3
,-7,-15,-2,-5,-23,75,-16,-18
,-3,-11,-6,-2,-11,-33,-6,-1
,-4,-25,-4,-3,-3,-5,6,-2
,1,15,5,1,-23,-5,-63,-7
,-7,14,-3,-1,-14,-17,-8,-10
,9,4,-2,-9,14,1,9,11
,-14,-15,0,0,3,4,25,-32
,-5,-17,-1,0,-3,-27,-10,-2
,-3,19,-3,-12,-36,25,-16,-15
,1,19,4,2,-12,-8,-29,-8
,12,14,0,3,15,-10,24,10
,-8,-13,-5,-4,-3,23,5,-2
,12,17,3,7,29,1,-4,18
,0,4,-3,-2,-19,-32,3,-3
,-8,8,2,1,-17,40,12,12
,8,0,4,2,17,-20,-61,-13
,3,-37,-13,4,17,26,18,17
,4,11,2,-2,-6,-29,10,2
,4,3,1,5,-11,8,-11,-5
,-5,4,1,0,36,9,-11,21
,-3,22,2,-3,-35,-30,57,1
,1,4,1,0,18,29,-8,-1
,3,9,-1,10,8,-16,0,5
,5,-3,6,7,8,32,3,-9
,0,-20,1,-5,-11,-40,12,-4
,-4,2,-5,-6,-17,19,-50,-7
,-11,2,2,-2,2,26,19,-5
,11,14,-1,9,21,9,30,23
,-4,-12,-2,-2,-3,5,33,7
,5,21,1,-1,-5,9,-3,15
,4,-26,1,-3,12,-19,-10,-6
,-18,-1,-5,-5,-31,-7,13,-16
,5,-6,2,-2,-6,29,-2,6
,-5,6,-2,4,20,-81,22,-8
,-1,-23,-1,5,16,56,1,1
,4,17,-6,-11,-13,-8,-12,9
,1,-24,-3,-3,-7,3,-8,-21
,-13,5,2,-2,-13,-6,35,-4
,6,18,-1,-7,-6,-13,-10,3
,-1,-4,0,-2,-11,-18,-13,4
,-5,-5,2,0,2,32,-27,-22
,1,-7,3,9,22,9,-17,8
,-1,12,-7,-7,-9,-24,-2,4
,5,-16,-1,-4,2,17,-38,-3
,-6,-27,-1,3,-3,1,65,15
,4,-9,2,1,-7,13,-16,8
,-2,12,-5,-1,-8,-13,0,8
,2,34,-2,-5,-27,-70,-19,-7
,3,-11,-2,-2,10,69,-2,6
,-14,-42,-8,1,-3,-7,7,-1
,4,7,6,-1,-1,9,4,0
,-1,-20,0,5,6,13,10,3
,0,25,6,4,1,-75,-22,3
,-6,22,-6,-5,-18,40,-9,-2
,2,-57,2,1,25,-13,19,17
,-11,16,-6,0,3,30,57,-2
,2,20,3,3,-9,5,-3,4
,-7,-9,-7,-9,-6,-28,1,-4
,9,-2,0,2,-19,-20,-24,-4
,1,4,2,2,18,29,34,-1
,-9,-14,-4,2,-10,-14,-47,-8
,6,22,5,-4,10,-25,-21,2
,-5,6,-4,-4,-10,2,17,-12
,5,-22,-4,-3,-15,17,19,11
,-2,5,2,2,4,12,-16,-19
,-4,-19,4,6,0,-31,4,10
,-2,19,-7,-5,-1,29,-10,-13
,-6,3,-1,2,11,-9,8,-29
,1,-12,-2,-3,5,11,-12,5
,5,-14,2,2,-21,4,-25,-2
,-23,8,-1,2,27,-60,-2,-10
,9,7,-5,-10,-36,-43,1,11
,7,-4,-1,-2,14,77,14,4
,-5,2,-2,-1,13,33,25,-11
,0,-7,0,0,-5,-10,-27,19
,0,-5,4,2,19,-5,5,14
,0,-4,-5,4,19,-31,11,4
,7,-8,-1,-5,-14,-21,-13,-2
,-1,24,2,-3,-22,12,13,2
,-1,-35,-3,2,15,22,-13,4
,-14,16,0,-5,-11,-10,-1,-13
,8,-7,0,-5,8,-11,-19,6
,4,8,-4,-2,1,10,6,-1
,-1,-4,2,-1,-18,4,-24,1
,1,15,1,3,4,-48,-14,-2
,-3,-10,1,0,-6,-4,18,-1
,5,14,1,2,-5,22,11,0
,-9,-22,-2,-1,-9,-73,-20,-4
,-2,15,-5,-1,35,69,18,7
,11,8,3,3,31,50,8,-5
,1,4,-5,1,-2,-13,-26,-8
,-2,13,0,-5,-11,16,64,-8
,-15,-30,2,1,9,-36,-5,3
,-4,-2,-2,-2,4,-13,8,-4
,-4,-18,-2,0,1,-7,25,-9
,1,3,-1,3,11,66,-29,5
,2,4,3,0,-11,-2,77,1
,6,13,0,-2,-7,-8,-20,10
,-5,-20,-5,-6,-7,-13,44,-8
,7,26,0,-1,8,2,8,3
,2,-20,-1,-1,-17,-23,-7,2
,-3,14,-1,-3,-7,6,7,-11
,-4,16,-1,-2,-1,-9,-45,-3
,-13,-33,-2,0,1,18,23,-11
,4,19,-1,0,-6,1,-2,14
,3,7,-1,0,-3,-12,3,0
,-2,-6,3,1,-15,27,-8,-1
,-2,22,2,5,46,2,-40,-19
,-2,-28,-1,5,-20,-11,-15,-3
,-6,9,-2,0,-15,-15,-3,-2
,0,-17,-3,0,8,44,29,0
,-6,-13,-4,-7,-4,-3,-28,0
,1,-4,5,-2,-2,-19,-3,-6
,-2,35,-3,-1,1,29,-1,2
,-1,-3,1,2,-5,-20,-4,-6
,0,-7,-5,-1,-6,-7,4,-2
,2,7,0,-4,3,2,-21,-2
,-3,-32,-2,4,-2,-4,6,10
,1,21,4,-1,6,-22,-1,0
,5,-15,-6,-6,-18,32,10,5
,7,32,-1,-6,-2,-21,-7,-1
,-6,-42,0,-5,-34,-79,-75,-6
,9,17,5,9,62,80,-9,24
,-4,-20,1,7,17,-6,-9,-2
,-7,0,-8,-7,-17,3,20,-30
,-3,12,1,-10,7,-28,5,-15
,1,4,1,5,-11,24,-23,-7
,-5,-9,2,-3,7,-54,-1,9
,-8,-51,-9,-3,15,85,-11,3
,8,51,-1,1,7,19,53,15
,5,-5,-9,-9,-51,-45,39,4
,0,19,1,-3,14,60,-28,-7
,-2,4,3,6,8,-72,-35,-7
,-2,-42,-6,1,-8,87,10,6
,0,-4,3,-4,25,-20,0,10
,1,22,0,-2,-38,-15,24,-24
,3,-2,-1,4,4,-15,17,16
,0,-4,0,3,12,10,-21,-3
,-7,-25,0,-6,-19,-7,2,-14
,4,19,-3,1,22,7,14,11
,1,3,1,-1,-7,-12,-42,-2
,-1,15,-1,-1,2,7,6,-6
,-2,-20,-7,-5,-6,-9,-30,0
,-4,-18,2,-1,-31,-30,35,11
,3,33,2,3,19,19,11,10
,-6,-4,-1,-2,-8,17,45,-21
,3,-19,2,-5,3,-81,-35,-1
,-5,-7,-7,-1,3,79,13,6
,-4,-2,0,0,-11,-27,-19,-2
,7,5,1,0,-9,-6,-23,-9
,-9,4,-2,-3,0,-14,-2,-5
,0,-25,2,-1,-2,-15,11,6
,-4,-8,-4,-6,-14,25,26,-11
,0,23,-1,2,23,-9,-21,0
,5,-4,-1,-2,-4,7,9,3
,7,34,3,3,-3,-24,-18,1
,-10,-16,-7,-2,-4,2,15,9
,-6,-9,0,1,-2,-7,2,11
,-2,21,-1,-3,-2,4,-2,-4
,-1,-20,-2,1,2,0,-12,-8
,8,19,5,3,1,-9,-3,4
,-1,-10,-2,0,4,1,2,-3
,-5,-1,-3,5,2,11,-1,4
,2,6,2,-1,-4,-8,2,0
,4,10,-4,-1,-4,-1,-2,-1
,-4,-12,-1,-5,1,-8,-5,2
,0,1,0,0,-2,16,7,0
,-3,-5,-4,-5,1,-12,-4,0
,0,2,-1,4,-2,-4,2,-1
,-3,-3,2,1,0,3,-3,-3
,2,1,1,3,2,1,-4,3
,-3,1,-1,-1,-2,-2,-1,0
,1,-6,-3,-6,-4,0,-1,-1
,-1,1,-2,-1,-1,-3,2,0
,-3,3,-1,-1,0,5,-3,0
,-3,-7,-12,-5,-3,-6,-4,2
,3,-2,9,-7,-5,2,4,0
,-2,2,6,10,6,-3,2,0
,-4,2,1,1,2,1,1,0
,-2,-1,-5,1,-2,0,-4,-2
,4,6,-7,-4,-1,-5,-1,-2
,0,12,21,-3,-3,-1,1,-2
,-3,-28,-5,3,0,4,0,0
,5,20,-3,-1,-3,-4,-1,0
,-4,-14,-2,-8,-1,0,-1,-1
,0,-2,-25,1,-1,-2,-2,1
,5,5,8,2,-3,3,1,1
,-8,-18,12,-1,-1,-4,-2,-2
,3,17,-16,-2,-2,0,-2,-2
,-3,4,53,9,1,1,0,0
,-1,-8,-24,-4,-1,-1,-1,-1
,-1,-2,-16,-1,-1,0,-1,-1
,0,3,-7,-5,0,-1,-1,-1
,0,0,-6,-6,-1,-3,0,-1
,-2,0,5,3,0,1,-2,-1
,0,-5,-2,-3,-4,-3,-2,0
,-2,-7,8,4,0,0,0,-2
,-1,8,-17,0,2,0,0,-1
,3,2,6,-7,-3,-3,0,-1
,-5,4,17,1,0,-1,0,0
,-3,-10,-12,4,0,-1,0,1
,2,-3,-4,-6,-1,-3,0,0
,1,22,0,0,-1,2,-1,1
,0,-34,19,5,1,-2,-1,0
,-16,-15,-27,-1,-1,0,0,-2
,1,-14,3,-3,-1,-1,0,-2
,2,19,6,1,-2,-1,0,0
,4,8,-14,1,2,-1,0,0
,-8,-12,49,3,-2,-1,-2,-2
,7,15,-60,-8,-3,0,-2,-3
,2,17,-4,-10,-4,-2,-3,-1
,0,-12,52,7,4,1,-1,-3
,11,47,-34,3,-1,-1,-2,2
,-12,-43,28,-3,-1,1,-1,0
,-4,-45,-1,11,2,0,1,-1
,-1,5,-20,-4,-3,-2,-1,0
,3,11,7,-6,-3,-1,-2,-1
,4,14,-11,-4,-1,-2,-2,0
,-6,-2,-5,-3,0,-2,0,-3
,-3,13,-11,-1,0,0,0,1
,-8,-26,20,0,-5,1,-1,-3
,5,8,-21,-1,1,-3,-5,-4
,0,2,18,2,1,1,-2,-2
,4,18,-16,-2,-1,-1,-1,0
,5,20,-10,-2,-2,0,0,2
,-10,-28,-6,-4,-2,-2,-2,-3
,2,4,15,3,0,1,0,2
,0,1,1,-5,-7,-4,-3,-1
,-3,-17,-7,-4,6,-1,-2,-2
,-3,-16,12,12,1,2,1,3
,-4,-6,-12,-6,-1,-1,0,1
,-1,8,-13,-1,-3,-1,0,-3
,-1,-27,0,-2,-2,-2,1,0
,5,43,9,-3,0,-1,-1,1
,6,8,13,-1,0,0,-1,0
,-10,-49,10,6,0,-1,0,1
,2,29,3,6,0,0,0,-1
,-11,-42,-14,-3,0,0,0,-1
,9,48,-9,-6,-4,-1,0,0
,-4,6,1,-1,1,1,-1,0
,-1,-20,-6,-5,-2,-3,-2,-2
,5,24,-2,-3,0,0,2,0
,-9,-24,24,4,-4,-1,-1,0
,1,8,-12,-1,1,0,-1,-4
,4,30,10,1,2,-1,-1,1
,1,-6,3,3,-2,0,-1,1
,-1,-13,-17,-4,0,-1,-2,-2
,3,-1,-4,-5,-4,-2,0,1
,-6,-15,1,2,-2,0,-1,-1
,-2,3,-1,0,1,-1,-2,-3
,-6,-13,-4,0,-1,-1,-1,-2
,1,17,-6,-5,-3,-1,-1,-2
,4,-7,1,-1,-1,1,0,1
,-1,7,26,-3,-2,-2,-2,-1
,-9,-26,-22,5,2,1,2,-1
,3,2,5,-2,0,1,-1,3
,0,-8,-8,1,0,-1,-1,-1
,-1,-3,-1,3,-2,-2,-3,1
,-1,11,-10,-8,-1,-2,-3,-1
,-1,-7,-3,-2,4,2,-1,-1
,1,-2,7,6,0,0,0,-1
,-7,-15,-2,-1,-2,-1,-2,-2
,8,25,-6,-1,-2,-3,-2,-1
,-5,-15,-13,-2,-2,-4,-2,-1
,-3,3,23,-4,0,1,-1,0
,2,-1,-8,3,2,1,1,2
,-2,0,0,4,0,1,1,0
,2,15,-1,-3,-3,-3,-2,-2
,3,6,-7,-7,-2,-3,-2,-2
,-2,-11,-9,-3,0,0,-1,-1
,-7,-21,-1,-1,0,1,-1,-2
,0,-2,0,4,-1,-2,1,0
,0,-1,-6,-3,1,-1,-2,1
,-2,5,3,1,-1,-1,-1,0
,1,-5,-3,1,2,0,-1,-2
,-4,5,10,4,-1,0,-1,-3
,1,0,-2,0,-1,-2,0,-1
,0,-1,-6,-6,-3,0,0,-1
,-6,-6,0,-7,-2,-1,0,0
,1,4,0,2,0,0,-1,0
,0,-2,-5,0,-1,-1,-2,0
,-2,-2,-2,-6,-3,0,0,1
,0,-3,6,6,1,0,-1,0
,3,16,-5,-1,1,0,2,-1
,-3,-13,3,2,0,0,1,-1
,1,7,7,0,0,-1,-1,-1
,-1,12,-9,-10,-3,-2,-1,0
,0,-4,0,-2,-2,-1,-2,-2
,-4,-3,-1,0,2,-2,0,0
,-2,-9,-5,2,-1,0,0,-1
,1,2,1,1,-2,0,-1,-1
,-3,-6,-3,-4,-2,-1,-1,-2
,0,-4,-8,-4,-3,-3,-1,-1
,0,0,3,2,-1,0,-2,0
,-1,1,2,1,0,-1,-1,0
,2,0,-1,-2,-4,0,-1,0
,-4,-9,-1,6,1,2,-1,-3
,3,12,-5,-1,-2,0,0,-1
,-2,-2,-2,-1,-3,-2,-2,0
,-5,-9,-3,-7,0,0,-2,-1
,1,3,-2,2,-1,-1,0,1
,-2,2,15,7,1,0,0,-1
,0,-2,-3,0,-3,-1,0,-3
,-1,-5,0,-2,-2,0,-1,-1
,-3,1,-6,-3,-1,0,0,0
,-1,1,-3,-4,0,-1,1,0
,-1,-2,-1,2,0,-1,-1,0
,-3,-4,5,-1,4,-3,-1,0
,0,5,4,-2,-3,0,-1,-1
,1,-1,-7,3,3,-1,-1,-1
,-1,-4,0,-4,-2,-1,0,-1
,-1,-2,-2,2,1,0,-1,0
,1,4,4,-1,-2,-2,-1,-1
,-3,-1,-6,-12,-4,-1,-1,-2
,-1,-3,-5,-5,-1,-1,-2,-1
,0,1,8,6,2,-1,-1,-1
,-1,-2,-4,0,-1,1,-1,-2
,-2,0,2,1,-2,0,1,0
,0,1,3,-6,-3,-2,-1,-1
,-1,-2,-5,0,-1,0,2,-2
,0,1,-2,-2,0,0,-1,-1
,-1,1,2,-3,-1,-1,-2,-1
,-1,-1,2,7,5,1,-2,1
,0,-1,-4,-2,-3,-1,-1,1
,-2,-3,-7,-5,-2,-2,-1,-2
,-2,0,-6,1,-2,0,0,0
,1,1,3,-2,1,-1,0,0
,-2,0,-2,0,-1,0,-1,0
,-1,1,3,1,1,0,-3,-1
,0,-6,-4,2,1,-1,-1,-1
,-1,3,5,1,-3,-1,0,0
,-1,-1,-5,-2,-1,-1,-1,-1
,1,0,0,-5,-1,-1,-3,-1
,-1,0,4,-3,0,-2,-1,0
,-2,-1,-3,2,1,1,0,-2
,-1,-3,-7,0,0,0,-1,-2
,1,0,-2,-3,-2,-1,1,0
,-2,1,8,4,-1,-1,0,-1
,-1,-2,-5,0,0,-1,1,0
,-1,-1,0,-2,-2,-1,0,-1
,0,-2,-1,-2,-2,-2,-3,-1
,-1,0,-2,1,2,-1,-1,0
,0,0,-2,-1,-1,-2,-1,-3
,-2,-2,4,-1,-5,-1,0,-2
,-1,0,-3,-1,3,-1,-1,-1
,-1,-2,-2,1,-1,-1,-1,0
,0,-2,0,-1,-3,-2,-1,-1
,-1,1,-1,0,-1,-1,-1,0
,-1,-2,0,2,-4,0,0,-2
,1,2,-6,-4,-3,0,-1,-1
,-4,-3,-2,-6,2,-1,0,-1
,0,0,4,7,2,1,0,0
,1,-2,4,3,-1,-1,0,1
,-1,-3,-3,-1,-3,-3,-1,-1
,0,-3,-4,-3,-3,-1,-1,-1
,-1,-2,0,-7,-2,-2,-1,0
,-3,-1,-2,0,-1,-3,-1,0
,-1,-1,-4,-3,4,0,-2,0
,-1,0,0,1,-4,0,0,0
,1,-2,1,2,2,0,-1,-1
,1,3,6,0,-1,-1,0,-1
,-2,-3,-5,-10,-5,-2,-1,-1
,0,-3,-6,1,3,-1,-1,-1
,1,1,-3,-1,0,0,0,0
,-1,0,1,-1,0,0,-1,-3
,-1,0,5,6,-2,-1,0,0
,-1,-1,-2,-5,-3,-1,0,-1
,-1,-1,-2,0,0,-2,0,-1
,-1,-1,-3,0,1,-1,0,0
,0,-1,-5,-6,0,-1,-2,-1
,-1,-1,4,4,0,0,-1,-3
,-1,-2,-1,-10,-5,0,-2,0
,0,-2,-7,2,3,-2,1,-2
,-1,-2,5,8,0,-2,-2,0
,-4,-1,-4,-7,-6,-1,0,1
,-1,0,-1,2,3,-1,-1,-1
,0,1,-3,-2,-1,2,0,-1
,-1,-5,-1,0,-2,-1,-2,0
,1,3,1,-1,0,-1,0,0
,0,-2,-1,-2,-4,-1,-1,0
,-2,-1,1,0,-4,-2,-1,1
,-1,-1,-2,-2,0,-1,0,-1
,-1,-1,1,2,-1,0,-2,0
,-2,1,-4,0,1,1,-2,-1
,-1,1,0,2,0,-1,-1,-1
,-1,-1,-1,-6,0,-2,0,-1
,-1,-2,-3,5,1,-1,-3,0
,-2,2,4,2,0,-2,1,-1
,-1,-2,-3,-4,-1,0,0,0
,0,-2,1,-1,-3,-2,-2,-2
,-1,-2,-1,3,1,-1,-1,-1
,-3,-1,-2,-3,-1,-2,0,0
,-3,-1,5,5,0,-1,-1,2
,-1,1,-1,-3,-2,0,-1,1
,-1,-1,-1,-3,-2,-1,0,0
,1,-1,0,0,-4,-2,0,-1
,-2,-3,-6,-5,-2,-2,-1,-1
,-1,-1,-4,-4,1,0,-1,-2
,-2,2,10,2,0,-1,0,-2
,0,-3,-3,4,1,0,0,-1
,-1,-2,-3,-4,-3,0,-2,-1
,-1,0,-2,3,-1,-1,-1,-1
,0,-1,-5,-11,-2,-1,0,-1
,-3,-1,-1,2,-2,-2,-1,-2
,0,2,5,6,4,-1,0,-1
,-1,-1,0,1,-1,-1,0,-2
,-1,-3,-2,-1,0,-1,0,0
,-2,-1,-1,-4,0,-1,-1,-2
,1,0,-2,-1,-4,0,-1,-1
,-4,0,-2,-4,-3,-2,-1,-2
,-5,-1,-1,1,5,0,-1,0
,5,0,2,1,-1,0,0,0
,0,-1,-4,-3,-4,-1,-1,-1
,-3,0,0,-1,1,0,-1,0
,3,-1,0,3,-4,-1,-2,0
,2,-2,-1,4,-1,1,-1,-1
,-4,-2,1,-8,-2,-1,-2,-1
,1,-2,-3,-2,0,0,0,-2
,4,0,-2,9,0,2,-2,0
,-3,0,2,-6,-1,-1,-2,-1
,-2,0,-3,0,1,0,1,-2
,4,1,0,-1,-1,-2,-1,0
,0,-4,-2,-5,-4,-2,0,-3
,-4,0,-3,-3,0,-3,0,0
,0,-2,-1,-1,-2,1,-1,0
,0,-1,1,3,0,0,0,-1
,-3,-1,5,1,-1,0,0,-2
,-1,-2,-3,-6,-3,-3,-1,-1
,1,-1,-1,4,2,-1,-1,-1
,-1,0,0,4,0,1,0,-2
,-2,0,-5,-2,-2,-2,-1,-2
,-1,-1,1,1,-3,-2,-1,0
,-1,1,-1,-9,-2,-2,0,1
,-2,0,-3,5,0,0,-1,-1
,0,1,3,1,0,-1,0,1
,1,1,4,3,3,-1,-1,-1
,-3,0,0,2,-2,-1,-2,-2
,-1,-2,-5,-6,-2,0,0,0
,-1,-1,-3,-1,1,-2,-1,-1
,-2,-1,-2,1,0,0,0,-2
,0,-1,0,-2,-1,0,-2,0
,-2,-1,2,-2,-2,0,0,-1
,-1,-1,-1,1,-3,-1,0,-2
,-2,0,-3,0,0,1,-2,-1
,-1,-1,-1,-2,-2,-1,-2,-1
,0,0,0,5,-1,-2,0,1
,-2,-1,-1,-1,0,0,-1,1
,-2,-2,-4,1,2,0,1,1
,-1,1,-5,-5,-3,-2,0,-2
,-2,-1,-2,2,-1,-2,0,-1
,-1,-1,6,0,0,-1,-1,-1
,0,-2,0,-2,-1,-1,-2,-1
,0,0,2,6,0,1,0,1
,-2,-1,-3,-7,-3,-2,-2,0
,0,-1,-4,-5,-3,1,0,0
,0,-2,-4,1,1,1,-1,-1
,-1,-2,1,0,1,-1,0,-2
,-1,1,1,0,-1,-1,-3,-1
,0,-1,-3,1,-1,-1,-2,0
,1,1,1,-5,-2,-1,-1,-1
,-2,-1,-3,-1,1,-2,-1,-1
,0,-4,3,2,-1,1,-1,1
,0,0,2,0,1,-1,-2,-2
,-3,-1,-1,0,-2,-2,-1,-1
,0,-3,-1,1,-2,-1,0,-3
,1,-1,-1,-2,4,0,1,-1
,-2,-1,-5,-4,-2,-2,-1,0
,-1,-1,1,0,-2,0,0,-3
,1,-1,4,-3,-1,0,-1,0
,0,-1,-4,-1,-2,-1,-1,-1
,-1,1,1,-1,-1,-1,0,-1
,-2,-1,-1,1,1,-1,-1,1
,-1,0,-3,-2,-1,-1,-1,0
,-1,0,-2,-3,-4,-1,-1,-1
,-1,-2,-2,-2,2,-1,-1,-1
,0,0,0,2,-1,-1,0,0
,-2,-3,1,0,-1,0,0,-1
,0,0,-2,-4,-1,-1,-1,-1
,-1,-1,-1,-1,-1,0,0,-1
,-1,-2,0,-3,-1,-1,0,0
,-3,0,-4,3,1,-1,-1,0
,-1,1,-2,-1,-3,0,0,-1
,-2,0,1,-1,-3,-1,-3,-1
,1,0,-1,-4,0,0,0,0
,-2,-1,0,5,1,-2,0,-1
,-3,0,3,-3,-2,0,2,-2
,1,-1,-1,0,1,1,0,0
,-2,-1,0,3,-2,-1,-1,-1
,1,-4,-4,-7,-4,0,0,0
,0,-2,-4,-3,-1,0,-1,-3
,1,-1,2,7,1,0,-1,0
,0,2,0,-1,-1,1,-2,0
,-2,1,0,1,0,-1,-1,-1
,-2,-1,1,-6,-2,-1,-1,0
,0,-1,-5,-5,-3,-1,0,0
,0,-2,-7,3,1,0,0,0
,1,1,7,2,0,-2,0,-2
,0,-1,4,2,-1,0,-2,1
,-2,-3,-2,-8,-2,0,-2,-1
,0,0,-3,0,4,-3,0,-1
,-1,0,1,1,-2,-1,-1,0
,-2,-1,3,3,1,-2,0,-2
,-2,-1,-3,0,-4,-2,-1,-2
,-2,-1,-3,-7,-2,-2,0,0
,-1,0,-5,0,1,0,-1,-1
,-1,1,1,2,1,0,-1,0
,-1,0,-2,-2,0,-1,-1,1
,0,1,0,-1,-3,2,-1,-1
,1,-2,-3,-3,0,0,-2,-1
,-1,-2,0,4,-1,-1,-4,-1
,-2,0,0,-2,-1,-1,0,-1
,-2,-3,1,0,-1,-1,-1,-1
,0,0,-3,-3,-1,-1,0,0
,0,0,-1,0,-2,0,-1,-1
,-2,0,0,1,2,-2,-1,-1
,0,-1,2,-1,-4,-1,-1,-1
,-1,-1,-1,-6,-2,-1,-1,-2
,0,-2,-7,1,2,-3,0,1
,0,0,0,-3,-4,-2,-2,-2
,0,-2,2,5,4,-1,-3,-1
,-1,0,1,2,-3,-1,-2,-1
,-2,-2,-1,-3,-1,0,1,-2
,0,-1,2,3,-1,0,-1,0
,-1,-1,-2,-3,-3,-1,-1,-1
,-1,-1,-2,-3,-2,-1,0,0
,0,-2,-2,1,-1,-2,-1,-1
,-1,-2,-3,3,0,0,0,0
,-3,-2,-2,-4,-1,1,0,0
,-2,-1,3,0,1,-2,-1,0
,0,0,-2,-2,-2,-1,-2,-2
,0,-1,-1,1,-1,-2,-2,0
,1,-1,-3,1,-1,1,-1,-1
,-2,-2,-2,-2,-3,-1,-1,-1
,0,4,6,-1,-1,0,0,0
,-1,-2,-4,-5,3,-1,-1,-1
,1,-2,-2,3,-1,-2,0,-1
,-1,-2,0,-1,0,0,-1,0
,1,-1,-3,-3,-5,0,0,0
,-2,-2,-1,-3,1,-1,-1,-2
,-2,0,-1,-2,-3,-1,0,0
,-1,-1,0,0,2,-1,-1,0
,0,-1,-1,1,0,-2,-1,-1
,0,0,-2,-4,-4,0,0,0
,0,-1,0,0,-1,-2,-3,-1
,1,0,-6,-1,0,-2,0,-1
,-2,-2,0,-1,1,0,-1,-1
,-1,-2,0,2,0,-2,0,-1
,-2,0,0,-2,-1,1,-1,0
,1,1,-2,-1,-1,0,-1,-2
,-1,-2,-3,-2,0,-1,-2,0
,1,-2,-3,-1,-3,-2,-1,0
,-1,-1,0,-1,-2,-4,-1,-1
,-2,-1,0,3,1,-2,-1,-1
,-2,-1,-1,1,1,0,1,-1
,0,2,0,1,-2,0,-1,-2
,-1,-3,-3,-6,0,1,-1,-1
,-2,-2,0,-1,-1,0,-1,0
,-2,-1,-2,1,0,-1,-1,-1
,-2,-1,1,0,-2,-2,0,0
,0,0,-3,-3,1,-1,-1,-1
,-1,0,-2,-4,-1,0,0,-1
,1,-1,-3,2,2,0,-1,-1
,0,0,-1,7,-1,-1,0,-1
,-2,-2,-4,-2,-3,-2,0,0
,-2,-1,1,-3,-3,-2,0,0
,-2,-2,-4,-4,-4,-2,-1,-1
,-1,-1,-1,-4,1,0,-2,1
,-2,-3,4,2,0,-1,-1,-1
,-1,-2,-1,1,-1,-1,-2,-1
,0,0,-2,-2,-3,-1,-2,0
,0,-1,-2,-2,-1,1,0,-1
,1,2,1,2,1,2,-1,-2
,0,1,3,3,0,2,-1,-1
,1,-1,-3,-4,0,0,-1,-1
,-6,-3,-4,-9,-1,-3,-1,-1
,2,2,0,3,0,0,-1,0
,1,-1,-3,0,-1,0,-1,-2
,-3,-2,-2,-4,-2,-2,-1,-2
,-1,-2,1,4,0,1,-1,0
,3,-2,-2,-1,-2,-1,-1,0
,-1,3,8,2,6,1,-1,-1
,-4,1,0,2,0,-1,0,-1
,3,-1,-1,-3,-2,-1,-1,0
,-3,-2,-3,-1,-5,-3,0,-2
,-4,-4,-5,-6,-5,-1,-2,-1
,-1,-1,-3,-3,-2,0,0,-1
,1,1,5,3,1,-1,-1,-1
,-3,1,-1,1,2,0,0,-1
,-1,-1,0,-1,-3,0,0,-1
,-2,-2,2,3,0,-1,0,-2
,0,0,-3,-2,-3,-3,-1,-2
,-2,-2,0,-1,0,0,-1,-1
,-3,-1,-3,-1,0,-2,0,0
,0,-1,-4,-5,-1,-2,0,-1
,2,-1,0,4,-1,-1,0,0
,-3,0,0,0,1,-1,-2,0
,-2,-1,-2,-6,-1,-1,0,-1
,2,0,-2,3,0,0,-2,-1
,0,-1,-5,0,-2,0,-2,0
,-5,-2,1,-6,-4,0,0,-1
,1,-2,-3,2,-1,-1,0,0
,2,0,3,0,2,0,-2,0
,-3,-1,-4,-9,-2,-1,-2,0
,0,1,-2,4,2,0,0,-1
,1,2,3,1,-1,-1,-1,0
,-1,-3,1,1,-3,-1,0,1
,-4,0,1,-2,2,-2,0,-2
,0,-2,2,-2,-3,-1,-2,0
,1,-2,-5,-2,0,-2,-1,1
,-2,-2,-3,-1,0,1,-1,-1
,-1,-3,-6,-2,-1,-1,-1,0
,2,-2,3,3,-1,-2,0,0
,-1,-2,-2,3,1,-1,0,-2
,-1,0,0,-4,-1,-1,0,0
,1,0,1,3,-3,1,0,1
,1,-1,-2,-5,-1,-2,0,0
,-3,-2,-3,-4,-2,-1,-1,0
,1,1,-2,0,-1,-1,0,0
,1,-1,5,2,0,0,-1,-2
,-2,2,1,-4,-3,-1,-2,-2
,0,0,-5,-2,0,-1,0,0
,-2,0,0,0,-1,-1,-1,0
,-2,0,2,4,2,-1,0,-1
,0,1,0,0,-3,0,1,1
,1,-2,-2,-3,-3,0,-1,-3
,-2,-1,-2,-4,0,0,-1,0
,-1,0,4,1,0,-2,0,-1
,0,-1,-5,-3,2,0,-2,-1
,0,0,2,-2,-1,-1,0,-2
,-1,-2,-1,4,-1,-1,-1,0
,-1,-3,-5,0,-2,-2,-1,-1
,-1,-2,2,-2,0,-1,0,0
,-2,0,-1,0,-2,0,-1,-1
,-1,-2,-1,-2,-2,-1,-1,-1
,-2,-1,-3,-3,0,-1,-1,-1
,-1,-1,-3,-2,0,0,0,1
,-1,0,2,3,2,1,-2,0
,0,1,1,1,-2,-1,-2,-1
,0,0,-2,-4,-1,-1,-1,0
,-1,-1,2,1,-1,-1,0,-1
,0,0,0,0,-1,-2,0,-1
,-1,0,-4,-2,-3,-2,0,-1
,-1,0,2,4,5,2,0,-1
,-1,-2,-1,-2,-2,0,0,-1
,-2,-1,-1,-1,-5,-2,0,-1
,-2,-2,-3,-7,1,0,-2,-1
,-1,-1,-5,0,-2,-2,-1,-1
,-1,0,5,5,3,0,-1,-1
,-1,0,1,1,1,-1,-1,-1
,0,0,-1,-3,-2,-1,0,-2
,-2,0,-4,-5,-3,-1,-1,1
,-1,-2,-3,0,1,-1,-1,-2
,-1,0,2,-1,-2,0,0,-1
,0,0,1,0,1,-2,0,0
,1,-2,-5,-3,-1,0,-1,-1
,0,0,-3,-2,-4,-1,-1,0
,-1,0,1,-2,1,-1,-1,-1
,0,1,6,8,1,0,-1,0
,-1,1,-2,-2,1,0,-1,-1
,1,-1,-3,-1,0,-2,-1,-1
,-1,-2,1,-1,0,0,-1,0
,0,1,-1,1,-1,-1,0,-2
,0,-4,-1,-4,-3,-3,0,-1
,-1,-2,0,-5,-1,-2,0,-1
,1,-1,-2,-2,-2,-2,-1,0
,-2,-3,-1,-1,-2,-2,1,-1
,0,-1,-4,-3,-2,0,0,0
,-2,-1,-1,2,2,1,0,0
,1,1,6,4,-1,-1,-1,0
,-2,-1,-7,-4,-2,-2,-3,-1
,-1,-2,0,0,-3,-2,0,-3
,1,-1,-2,2,-1,1,-2,0
,0,0,-2,-2,1,0,-1,1
,0,-3,0,0,-1,1,1,1
,-1,2,-1,-2,0,-1,0,-1
,-2,-3,-1,-4,-3,-1,-2,0
,-2,3,-2,2,4,-3,0,-2
,-1,-2,-2,-2,0,-1,-2,-1
,-2,-3,-1,0,0,0,0,-1
,1,0,1,1,0,-1,0,-1
,-2,-4,-2,-3,-2,-1,-1,-1
,0,6,0,1,-2,-1,0,0
,0,0,1,2,-2,0,-3,0
,-1,1,-5,-5,0,-1,0,-2
,0,0,-4,-1,-1,0,0,0
,0,-3,2,2,2,-1,-3,0
,-2,-1,3,3,-1,-1,-2,0
,-2,-1,-2,0,0,-1,-1,1
,0,-4,-3,-5,-2,-1,-1,0
,-1,-1,-3,-1,-4,-2,0,-1
,0,-3,3,-2,-2,0,-1,0
,-1,-1,-1,-4,-3,-3,-2,-2
,-2,-4,-3,1,0,-2,0,0
,2,0,-1,1,0,0,0,-1
,1,1,2,-3,0,-2,-1,-1
,-2,-1,0,5,2,0,0,-1
,-1,-2,-2,-1,-1,-1,0,-2
,-3,-7,-1,-2,0,-1,-1,-1
,0,2,-3,1,-1,-1,0,0
,0,2,-1,-5,-1,1,-1,0
,1,-2,-2,-4,-2,0,-1,-1
,-2,-1,3,1,0,0,-1,0
,-2,-1,-1,1,0,-3,0,-2
,-1,-1,-2,-4,-1,0,0,-1
,0,0,-2,3,-1,-1,0,1
,0,1,4,-4,-1,-1,1,0
,-3,-1,1,-3,1,-1,-1,-1
,0,0,4,5,-1,-2,0,-1
,-1,-1,-4,-1,-2,-2,-3,-1
,-2,-1,-7,-3,-1,-1,0,-1
,0,-3,0,-5,-1,-1,-1,0
,1,3,1,1,-2,0,-1,0
,-1,1,2,3,1,1,1,-2
,-1,-3,-1,-4,-3,-2,-1,0
,-1,0,-3,3,2,0,0,0
,-2,-3,-3,-3,1,-1,0,0
,0,0,-1,-2,-1,-1,-1,-1
,-1,-1,1,1,0,0,-1,-1
,0,0,-2,-1,-2,0,1,-1
,-2,-2,-1,-3,-2,-1,-2,-3
,-3,-1,-2,-1,-2,-1,-2,-3
,0,0,-3,-2,2,1,-1,0
,0,-2,2,4,1,-1,0,-1
,-1,-3,-2,0,-3,1,-2,-1
,0,-1,6,-1,-1,0,-1,-2
,-3,0,-3,0,-2,-2,-2,0
,0,-1,-4,-5,-3,-1,-1,0
,-1,-1,5,1,-2,-2,-1,0
,0,1,-3,-3,0,-1,0,1
,1,-1,3,4,2,-1,-1,-1
,-1,0,-1,1,-2,0,-1,-1
,0,-1,-4,-1,-1,-3,-1,0
,-1,-2,-2,-5,-3,0,-1,0
,0,1,-2,-3,0,-1,-2,-1
,0,-2,3,2,1,0,-1,1
,0,1,-4,-1,-1,-2,1,-1
,-2,-2,1,-1,-2,0,-1,-1
,-1,0,-2,-2,2,-1,1,-2
,0,0,-6,-1,0,-1,-1,0
,-1,-1,8,4,-1,1,0,0
,-1,-1,-2,0,1,-1,-2,1
,1,0,-1,0,-2,-1,0,0
,0,-2,1,-2,-2,-1,-2,-1
,-3,0,-5,1,0,-4,-1,-1
,1,0,0,-1,-1,-2,-1,-2
,-2,-1,1,-4,-5,-1,0,-2
,-1,-1,-1,0,1,-1,0,-1
,0,-1,-1,0,-1,-1,-1,0
,0,-1,-1,1,0,1,0,-1
,0,0,0,-1,-2,-1,-1,0
,-2,-3,0,-5,-3,-1,-1,-1
,0,-2,-1,-2,-1,0,-1,-3
,-1,2,-3,1,2,0,0,1
,-2,-2,2,2,-1,-1,-1,-1
,0,2,2,0,-3,0,-1,1
,0,-4,-8,-5,-1,1,0,1
,0,0,4,3,1,0,-1,-2
,-1,-1,-2,-1,0,0,0,0
,0,0,-1,1,-1,-2,-1,0
,-2,-2,-2,-4,-2,0,0,-1
,1,-2,-2,-3,-2,-1,0,0
,1,-2,0,-4,-1,-1,-2,0
,-1,-1,0,3,-2,-1,0,-3
,-1,0,-1,0,1,1,0,0
,1,0,-2,1,0,0,-1,1
,-1,1,2,2,1,-2,0,1
,-1,-2,-4,-7,-2,-1,0,0
,1,-2,0,1,-1,-2,-1,0
,-1,-1,-2,-1,-1,-2,-1,-3
,-1,-2,-1,-1,-1,-1,-1,-1
,-1,0,1,0,2,1,-2,0
,-2,-1,-3,-4,-4,-1,-2,0
,-2,-2,0,-1,-1,-1,0,-1
,-1,1,-2,1,0,-2,-2,-3
,-1,-1,-2,1,1,-2,-2,-2
,0,0,3,-1,1,-2,0,-2
,-2,-2,-6,-5,-2,-2,0,-2
,0,-3,-1,0,0,-1,-2,-1
,-1,0,1,0,-1,0,-1,1
,-1,-3,-2,-2,0,-1,0,0
,-1,-1,-4,-6,-4,-2,-1,0
,-1,0,2,4,2,-1,0,-1
,1,-1,-2,0,0,-1,0,1
,-1,0,-1,-1,0,-2,0,-1
,-1,0,0,7,4,0,1,0
,-1,-2,-3,-7,-3,0,0,0
,-2,-1,2,2,1,-1,-1,0
,-2,0,1,-3,-5,1,-2,-1
,0,-2,-2,-8,-2,-3,-1,-2
,-1,-2,-5,5,1,-2,1,-2
,1,1,-2,-5,1,1,1,0
,-1,1,-2,-2,0,0,0,-1
,-1,0,3,5,0,0,-1,0
,-1,-1,-2,-1,-3,-1,-2,0
,-2,-1,-4,-3,-1,0,-1,0
,-1,-1,-1,-2,1,0,-1,-2
,-1,1,-4,-3,-2,-1,0,0
,0,-2,4,-6,-2,0,0,0
,0,0,1,2,-2,-1,0,-1
,0,-1,-1,6,1,0,-1,0
,-2,-2,1,5,2,0,0,1
,0,-1,0,-2,-2,-2,0,-1
,0,-2,-1,-5,0,-1,-1,-1
,-2,-1,0,-4,-2,-1,-2,0
,0,-3,-4,-3,-2,-2,-1,0
,-1,0,3,2,0,-1,0,0
,-1,-1,-6,-4,-3,-2,-2,-1
,0,-2,0,2,0,-1,0,-1
,1,-1,4,0,0,0,0,0
,-1,-1,-2,0,-1,0,0,-2
,-2,-1,-3,1,0,-1,0,-1
,0,-1,1,-4,-1,-1,1,-1
,-1,1,-5,-5,-3,-2,-1,0
,-1,-1,0,3,0,0,-1,0
,-3,-1,0,5,0,-1,-1,-2
,-2,0,-2,-1,-1,-3,-2,-1
,-1,-1,2,1,-1,-1,-1,-1
,-2,0,-3,-6,0,0,-1,-1
,0,0,0,-3,-1,-1,-1,0
,0,-1,2,5,-3,-1,0,-1
,-1,-1,0,-7,-4,-1,-2,-2
,2,2,-5,0,4,-1,-1,-1
,1,-1,4,5,0,0,1,0
,-1,-1,0,-1,1,-1,-1,0
,1,-2,-2,1,-4,-2,-1,-1
,-2,-1,-3,-3,-2,-1,0,0
,-1,0,-1,-3,-1,-1,0,-1
,-1,0,-2,2,-1,-1,0,-1
,-1,-1,-2,-2,-2,0,-1,2
,-3,-1,-4,-5,-2,-2,-2,-3
,1,0,0,2,0,-1,0,0
,0,-2,-1,0,1,0,-1,-1
,0,-2,2,-1,2,0,0,0
,-1,2,-1,-3,1,1,1,-2
,1,-1,-3,0,-3,-1,-2,-1
,-1,1,-1,-2,-2,-1,0,0
,-1,-3,-3,-1,0,-2,0,-2
,-2,-7,-1,0,-4,-1,-3,-1
,-1,-2,-1,-2,1,0,0,-2
,0,1,-1,-5,1,-2,-2,1
,0,4,-2,2,0,-1,-1,0
,-1,2,1,2,-5,-1,-3,1
,-1,-12,-2,0,-2,0,-1,-1
,0,0,-1,3,4,-1,-2,-1
,0,-1,0,0,0,0,-1,0
,-1,2,-1,-5,-2,-1,1,0
,0,3,-4,-4,-5,-1,-1,-2
,-1,-3,-2,1,0,-2,0,-1
,-1,0,-1,-2,-2,-2,-2,0
,0,-1,-2,1,0,-1,0,0
,0,2,1,-4,0,-2,0,1
,-1,0,1,-1,0,0,0,0
,0,1,0,3,-2,-1,1,-2
,0,-3,-1,0,1,0,0,1
,-3,-4,-1,-6,-1,-1,-1,0
,2,2,-5,-6,-1,-1,-1,-1
,-1,0,1,8,-1,0,-1,-1
,0,0,3,2,0,-1,-1,-1
,-2,3,-1,-1,-1,-1,0,-1
,-4,-10,-4,-5,-2,-1,-1,0
,0,1,-4,-2,-1,-2,-1,0
,0,-4,0,4,5,1,-1,0
,-1,1,1,-1,-3,0,-1,-1
,-2,-1,-1,2,-2,0,1,-2
,-1,1,-2,-4,-2,-2,-1,-1
,0,1,0,-1,-3,-2,-1,0
,-4,-13,-1,0,0,-1,0,0
,0,0,-2,-2,-3,-3,-1,0
,1,6,0,-2,0,-1,-1,-2
,0,-2,-2,-1,-1,0,0,-1
,-1,4,0,-2,3,0,-1,0
,-2,-7,2,6,-1,0,0,0
,5,9,0,0,-2,0,0,-1
,-2,-3,-3,-6,-2,0,0,0
,-5,-8,-4,1,0,0,-2,-2
,-3,-16,2,1,0,1,0,1
,1,11,-1,-3,-1,1,-1,0
,8,23,0,-4,-3,-2,-1,-1
,-5,-17,-5,-5,-4,-1,0,-2
,-4,-2,3,6,2,0,0,0
,-10,-33,0,1,2,-1,0,-1
,8,19,-3,-3,-3,1,-3,-2
,3,10,1,0,-1,-1,-4,1
,-5,-8,-7,-4,-4,-5,1,-3
,3,-1,2,1,3,0,4,0
,-8,-17,2,-2,-4,0,-1,0
,2,28,-1,-2,-7,-4,0,-2
,0,-1,-3,-5,16,3,7,4
,-3,-2,0,0,-4,-3,-13,-10
,1,-6,3,2,-3,-3,3,0
,-8,-27,-3,1,-6,0,9,-2
,1,27,-2,-3,10,5,-21,2
,-3,20,-5,-4,-7,-2,-4,-1
,-2,18,3,7,11,3,0,-3
,5,-24,2,3,6,-6,-3,5
,2,16,-6,-5,-15,-2,7,-4
,-2,5,0,-1,3,2,4,1
,3,-18,1,3,-20,0,-12,-2
,-9,11,-4,-4,-11,-3,2,-4
,6,15,7,4,19,4,0,2
,-5,-44,-7,-6,-8,-2,2,-4
,-10,-13,-6,-2,-6,-6,-16,-1
,8,46,2,-1,-2,5,4,2
,-9,-48,-2,-2,4,0,0,-1
,0,9,2,0,-6,0,2,3
,-2,-4,-5,-1,4,-2,23,5
,1,-5,0,3,11,-1,-34,-8
,1,38,4,0,-22,-2,-8,-5
,-10,-49,-2,-2,2,-2,-1,-1
,4,4,-1,-6,-3,-8,8,3
,-2,-9,-1,-1,-8,2,5,-3
,5,11,3,4,10,1,4,5
,2,20,-1,1,10,4,3,-1
,-9,-36,-4,0,-14,-7,-3,1
,0,8,4,3,16,0,1,1
,-4,-16,-6,-7,-10,-9,-5,-5
,3,9,-2,-4,-17,-7,1,2
,-3,9,-1,1,8,6,-4,-4
,11,1,8,6,23,6,3,5
,-14,-26,-11,0,-15,0,20,-4
,11,32,6,0,10,-3,-11,3
,2,-3,-1,-2,-1,2,-6,0
,0,28,-5,-3,-4,0,2,0
,11,16,4,-2,-14,-3,1,3
,-2,-7,0,1,-9,2,1,2
,-6,4,-4,-4,16,-1,-11,-11
,0,-8,-2,0,-2,3,6,2
,1,-20,3,1,9,-4,0,0
,4,36,-3,1,-12,1,2,-1
,-1,-5,3,-1,-12,2,-12,0
,-2,-4,-2,-2,10,-3,6,3
,6,1,-1,0,-1,4,-3,-4
,-10,-18,-4,-3,-3,-2,-7,2
,0,5,0,1,6,9,4,-6
,0,-6,-3,-7,-15,-19,-13,-1
,-9,-30,-1,2,-2,1,-2,-1
,-4,-5,1,1,10,7,-2,-1
,-4,18,-3,-6,1,-1,4,-1
,1,8,-2,4,-14,-5,2,-3
,3,24,5,1,5,-4,18,2
,-15,-57,-6,-1,-7,1,-33,-4
,11,12,1,-3,-4,-8,14,2
,-4,9,-3,-5,-3,2,-1,-1
,-4,14,-3,-5,-6,0,-3,-3
,0,-8,-2,-5,-4,-7,10,-2
,-7,-19,-5,4,-10,-4,3,3
,1,-1,7,8,18,8,-13,-8
,-2,-9,-4,2,3,2,-1,2
,-5,24,0,0,1,-1,6,-2
,4,-1,-1,-6,-6,-7,-6,1
,5,-3,0,-6,-8,-2,10,4
,-7,-7,-4,3,7,2,-8,-5
,5,-6,1,2,6,-2,2,-3
,-3,3,-2,1,4,0,5,7
,4,26,1,-3,-13,1,2,1
,-3,-40,-6,-5,3,-2,-10,-1
,-5,-16,-4,-5,0,-3,5,-3
,0,-12,6,7,2,1,-1,-2
,-2,-6,0,-2,-5,0,0,-1
,5,32,0,-5,-3,-2,-9,-2
,5,10,0,3,2,0,5,1
,2,14,2,1,4,1,0,-2
,-20,-60,-6,-1,-5,0,-1,-2
,1,41,1,0,-5,-5,-3,-3
,4,-18,-1,-3,-5,-5,1,1
,0,6,0,4,16,3,-2,-2
,0,-3,-2,0,-1,1,6,-1
,-2,11,-3,-5,-8,-4,-2,1
,2,12,-1,-3,-8,-2,1,-1
,-1,1,-4,-4,2,-7,3,-1
,-2,2,0,2,-9,-4,-16,-3
,1,-12,0,-2,-9,2,-3,-4
,-1,-7,4,4,26,13,-3,0
,1,3,-2,-5,-16,-3,-3,0
,0,-13,-3,-4,2,0,11,0
,0,-16,1,4,-1,3,15,3
,5,28,4,-1,-19,-9,-28,-2
,-4,-11,-3,-1,2,4,-11,-5
,-3,-10,-6,2,16,1,8,9
,-1,-8,1,-3,-9,-3,-1,-1
,0,-12,-2,0,1,-2,13,0
,2,25,1,-1,7,2,2,-1
,-4,-6,-1,-6,-11,1,-9,-4
,-1,1,-4,-2,-3,-5,-3,-2
,-2,-25,1,7,8,5,3,1
,3,19,-1,-1,0,-2,-1,2
,-1,-7,-1,-1,-15,-6,0,-2
,-1,7,-1,-3,-15,-8,-8,-4
,0,1,-2,-4,4,-1,18,1
,-11,-29,-3,1,-3,7,-19,-4
,0,10,-1,-4,3,-4,-7,-6
,3,-4,1,-1,-3,0,1,1
,-2,12,-2,0,-12,-11,-3,0
,-1,-7,-3,-2,-3,-2,6,1
,-1,2,-3,-2,-4,-1,-1,-3
,4,-2,-1,-4,11,-1,5,4
,-3,13,1,0,-5,1,-8,-7
,-3,-21,2,2,-2,-1,2,-1
,3,10,-3,-1,20,5,-8,-2
,4,-1,2,7,9,-4,2,1
,3,11,-2,-2,4,-7,4,0
,-4,-12,0,-4,-24,-10,0,-3
,-1,-1,-1,3,1,6,-1,8
,1,2,-3,-3,8,5,-3,-1
,-3,-1,-2,-4,2,4,9,-3
,-2,3,2,3,-10,-8,-9,2
,7,14,3,1,14,-7,7,-1
,-4,-23,0,1,0,1,-8,0
,1,5,-2,-2,-8,2,1,4
,0,-1,-3,-2,3,3,8,-3
,-2,3,0,-1,-5,-1,-1,-2
,1,18,0,-2,1,2,1,1
,-4,-4,-2,2,6,-1,-5,-3
,4,9,-3,-2,-3,-1,4,0
,-1,-5,0,-2,5,1,-3,1
,-1,-4,-1,-2,-2,3,-3,-2
,0,1,1,-4,-3,-7,-1,2
,1,6,0,7,1,2,0,-2
,-6,-8,-3,-2,-13,-5,1,-1
,-4,-1,-2,-5,-3,-3,2,-2
,-1,3,-4,0,2,2,3,0
,1,-2,1,-1,26,10,-2,-3
,-3,5,-1,-1,-8,-5,-1,-2
,-3,6,1,5,-6,3,-6,-3
,6,19,0,-2,-3,-5,6,1
,-7,-22,-1,-4,9,3,4,2
,0,3,4,2,-11,2,2,-1
,1,-2,-3,-3,-16,-15,-10,-1
,2,3,0,6,6,14,0,1
,0,-3,-4,-8,-4,-9,0,4
,3,14,-2,-1,1,6,3,-9
,-11,-14,-3,-5,-3,-4,-4,-3
,-1,-17,1,6,-10,-2,3,2
,-1,-9,0,0,9,6,0,5
,-1,-8,2,1,5,-19,5,-8
,-5,4,-1,2,-4,16,0,-1
,0,-7,-1,-9,9,10,-2,1
,4,5,-3,0,11,7,1,-8
,-2,-8,0,-3,2,0,13,18
,2,0,-1,2,7,13,1,-14
,-3,-3,2,1,1,9,6,11
,10,24,2,0,-7,-2,-7,0
,-14,-37,-6,-4,-7,-5,-3,-5
,1,6,0,-1,4,-16,8,3
,-1,-3,-1,-2,-4,-6,16,3
,-3,-3,1,-2,-4,4,-18,-5
,5,16,2,4,3,0,-1,2
,-1,1,-2,-2,1,-4,-8,-1
,0,2,-1,-2,-1,-3,-8,-7
,-3,-11,0,-3,-1,-8,9,0
,-1,13,-4,3,-1,6,-2,1
,3,-10,3,-2,-1,-6,2,1
,1,9,0,-3,-20,-3,7,-2
,-3,-7,-2,1,32,7,-3,-7
,0,-14,1,-3,-5,11,-3,-8
,4,13,0,5,0,-16,-12,13
,-6,-1,-6,-7,-7,-2,-8,-7
,-5,-9,-4,0,-19,10,-22,-2
,5,8,1,0,4,1,7,-2
,7,19,-1,0,-1,6,20,-4
,-13,-38,-1,-1,-7,-26,-14,0
,4,41,-1,-1,-16,-14,8,-5
,4,-3,-2,-2,-2,8,-10,3
,-2,3,-1,-3,-4,-2,-3,-2
,-1,0,-1,-7,4,-1,-4,-3
,-3,-6,0,4,3,-1,10,-1
,3,-5,0,6,4,-4,1,2
,-2,-13,4,3,2,-4,-13,-4
,1,6,-2,0,7,9,-7,-5
,-4,-3,-2,-3,1,-1,6,2
,-2,-5,-2,-5,-7,0,-20,0
,1,4,-3,0,3,-6,20,-4
,0,-9,-3,1,4,8,-2,-4
,-3,3,-1,-3,-2,-4,4,-2
,1,-7,1,3,8,2,19,3
,0,-4,-1,-2,-3,-3,-25,-2
,-9,-3,-2,-5,0,0,7,2
,-1,-2,0,1,-10,-4,5,-2
,-1,6,2,2,15,4,1,-2
,-6,-6,-3,-8,-17,-28,-1,3
,6,15,5,10,30,40,-3,2
,0,-17,-1,3,-4,-3,1,-2
,-2,5,-1,-4,-11,-6,-24,-6
,-4,-5,0,3,4,5,-1,-3
,6,3,-1,-4,-1,-11,-7,3
,-4,0,1,2,-4,-1,6,4
,-5,-4,-1,-5,0,-8,-12,-1
,3,4,-1,2,-2,7,-4,1
,-3,-3,-2,-1,-12,-4,2,-3
,4,3,-4,-5,6,6,23,6
,-4,-2,-3,-8,-13,-9,-2,-3
,-3,-8,0,1,12,15,-3,-1
,-5,6,0,2,3,-16,-22,-9
,-4,-9,-1,-3,-13,-7,-13,-4
,0,8,-3,2,-5,-2,2,0
,-2,-6,-1,-1,4,4,1,-5
,5,1,2,0,4,1,-4,-2
,-10,3,-3,1,-14,-10,-4,1
,-3,-22,-3,2,9,2,-11,1
,1,2,-1,-2,2,-4,30,5
,3,2,-1,-3,-4,23,8,-8
,-1,-5,-4,-2,11,-6,-22,3
,2,8,1,0,-3,6,25,7
,-2,-5,0,-3,-9,-14,-15,-5
,-3,-5,-1,4,27,6,27,3
,2,12,0,2,-2,-2,-60,0
,-3,11,-3,-7,-9,-16,11,-4
,1,-4,-4,-3,3,6,-10,-2
,2,2,-3,0,-20,-15,-11,-1
,2,1,1,-1,18,10,19,-1
,-4,-12,2,4,0,-6,-10,-5
,6,10,1,2,-8,-1,-6,8
,-2,-5,-1,-3,0,0,14,4
,-2,-13,-5,-6,-10,-8,22,-12
,7,1,6,6,-2,25,7,4
,-5,3,4,5,21,10,13,2
,-6,5,-3,-4,-6,-19,-17,5
,-2,-14,-1,3,-18,1,-13,-9
,7,10,-1,-4,11,-1,-16,0
,-14,-32,-7,-7,-20,10,41,-2
,4,7,4,7,22,-6,-20,8
,1,2,-2,-3,-6,1,23,6
,-7,-3,-1,0,2,-3,7,-7
,4,10,0,0,-8,-3,-16,4
,3,10,2,0,-2,-3,5,-15
,-6,-8,0,2,-3,11,2,0
,-3,-20,-3,-5,1,-6,6,8
,7,7,-1,-2,4,-4,-5,-2
,-4,3,-2,-1,-12,-2,-1,2
,1,7,-3,-8,6,-1,-2,1
,-2,-3,-3,-1,-5,-4,-10,-6
,-2,-1,-3,6,5,5,-8,-2
,3,3,2,-3,-9,-1,-6,-1
,1,-9,3,3,7,-9,3,2
,2,16,-3,1,-3,6,9,5
,-2,1,-4,-2,2,0,-19,-9
,1,2,-2,-3,-8,-1,-1,-4
,4,14,0,-7,-4,-1,-6,-2
,-4,-8,1,1,5,-7,-5,-2
,2,2,-2,0,-4,-5,4,4
,2,-10,2,5,9,25,6,-6
,-4,10,-2,-6,-12,-8,-4,-1
,2,4,2,-3,-7,9,-4,-3
,-3,-4,-3,-2,16,-4,-7,-6
,-8,-11,-2,-5,-7,-12,9,0
,1,-18,-1,-3,1,6,9,3
,-2,5,-2,3,5,-5,18,-5
,2,1,0,-1,-4,2,-3,9
,-3,-2,-2,-3,-21,-13,-26,-3
,-1,7,-2,-2,29,-1,-4,-4
,0,-11,-4,-2,-6,6,-11,0
,-7,-10,0,-4,-9,-2,17,-9
,5,0,-3,0,-2,9,-14,11
,2,12,2,10,2,-2,-7,-7
,-5,-3,-3,-6,-4,-4,-16,-5
,0,-2,-1,-4,2,-31,-3,-5
,6,6,-2,4,3,32,-20,-2
,-9,-30,3,-2,-6,-11,10,3
,2,12,1,-2,-5,-2,6,2
,4,11,0,1,-5,2,-7,2
,1,15,-3,-3,2,-18,25,-2
,-5,-29,-1,-1,-6,2,-13,3
,-3,-9,-2,2,-1,1,8,-9
,3,1,0,-5,-12,0,21,21
,-1,0,2,1,8,25,41,4
,1,3,0,1,2,4,3,-7
,12,3,0,6,4,-28,49,20
,-7,-11,-5,-3,-14,50,8,-13
,-8,-1,-3,-10,-5,-91,-53,-31
,5,19,3,2,12,62,-14,16
,-1,-14,-2,-2,-13,-9,47,2
,2,17,1,0,1,-14,-44,17
,-6,-17,1,6,-10,-4,9,-3
,1,2,-6,-4,-10,-65,69,-12
,0,15,-5,-9,0,45,-40,5
,-18,-32,-4,-10,-12,-81,-46,-18
,7,7,0,8,25,122,18,25
,-8,-7,0,-2,1,-25,-78,-25
,3,27,-4,1,13,-8,-11,0
,2,-26,4,2,-6,-9,13,-5
,-8,-3,-6,-3,-12,-47,-3,1
,7,10,-4,-6,-16,9,-18,1
,2,13,5,2,-2,-23,-14,-13
,-3,0,-4,0,9,48,-7,-12
,-11,-32,-4,-10,4,-26,-37,-1
,7,15,5,6,1,-23,10,11
,-11,-17,4,-1,2,33,-52,4
,16,39,1,6,7,-3,14,8
,1,-2,-2,-3,-13,11,29,-1
,-8,-5,-5,0,-8,-61,20,-5
,3,-9,7,6,33,65,13,11
,-6,-37,-6,4,-2,12,32,5
,5,26,2,-7,-9,1,38,-2
,-6,-6,-2,1,-8,13,-38,1
,0,5,-2,2,-19,-56,7,-12
,-2,-3,5,6,5,33,13,8
,0,-4,-2,-1,25,-23,15,-7
,3,-2,2,2,-13,12,3,11
,-6,-3,0,-1,16,2,-15,3
,2,1,0,-3,-20,-47,-7,-11
,-2,-9,-3,-4,22,60,22,0
,-3,-11,-3,7,11,-11,45,12
,-10,3,-9,-11,-29,-58,-38,-17
,3,24,7,4,50,21,-8,-19
,0,3,0,2,-17,45,-53,-7
,1,7,-4,-4,15,12,49,-8
,-11,-5,-5,-7,-3,4,-7,-9
,3,-5,-3,0,5,-22,-11,12
,-5,0,-2,2,-11,-29,-21,-14
,0,14,0,-9,-8,20,-5,-4
,-1,-10,-1,-1,-12,-12,-4,-7
,1,3,0,-1,1,7,13,3
,3,2,4,1,-6,-20,7,4
,-7,-1,-6,-8,-12,31,-14,2
,5,-8,-1,-1,-17,-10,32,17
,-3,18,-1,-1,38,2,-52,-8
,2,-13,-3,0,-7,-12,26,16
,0,18,1,-1,3,-2,-22,-11
,-4,-44,-1,2,-4,14,-40,-8
,-7,10,-1,-4,-23,41,15,2
,-4,-2,0,-11,-11,-34,-27,1
,-1,4,-2,4,-1,-16,-6,-12
,2,4,-4,-6,4,24,56,-8
,3,-2,4,5,2,-12,-58,9
,1,10,2,3,8,-26,-12,-5
,8,1,5,0,-3,7,-9,12
,-3,-11,-4,-3,6,23,-2,18
,-2,3,-6,-1,-32,-80,-11,-18
,-6,-3,-2,0,1,43,11,-7
,-2,-4,1,-1,3,-27,57,7
,7,9,3,9,18,19,-24,19
,1,-12,0,2,-16,1,11,8
,6,24,5,-5,-8,9,-24,19
,0,-50,-8,0,1,-5,-52,-7
,-4,8,0,-5,-6,-26,26,-9
,2,0,-1,-2,-17,-52,10,-11
,3,1,5,8,8,-35,3,5
,-1,0,0,-3,-12,68,24,-11
,0,-3,2,3,27,-55,-13,4
,7,42,-3,-11,-5,46,-2,-5
,-4,-20,-2,0,-18,-39,16,15
,-1,10,2,2,9,-35,-68,-6
,-17,-32,-4,-1,-36,-63,-6,-5
,-3,-5,5,8,28,109,78,-11
,-3,-17,-1,-5,-10,-28,-4,13
,0,1,-3,-1,-10,1,3,4
,11,5,-6,3,-7,2,46,13
,-10,-13,-5,-12,4,60,-27,12
,-4,-1,-10,-2,13,19,5,-20
,5,6,6,17,6,-50,-49,-9
,-7,12,-4,-19,15,-3,25,-41
,1,-14,-4,-2,-16,47,37,11
,-6,-12,-1,1,-19,-84,-40,-11
,4,17,-4,-7,27,84,87,17
,1,-6,3,7,-14,11,-10,10
,-16,-10,-2,1,-2,-51,-23,-22
,12,28,2,0,17,-7,-57,-5
,-3,20,-1,-9,-20,-22,31,4
,3,-38,2,2,-9,3,15,11
,17,-1,-6,11,9,-17,-16,39
,-10,5,2,1,2,3,14,-27
,-10,-6,4,2,-17,-39,-55,-6
,13,54,4,1,38,3,-11,8
,-2,-13,2,-5,-1,30,-1,-5
,-5,-33,-7,-4,-46,-63,11,-8
,11,18,-2,-4,26,116,3,22
,-7,1,-2,-7,-29,-70,40,-18
,-1,-22,2,1,25,-21,78,29
,14,27,-4,-2,9,66,16,27
,-9,-15,-6,-5,-17,-89,-51,1
,-1,-15,0,12,20,16,31,-2
,-2,-11,-7,-1,6,-65,-56,-21
,4,-2,6,1,58,127,87,-5
,-10,-46,0,-4,-9,-95,32,-36
,-6,41,1,1,-20,-52,-99,-24
,-10,-17,-3,-3,-26,27,24,29
,-4,-7,-5,0,25,-28,-27,7
,-14,-2,-12,-13,-23,-45,-8,-7
,3,-33,3,13,21,-26,10,-5
,7,23,1,-2,6,92,-58,-9
,7,15,-6,7,25,71,38,27
,-7,-36,0,-7,-15,-23,15,10
,-1,25,-4,-10,-8,92,-4,-11
,-6,-16,-3,-1,-1,-76,-87,14
,8,-25,-2,1,5,69,79,28
,2,41,-3,0,9,37,-4,-8
,-2,-10,4,-2,-16,-41,-12,4
,2,-11,-4,-1,-20,15,-2,-35
,-11,-7,1,-9,-6,-98,49,-22
,20,15,4,4,-38,-22,10,3
,9,-2,2,5,-31,47,-17,32
,-11,-8,6,12,27,-66,127,-55
,0,12,6,-2,-80,-103,-41,31
,5,-9,3,1,42,127,-50,-4
,2,20,-2,-7,-5,-38,-115,39
,3,-3,4,7,67,72,-51,-8
,-1,3,-1,4,39,42,-21,-13
,9,29,-1,0,-42,-75,29,20
,-1,-16,1,8,16,121,-88,-14
,1,35,-7,9,76,31,20,32
,-23,-51,-11,-20,-44,-81,17,-35
,-13,16,-6,-7,1,48,-68,-10
,-10,-5,0,-7,8,-34,94,-40
,-6,8,-3,-9,-87,49,62,-9
,12,-3,9,5,48,-43,-42,7
,-14,-53,-9,-13,-77,13,43,12
,1,44,-11,-7,39,-12,91,-33
,-12,-6,-5,-13,-6,-105,-8,-4
,6,29,3,5,-32,14,-26,-1
,-6,-20,6,5,23,44,55,6
,-14,-17,-8,-21,-60,19,-87,-43
,3,16,2,3,-1,-110,41,8
,16,5,9,18,-36,-21,-116,5
,-12,-28,-12,-1,127,1,43,-16
,-6,12,2,1,-37,-55,-24,-10
,5,-31,0,-7,-73,71,-4,14
,-10,24,-16,-12,7,-72,78,0
,7,35,5,7,-14,0,61,-14
,-19,-88,-6,4,22,-126,-31,21
,23,41,1,-4,-38,119,-32,7
,-3,-27,9,20,72,15,30,-25
,-2,-14,-9,-3,-22,43,-58,-22
,12,18,4,15,-2,-37,-1,66
,13,16,7,-3,-24,-3,-57,-2
,-9,10,-11,-15,21,127,1,13
,23,-27,10,8,27,-1,-34,46
,10,33,9,11,-17,9,-22,15
,-7,1,0,-8,-31,-102,-46,12
,-4,3,4,5,47,-97,-1,-13
,-5,-12,1,3,0,75,20,-13
,-5,-6,-4,-12,21,52,-15,-1
,-31,-37,-17,-33,-74,-51,-13,-46
,2,-15,-7,22,40,107,29,10
,3,20,9,-7,-28,-94,-128,-40
,1,26,-5,-6,-16,20,50,-17
,-12,0,-4,-2,86,-12,96,-38
,3,27,-1,-6,-128,-118,-93,-19
,-4,-23,5,17,83,112,28,43
,10,-3,3,0,-9,-51,10,7
,9,12,1,20,24,96,91,-9
,10,10,12,8,-34,-36,-125,18
,-14,-36,1,6,-22,-92,78,-17
,-8,76,-13,-27,-51,-4,-16,-47
,25,-6,13,28,54,46,-50,69
,-20,-29,-11,-29,-31,46,78,-25
,14,42,5,-5,-37,-62,-21,27
,-15,-87,-2,5,-2,83,22,-6
,0,18,-7,-2,0,-16,64,-13
,-3,0,-2,-2,0,-27,-1,-45
,9,56,2,4,2,-17,-19,-12
,5,6,-4,-7,-21,-69,58,17
,12,-8,9,15,52,48,14,45
,5,29,8,4,-8,16,-5,-6
,9,-25,-2,3,2,-36,31,43
,2,-1,0,2,-44,-57,82,14
,8,17,5,10,-21,15,2,31
,6,14,6,-5,-23,75,98,30
,14,5,-10,-8,-30,-19,-17,53
,-4,32,5,24,116,42,-2,-31
,-23,-48,-5,-24,-93,-106,-117,-11
,24,42,6,14,-12,5,11,53
,-14,-6,0,-13,-44,-124,36,-28
,23,2,1,10,58,52,-43,30
,-19,-37,-16,-10,34,34,89,-28
,-15,-14,-8,-11,-11,-8,-40,-42
,-33,-37,-6,-10,-65,-40,-49,-34
,-8,-5,-4,-10,-13,3,64,-19
,-2,4,-1,-2,32,-72,-98,-28
,-1,-7,-8,-8,-24,-68,-4,5
,3,53,-1,-3,4,97,25,2
,-6,-46,-5,-6,-10,-18,-31,-8
,1,39,7,-1,-33,9,15,-7
,-1,-50,-7,-2,4,19,3,-13
,-7,35,-7,-1,31,-109,-20,-27
,3,-28,6,5,-5,127,4,-14
,-3,30,-4,-4,10,-128,-121,-3
,3,-30,8,13,59,83,6,13
,-7,-20,1,8,54,101,-52,3
,13,22,-1,-3,-13,28,-27,15
,-5,-18,-7,-9,-25,-44,-34,9
,-3,21,-1,-10,-63,-11,51,-12
,15,-20,0,3,18,-69,-84,24
,-11,9,-3,-11,6,94,-52,12
,10,-13,8,7,-5,-83,67,-17
,-3,6,-9,-9,-27,80,-6,16
,1,14,6,20,87,19,30,-42
,15,-19,3,-2,-16,-30,41,8
,-17,-2,-13,-8,-20,49,-58,-11
,-13,-27,1,0,8,42,-17,-14
,-6,-73,-4,-8,-47,82,5,-2
,14,74,2,12,60,-54,57,-6
,9,-45,-1,-4,17,77,38,40
,-13,10,-8,-3,9,-97,-46,-9
,-12,-12,3,-1,-12,26,5,-6
,0,2,5,-2,13,-86,36,35
,22,40,6,3,19,103,-6,4
,-12,-14,-4,3,45,-65,8,-23
,10,20,-7,-6,1,-38,12,25
,-12,-47,-2,-4,-28,-27,-67,-20
,1,-1,-3,-5,-21,-48,21,14
,-3,-1,1,3,6,31,14,19
,7,6,-1,-2,-9,13,-12,8
,-18,-29,-8,-5,-33,-50,-47,-7
,2,25,3,-3,-45,1,0,-17
,10,-22,12,14,91,62,-5,9
,-4,6,-2,10,-18,-15,13,-12
,-4,-19,5,1,54,42,67,19
,-18,2,-4,-4,-6,-26,-23,-19
,8,-18,-6,2,5,-53,-61,11
,19,43,0,-10,-45,-21,21,13
,5,-17,7,20,56,114,-108,-32
,-11,-39,1,11,44,3,6,19
,6,-15,0,-16,-35,49,17,-3
