,59,27,-39,-30,15,5,-13,-24
,73,-106,-15,-23,-8,-7,6,7
,-16,-75,20,-10,-2,-4,-13,-1
,-34,77,15,15,-6,-4,9,-24
,43,94,16,6,-11,-13,-7,29
,-68,-102,3,26,-4,4,12,-7
,34,92,-24,-55,18,13,6,14
,-2,-128,-3,20,-2,-5,-7,-17
,75,-61,-7,53,-2,-10,3,-8
,114,-41,-29,-25,13,1,-18,-21
,10,95,0,-32,6,14,45,65
,-42,-78,1,25,7,-3,-32,-53
,-32,22,27,26,-16,-1,34,52
,-50,13,-20,-36,-2,-2,0,3
,-43,-56,-14,74,11,9,-23,-14
,0,36,14,-32,6,7,31,28
,-67,-40,-31,-53,0,-12,-23,-68
,83,66,31,20,6,-3,-5,-8
,-101,-44,-21,7,-13,-5,-27,-55
,127,90,32,63,-10,-10,26,35
,6,124,-13,-71,15,6,-6,1
,-25,-63,-2,27,9,5,-2,-12
,-19,-38,-4,-23,-13,-10,0,2
,-85,6,16,0,11,8,-8,-25
,87,71,9,19,-8,2,5,41
,-56,-75,-13,23,0,-7,9,-9
,30,105,-2,-42,7,3,7,8
,28,-32,18,-29,-10,1,-3,-38
,127,21,-8,13,-4,1,-3,7
,-66,-117,-13,0,-3,-2,11,3
,21,1,16,47,2,1,-17,-84
,-7,52,-6,-40,2,-7,-5,43
,80,93,20,0,1,6,13,12
,7,-68,-22,-15,-3,-4,-9,26
,-57,36,-15,-35,0,1,10,-31
,37,-58,4,48,-7,-3,-19,11
,31,65,21,3,6,4,5,-27
,-2,16,-16,-24,5,4,21,11
,65,21,-15,-10,-4,-2,6,-4
,-54,-18,3,22,-12,-1,-16,-20
,33,-42,1,1,3,-1,18,9
,51,48,-10,-7,17,10,7,5
,-24,-71,-4,-29,-6,-9,-11,8
,54,118,27,-10,-2,3,6,-1
,-41,-102,-18,27,-14,-8,-9,1
,3,30,-17,-60,-9,0,4,-5
,-15,68,28,66,13,2,5,-3
,29,21,-11,-14,9,2,6,11
,-50,-31,3,-5,2,6,0,-6
,20,-18,5,21,-3,-5,-6,-12
,90,56,0,-5,0,-4,-3,2
,-128,-20,-3,22,-9,-9,3,-41
,58,-42,-15,-31,-5,-5,-15,43
,-45,-5,-6,22,6,6,4,15
,4,7,3,-58,6,1,-9,-35
,11,20,10,89,-6,-5,15,40
,17,82,-13,-67,10,3,-12,-47
,-26,-66,-2,16,-13,-11,-10,-3
,-19,-12,2,47,-3,-5,3,15
,17,-5,-15,-1,-5,-5,-15,-29
,3,36,-8,-24,3,4,4,15
,15,-14,7,5,-4,-1,-1,-12
,-127,-14,9,-40,-10,-7,2,35
,17,25,-16,39,16,10,20,36
,-5,15,12,11,3,3,9,-23
,-64,-14,-1,10,-11,-8,-21,-18
,-45,-89,-7,-15,-13,-6,-14,-6
,12,42,-8,-23,0,3,14,-13
,23,-17,1,15,-4,-3,-7,-6
,-24,6,-6,-15,-3,1,-2,20
,44,52,8,32,1,-3,-8,-27
,-21,-43,5,-52,-19,-7,1,33
,8,22,-14,13,7,4,5,-11
,1,-10,22,51,-6,1,-12,-7
,-55,-35,-36,-50,13,7,25,34
,12,46,10,-14,-11,-7,-14,-41
,-45,9,3,28,16,7,-13,-24
,7,-7,-18,-19,10,2,9,25
,-83,32,3,15,-2,1,53,111
,12,-40,3,-21,-8,-7,-21,-43
,-81,-7,-4,27,7,4,-6,-13
,17,-14,-3,-16,-4,2,9,-13
,126,75,20,-6,-8,-2,-9,-12
,-37,-59,-17,9,6,-1,-4,-12
,-5,-9,11,-16,-8,-9,14,11
,21,11,-15,3,2,0,-9,6
,24,40,-2,7,0,1,7,-14
,-70,-81,-6,-18,-10,-11,-11,-7
,9,-50,-8,11,19,3,-23,6
,-64,4,-12,-5,-7,-6,52,51
,103,50,9,48,-3,-1,-17,-26
,-3,-38,-3,-81,2,-4,1,-6
,-37,16,-3,6,-9,1,0,-29
,91,124,41,42,-9,-3,-19,-9
,-41,-121,-39,-52,11,6,17,28
,-24,40,15,21,-2,4,1,-1
,-29,-99,-7,31,-14,-15,-26,-46
,17,32,-18,-50,15,4,-19,1
,-13,-37,-4,-27,-4,2,11,42
,67,83,20,17,2,3,-8,-40
,-54,-59,12,-14,-3,-12,-19,-20
,16,-20,-12,-25,2,4,4,13
,69,85,12,-27,-13,-14,-6,-9
,-27,49,4,39,17,8,-2,-9
,61,-44,-18,5,-7,-2,-14,-22
,112,48,-5,-4,4,3,6,24
,-108,-38,10,13,-6,5,29,30
,-30,-11,1,-16,7,1,-7,-54
,-48,100,16,6,-1,3,-10,-29
,96,20,-27,-43,-1,-1,6,33
,6,-98,6,10,-4,4,-7,-47
,41,56,-13,27,13,-3,-8,12
,39,15,18,19,1,2,10,31
,-9,13,-22,-10,-5,-2,8,-11
,-17,65,6,-29,-2,1,-1,-13
,-42,47,-1,-4,-8,-6,-14,-28
,35,-128,-42,-17,6,0,8,3
,-22,-31,19,-4,-11,2,-4,25
,-21,118,11,-15,3,-1,-6,-17
,4,24,35,64,-4,-5,7,40
,69,-45,-26,-14,11,3,-24,-72
,11,31,2,-12,-14,-4,17,31
,10,1,17,48,5,0,-22,-22
,91,39,-33,-27,4,-1,6,29
,29,3,13,1,1,4,8,-20
,37,35,-4,4,3,0,7,29
,-26,-27,9,-4,-15,-3,-15,-53
,6,-36,3,16,12,-9,-13,18
,-42,7,-1,-17,2,4,-1,5
,12,-14,0,35,-6,4,17,35
,9,18,-7,-50,-1,1,3,-2
,-16,2,-9,16,1,-2,-4,-39
,-71,102,-20,-25,-1,2,-4,-34
,-68,-70,-1,-4,-15,-15,-21,-1
,-59,62,-6,3,10,6,11,11
,11,8,10,-14,-15,-5,-6,-33
,-44,39,7,15,-2,-1,23,25
,92,35,11,-12,-2,3,-19,-21
,13,-83,5,9,4,-4,-11,-19
,-20,-23,-1,25,1,3,6,23
,29,-20,-36,-58,8,1,-2,19
,12,14,9,-23,-7,-2,0,-18
,-32,112,29,26,-8,-3,-9,-22
,-98,-119,-2,25,-1,-2,-11,12
,-29,62,-5,-30,12,7,20,31
,-11,-110,-27,-22,-5,-7,3,-12
,63,3,-1,-5,-9,-5,-3,-22
,-39,65,28,21,5,4,-5,3
,34,-7,3,20,-10,-9,10,17
,-20,14,-4,1,11,8,-18,-14
,41,-46,3,-46,-3,0,12,25
,10,-23,-1,22,7,1,5,-10
,-15,-10,8,62,-2,2,-3,0
,-60,-25,5,-45,-27,-9,-23,-7
,-26,13,-40,-16,28,11,16,-1
,-7,-40,7,-4,-9,-4,11,15
,14,25,-5,5,9,5,3,12
,-30,-36,16,45,-7,0,-2,-52
,26,-31,-15,-61,-22,-11,-18,40
,-47,46,-2,5,6,3,2,-7
,62,-12,0,34,6,-5,-2,-18
,-27,25,5,12,-9,0,-1,6
,-43,-22,-3,-17,-13,-7,11,46
,88,45,-13,-32,-4,-4,6,-6
,-7,-20,0,14,1,11,-1,-30
,3,-1,8,9,3,3,4,39
,15,35,0,-58,-3,-7,-12,-22
,-39,-25,5,51,11,9,17,9
,-43,71,-13,-29,-12,-10,-6,2
,-75,-93,11,23,-5,-5,5,-30
,35,15,-13,-16,4,1,-8,25
,-20,-7,9,-25,-6,-9,3,-12
,-69,-58,-26,-27,-4,-6,-2,21
,35,24,3,16,-10,-1,6,7
,35,42,5,3,-4,-2,-25,-53
,12,15,18,1,-2,-4,6,5
,-8,-27,-7,-14,-1,8,16,34
,94,49,-7,14,12,3,1,2
,-84,-58,5,17,1,-2,-14,-31
,-13,10,-25,-40,-5,0,7,15
,42,26,11,17,-14,-1,3,-12
,-21,58,19,-21,-2,-2,5,12
,21,-5,-1,10,3,3,-2,-27
,-19,-17,12,-16,-29,-12,-3,3
,10,-18,-16,61,24,8,9,33
,-52,26,-12,-64,-3,1,-9,-16
,52,-20,14,41,1,2,-3,-13
,-44,-7,-9,-12,0,2,-6,-2
,25,5,10,-31,-18,-4,11,-4
,-9,-50,-17,18,12,-1,-13,1
,-35,21,22,40,-9,-6,11,8
,54,-15,-14,-50,-1,-2,-3,-4
,-17,-44,-5,-28,-6,-10,-10,-26
,33,-59,-24,21,17,4,5,18
,27,-3,14,-28,-17,-2,-7,-18
,-23,35,-6,6,-1,-2,3,-34
,39,60,5,6,5,0,5,50
,-43,88,25,2,8,10,9,-4
,-79,-81,-17,-22,-33,-14,1,-2
,-102,-33,-45,-71,20,3,-15,-31
,26,65,15,38,4,6,-3,9
,-15,29,8,32,25,11,14,25
,-75,-88,-39,22,-1,-8,-21,-16
,127,67,-1,-45,9,11,28,23
,-90,2,1,12,4,-7,-13,-7
,-17,35,22,33,-1,2,-6,11
,26,31,10,-40,1,4,12,6
,-98,-70,-6,34,-23,-13,-30,-14
,104,-84,-19,5,32,9,23,25
,120,-25,-16,-11,-7,-3,2,-5
,-112,-41,21,3,-1,4,-10,-21
,100,-4,-7,-25,-6,-1,0,1
,-37,-27,-2,-7,-4,-4,-1,24
,2,-38,-17,-1,18,2,-9,-12
,-11,42,23,4,-22,-12,12,2
,-49,26,-1,-8,3,5,6,33
,18,-16,5,30,15,-3,-7,-37
,-11,-15,-10,-27,-6,6,0,4
,23,42,23,70,5,4,0,-2
,-40,-45,-29,-88,-2,1,0,-19
,56,70,25,30,-12,-7,-3,-15
,-53,-74,-19,6,3,-4,-8,28
,78,17,-19,-10,5,5,15,32
,49,81,12,32,18,9,2,28
,-56,-61,-5,-35,-15,-3,1,34
,-26,95,16,27,3,-2,-1,-17
,-18,-128,-14,-22,-8,-4,-6,-23
,-90,-63,-5,-5,-14,-10,-2,-31
,-6,65,2,-27,4,6,-4,25
,-8,16,10,28,9,9,11,-8
,7,35,14,1,-16,-6,-3,10
,46,-50,-53,-36,18,0,2,-2
,35,59,1,-48,-11,0,31,30
,-31,-29,16,69,-11,-6,-15,-63
,20,-13,-25,-17,8,-3,5,53
,-50,101,6,-18,2,6,0,-2
,-16,-39,15,21,0,-2,-9,-25
,-40,17,-11,-17,3,0,7,8
,-9,53,14,-26,-5,-7,-14,-17
,110,-49,5,49,-1,-1,-1,-1
,38,-70,-42,-51,2,-6,-11,-17
,-49,34,9,0,-8,1,13,32
,-64,-13,1,17,11,8,11,28
,3,59,16,-65,-1,4,-3,-4
,-39,-22,3,52,14,-1,9,0
,-40,-83,-23,8,3,-3,-8,-6
,-76,-65,-22,-15,-8,-1,-22,-58
,37,69,11,43,-2,-8,-5,23
,-42,2,-15,-83,-11,-2,9,32
,51,26,15,1,2,-3,-14,-29
,16,68,12,48,-1,1,-2,-19
,-19,-58,-15,-25,-6,-4,-9,-19
,58,25,-40,-44,-1,-2,0,3
,10,29,23,40,-4,-3,-15,-68
,22,-23,-2,-18,-6,-3,4,54
,41,101,3,-25,3,6,0,-8
,-50,-16,12,18,-3,-3,-2,39
,38,29,-3,-12,-1,1,-1,-21
,24,-101,-16,-25,-8,-7,-14,-73
,20,-23,-7,27,5,-1,-4,29
,40,102,34,30,4,5,2,20
,26,-42,-59,-52,17,8,7,-19
,21,83,-2,-47,5,0,-25,-76
,5,-26,21,34,-11,-4,18,81
,-6,17,-2,15,-4,3,8,12
,64,53,10,-36,8,2,-7,-39
,17,-25,2,2,1,-2,5,33
,55,84,10,27,2,-1,-15,-28
,-87,-125,-33,-10,-1,3,-6,-11
,40,117,17,15,-13,-10,7,16
,-128,-46,0,-33,3,6,-1,-4
,74,-15,-9,5,14,5,9,-11
,95,17,-24,-20,2,-4,5,13
,-6,-13,16,31,-5,-3,-4,-51
,20,57,7,-20,-1,6,16,61
,-104,12,-2,4,-15,-12,-21,-34
,-12,-41,-16,-2,10,-5,-1,1
,-98,11,4,6,-1,2,0,22
,33,13,4,-18,-1,2,13,-17
,103,-2,-13,-15,-2,-1,-8,7
,-103,29,4,20,-2,-1,12,-7
,-55,-92,7,1,-1,1,-6,8
,36,72,3,-16,-1,1,-1,-20
,-41,-4,-4,12,15,3,8,12
,23,-16,18,64,-5,7,10,31
,-9,34,-25,-88,-10,-11,-11,-11
,96,38,-13,-29,5,-8,-12,6
,55,-6,22,-7,-12,-3,11,37
,-81,-19,11,5,6,7,-20,-56
,-33,-23,-6,26,-2,-6,-9,-12
,68,94,9,-3,1,1,31,14
,-96,-36,3,-14,-13,-7,-13,27
,45,-46,-21,-40,7,4,4,-62
,-95,1,4,28,-5,-4,10,78
,-78,-47,-5,-24,14,6,-11,-12
,42,26,-8,0,-14,-8,-4,-14
,-75,-36,3,16,-1,-8,-6,-19
,-40,-88,-22,12,-2,-1,-3,3
,-58,-51,17,42,-3,-8,-18,-35
,127,78,-38,-70,12,10,23,18
,-12,-8,10,0,-7,0,-2,-10
,-52,25,25,96,2,-4,9,38
,104,-14,-55,-94,5,4,-1,27
,-51,-6,14,11,-12,-12,-6,-12
,-49,-18,19,21,-6,2,-5,10
,41,15,-7,4,-1,-7,-15,-66
,13,-29,-7,-14,-20,-6,12,-2
,-21,66,-1,5,20,5,23,32
,-42,23,-24,-24,-5,2,-11,3
,99,-16,12,-13,-9,-2,9,-20
,-33,-33,5,58,-10,-9,-24,8
,-45,35,-11,-103,1,5,-4,0
,92,79,12,29,0,7,28,27
,-96,-57,1,15,3,-3,-13,-9
,90,36,10,10,4,1,-8,-4
,-33,-35,1,17,-26,-8,-1,-5
,45,-56,-7,-12,-19,-9,6,-4
,61,3,-26,7,30,13,-12,4
,18,52,23,42,-3,3,36,46
,-31,60,23,-1,-12,-10,-5,6
,3,-25,-52,-24,1,2,-4,-21
,-42,-9,6,4,-14,-8,-8,-47
,46,24,28,28,-12,-14,-1,10
,88,36,-55,-68,14,3,-8,3
,-22,52,10,-1,2,3,-2,-15
,113,-64,11,-10,-8,1,-1,41
,-40,17,-17,-29,26,7,-18,-47
,-4,34,-1,15,10,2,3,2
,-16,3,1,2,-16,-2,5,20
,-54,-43,-6,11,0,-2,-3,11
,-21,-41,-22,-13,-17,-8,-14,-8
,30,15,21,11,20,4,13,-2
,-40,-17,-29,-24,0,0,-24,-14
,-46,-71,1,-10,-3,2,10,-12
,0,34,29,91,9,5,13,10
,7,34,-9,-74,-8,-4,6,7
,29,-18,11,-2,2,11,14,52
,-50,23,40,60,-8,-1,6,-21
,-45,-66,-69,-108,15,1,-13,-7
,36,56,18,51,-9,-3,-1,-11
,47,4,1,-45,-16,-9,-7,-25
,-16,18,9,9,3,6,0,18
,63,-10,4,13,-3,-6,-3,-8
,-125,-43,1,-53,-10,-7,-17,-32
,83,66,3,58,5,-6,2,15
,32,-109,-37,-40,-7,-5,-1,-12
,-64,28,25,-31,-18,2,16,15
,-27,38,-4,39,8,-6,-25,13
,-65,-65,-62,-49,7,0,24,9
,105,51,11,0,-11,-3,5,11
,-39,-78,-4,14,23,9,-13,-18
,127,-20,-1,13,-10,1,1,-39
,-34,7,21,12,-13,-9,-13,-20
,-50,12,3,-9,-2,-3,3,39
,84,49,0,-7,5,2,7,-16
,-83,-13,19,61,-8,-10,-13,-42
,89,46,1,49,27,7,5,30
,-2,-53,-4,1,3,-3,6,-8
,-61,55,34,7,-9,3,-11,-13
,44,-58,-13,57,14,0,2,-7
,-16,26,-1,-43,-13,-6,-19,-19
,77,68,-10,-25,-2,5,18,35
,29,-97,5,12,-4,-13,-2,5
,80,47,42,-4,-5,8,1,-13
,5,-62,-46,8,20,6,1,5
,37,11,-7,-76,-9,-8,7,42
,-118,-86,4,2,-12,-10,-5,3
,82,9,-1,-44,-2,3,0,-8
,-11,-108,-8,37,10,2,17,9
,5,-24,-2,-5,-4,0,-12,-36
,-54,103,10,-60,-14,-2,-3,-37
,57,-36,9,111,5,-2,-4,41
,-84,2,-62,-76,7,3,5,7
,76,51,17,26,1,1,2,19
,-37,-55,1,-52,-11,-7,-19,-64
,-43,3,-14,38,-6,0,8,66
,85,-5,-1,-28,-23,-6,1,35
,9,32,-12,-4,19,3,6,-13
,3,58,21,56,-5,-4,-10,-13
,36,-5,-16,-35,-2,1,8,7
,67,-4,24,35,-6,0,-18,-15
,-66,-7,-30,-63,2,4,11,-3
,104,57,23,23,-5,-7,-4,30
,-95,-86,-35,-27,-28,-6,-2,-21
,80,38,-29,12,30,7,17,35
,-84,-58,-3,-21,-8,-5,-24,-21
,-44,21,5,-1,-10,-5,53,37
,0,63,20,16,0,-3,-30,-28
,-25,-49,5,-2,12,3,9,3
,71,6,13,-35,-3,-7,-8,-52
,-66,-14,1,19,10,0,-2,2
,116,93,7,-41,-8,-4,0,11
,-109,-42,-5,48,-7,-9,-27,-17
,63,-49,21,63,5,10,31,28
,-13,-43,-9,26,7,-7,-33,-22
,36,9,-41,-98,-13,-1,43,38
,-6,9,10,34,-8,-3,-12,-12
,-56,-6,-7,38,12,1,-32,-87
,-25,-14,-13,-12,-19,-3,19,78
,-4,46,20,1,6,-6,-2,-18
,-7,-98,-9,-22,-7,2,3,10
,-44,24,-13,2,4,-1,-16,5
,94,101,34,37,8,9,11,-33
,-100,-56,3,-12,-19,-11,-8,39
,126,78,-41,-74,14,6,-10,15
,-107,-42,5,46,16,3,9,-6
,27,-67,8,-2,-11,-17,-11,-41
,43,-5,2,-7,-17,-5,17,52
,12,16,-11,-28,-5,-3,-24,-66
,-47,7,-4,-5,6,-2,3,51
,34,80,20,31,9,12,17,25
,-9,-18,0,7,4,2,-7,-32
,28,-30,-10,-68,-15,-5,3,20
,12,25,20,105,13,-1,5,-27
,-35,-47,-15,-90,-3,-3,-20,-6
,81,18,1,44,-6,-1,21,-8
,40,30,35,49,-16,0,1,-9
,-117,13,10,15,12,-2,-5,3
,-15,-92,-24,-37,4,-4,-3,-8
,29,14,6,6,-9,0,18,4
,-36,-4,-18,10,7,-2,3,29
,-29,-40,8,-24,-13,6,-15,-23
,0,87,42,91,12,-7,5,10
,55,-54,-63,-112,3,7,-4,16
,-87,-27,-8,19,-7,-6,-20,-17
,-11,23,6,-11,5,3,32,-31
,-80,45,4,-28,-11,-5,6,24
,64,-58,2,19,1,4,-5,15
,-60,35,-2,-14,-1,-9,-7,-22
,117,73,9,35,-2,-3,-1,1
,-15,-72,-13,29,-8,-4,-13,-62
,-21,11,-4,-84,-4,-3,-3,61
,27,19,12,6,7,16,26,31
,-36,-27,-11,-34,13,7,3,-13
,12,48,1,12,-5,-7,13,15
,33,-2,19,31,-11,0,-1,-31
,57,-7,2,-28,-6,0,-2,5
,1,5,-2,42,9,3,-6,14
,-31,13,4,-7,2,6,-1,-25
,-48,-24,22,46,-23,-14,-14,-9
,51,-27,3,-17,-7,-5,5,31
,-22,33,2,8,-14,0,-3,2
,-18,-21,12,14,0,-3,-5,-10
,52,56,26,11,-3,0,-26,-33
,35,31,-19,-92,5,8,23,28
,-9,42,1,18,8,-10,-15,8
,125,-45,9,22,-6,-5,-17,-27
,-99,-44,16,-13,-15,-3,-2,-8
,-22,31,7,14,5,2,4,-20
,31,-28,-26,-56,10,3,-8,32
,33,35,28,44,-1,1,-29,-4
,27,-89,9,0,8,12,47,58
,-45,9,-40,-40,-9,-16,-32,-28
,52,13,20,37,-5,0,15,22
,-87,-23,-17,-12,9,3,8,-1
,27,-6,-1,-7,-2,-1,-16,-57
,-29,40,18,41,-18,-5,-6,31
,50,-40,-7,-32,18,5,6,10
,-45,11,-8,33,2,-1,-1,-6
,-22,17,-5,-10,-5,-3,-17,-37
,-16,-48,-21,9,-4,-12,-11,24
,13,57,6,-26,-11,-2,20,8
,40,7,16,-3,-18,-3,-6,-24
,2,4,5,-4,-2,-13,-19,-17
,15,43,-8,12,1,7,7,17
,47,0,28,-25,-7,-1,-10,-12
,-3,-41,-23,6,16,1,9,-18
,-48,-10,0,10,-16,-8,-14,28
,22,-64,-29,5,-9,-6,7,-4
,80,17,31,70,2,-3,-7,-27
,-128,-36,-57,-45,12,3,-11,-13
,85,-21,10,-12,1,2,-1,-15
,51,41,7,11,1,-6,-5,34
,-38,-14,-4,6,4,12,9,-6
,20,25,5,0,0,-5,3,18
,35,12,41,78,-9,-6,-13,-38
,-103,-17,-42,-71,-3,0,-1,15
,45,-60,-23,-3,8,5,12,-7
,18,54,42,31,-10,-3,-3,41
,-5,0,-20,43,11,10,11,15
,40,-35,-5,-1,-7,3,2,-31
,-66,30,10,36,-5,-3,23,27
,23,-9,-22,-17,7,2,15,-13
,-40,-48,-4,-22,-10,-6,-21,-14
,43,13,51,-54,15,0,-15,-58
,-52,-18,-66,-45,-20,-9,-12,84
,114,66,47,82,5,15,15,-12
,-93,-21,12,-16,-1,-6,-13,-7
,-23,-78,-20,8,13,2,0,17
,81,65,-2,-7,4,-2,5,-23
,29,6,3,-11,6,0,-23,9
,42,70,27,38,-14,-3,12,2
,-66,-14,-18,-7,14,3,5,-8
,32,21,-3,-31,-14,-4,-2,-6
,-124,-29,-35,-37,4,-1,3,42
,23,-53,-27,9,3,-10,-32,-38
,32,72,51,52,-14,4,25,15
,26,-5,-3,-38,13,5,-13,-27
,-89,-99,-18,-81,-19,-13,-24,-40
,82,51,1,35,2,-5,-1,1
,7,-14,34,100,-27,-4,-11,-18
,-125,-29,-57,-101,17,4,9,4
,48,44,40,-13,-6,-1,-3,-36
,66,-7,-26,-8,2,0,-15,30
,20,-34,7,21,8,6,8,3
,25,-1,33,36,-14,-6,12,18
,-41,-25,-42,-46,1,-6,-22,8
,42,-12,12,48,13,7,9,-20
,75,54,21,-39,15,7,13,18
,-85,-98,-45,-18,5,5,3,-2
,60,41,5,17,-4,-3,9,-1
,5,11,10,16,-4,0,-19,10
,3,-7,-14,4,-8,-5,2,-2
,43,110,30,-6,-10,5,20,21
,7,-50,16,48,3,-6,4,18
,4,-11,-38,-28,14,9,-16,-29
,-14,57,19,35,-11,-9,0,3
,62,31,-5,-22,-1,-2,14,24
,-12,-43,3,-20,-3,-8,-14,-10
,28,41,-17,-1,10,5,3,-11
,13,17,7,13,-9,-5,-12,-4
,-44,32,-2,3,9,9,-2,7
,-11,-56,-9,-32,7,0,13,11
,-44,-10,15,-18,-24,-16,-11,26
,-17,-3,-3,21,1,1,4,-2
,88,35,-4,13,16,8,5,-4
,-8,13,14,9,-14,-6,6,-2
,-21,0,-24,-22,3,5,-10,-20
,31,-82,-4,9,-7,-4,-10,-16
,-61,-11,16,27,-21,-8,-10,-32
,-68,28,2,-18,6,4,0,39
,89,-36,7,36,-10,-5,-3,-30
,-25,25,-35,-6,10,5,-4,21
,-37,-31,-7,-14,-11,-4,0,-15
,63,-4,-3,-9,-6,-1,0,-21
,-33,44,42,32,-6,-3,1,42
,127,27,-1,12,6,7,-5,-1
,22,9,-28,-70,22,-2,9,1
,-25,127,11,40,7,6,-2,-19
,61,-19,5,32,9,3,-14,22
,9,44,-5,-24,15,3,20,11
,15,14,9,-32,-20,-3,4,2
,-85,-16,6,-9,2,-4,-17,-26
,69,100,39,88,14,7,-7,-22
,-54,-125,-66,-47,-5,-4,12,27
,7,9,-12,-63,-10,-5,-2,-7
,-31,46,15,41,2,-2,-3,-12
,-48,-117,-13,-5,-6,1,-1,-18
,58,17,-10,-52,-3,-3,-16,7
,-12,26,11,-20,-9,-2,21,58
,-39,-64,22,51,0,1,3,-38
,-6,-12,-46,-38,16,4,-2,-6
,97,34,32,103,-20,-7,-18,-42
,-8,-85,-65,-126,12,4,7,53
,48,29,6,21,7,-5,-7,-17
,28,23,23,40,-7,-3,10,19
,4,-7,-15,-49,-8,1,8,-2
,-47,81,35,41,-21,-13,-19,-22
,-46,-22,-15,-58,-21,-1,7,-21
,-13,78,48,68,29,2,6,36
,-69,-52,-35,-52,-9,-6,-11,-20
,-29,12,18,13,-25,-14,-17,-29
,38,57,5,41,8,6,8,14
,-42,29,-1,-96,-14,-1,2,-20
,37,-16,7,74,7,-1,-2,17
,-45,-8,5,-5,14,8,12,-32
,-87,-40,-7,-17,1,-5,12,70
,35,-6,8,19,-6,0,-8,-31
,-58,-63,-12,14,23,3,0,19
,15,-4,-8,4,-2,-1,-4,-22
,17,-4,0,-42,-11,1,4,-35
,-10,5,-7,40,12,4,-9,57
,31,7,6,3,-2,-1,14,7
,31,-39,11,-46,-21,3,-6,-33
,61,23,25,92,17,-6,-4,8
,-14,2,-47,-87,2,6,4,1
,-2,-33,-20,9,2,-3,3,-6
,-126,4,12,40,-3,-1,-1,17
,53,5,7,4,-9,-1,-7,24
,-20,21,-23,30,17,0,5,-27
,17,41,29,-21,-18,-5,-1,20
,-63,-40,9,47,14,7,-7,0
,59,0,-2,-28,-5,1,3,-19
,-58,21,5,9,-8,-11,3,-14
,-16,-5,-21,-9,13,4,-8,3
,71,-21,8,3,1,-2,20,28
,13,-35,-6,10,7,1,-23,-46
,33,-42,-35,-36,-14,-5,26,47
,66,-6,4,12,0,2,4,54
,32,-10,-8,-8,8,-5,-27,-31
,21,-14,1,-9,-5,1,14,40
,33,28,-5,-1,-10,-2,10,-13
,-37,39,22,6,4,2,-14,-25
,4,-74,-13,-10,-2,2,-5,1
,71,60,30,-6,-8,-2,8,6
,23,-3,-16,-11,4,3,4,25
,-128,-12,-24,3,2,-5,17,15
,17,-12,5,14,-13,-3,-14,-18
,-38,-22,-18,-23,-11,-5,-7,-12
,-7,2,33,36,2,2,-10,-49
,0,-2,-38,-75,-6,-4,5,68
,17,-35,2,77,6,2,18,15
,25,29,3,4,-12,-1,-4,-11
,3,-20,7,-24,5,2,-13,-3
,-100,18,-16,17,16,-2,-1,-18
,-6,-37,-10,-11,-5,1,10,27
,8,-74,-1,7,2,-2,-1,-18
,7,56,7,-1,-17,-2,-3,19
,63,-32,-25,-33,12,9,-6,-14
,88,73,52,39,-4,-11,-5,13
,-83,-22,-24,58,14,3,1,-47
,-19,-18,-26,-76,-14,-9,2,38
,-17,-25,30,16,-5,3,5,8
,-89,14,-1,19,5,1,15,-12
,-14,1,-5,-23,-18,-4,-1,14
,-27,-19,-5,28,3,-3,-10,17
,72,47,17,19,-2,6,-1,-42
,-13,-34,-17,6,14,0,-3,-27
,-10,6,1,-7,7,1,8,31
,-27,-24,8,-26,-14,-7,5,-1
,23,18,8,0,5,5,-17,-6
,61,25,44,89,-13,-5,-3,18
,4,18,17,-25,-12,-7,4,-18
,-1,-41,-3,-28,-11,-2,-12,-12
,19,11,-3,70,13,3,1,2
,12,-4,7,0,0,-4,6,-3
,3,10,8,20,-12,-10,-3,2
,31,40,-15,-56,8,5,5,-12
,-100,-10,-1,-10,-5,-7,-2,-2
,-17,-29,-7,-59,-9,3,-3,-17
,16,-47,-15,36,5,-2,2,18
,-70,23,25,29,3,3,-7,2
,10,13,-6,-94,3,7,10,15
,3,-33,2,39,-1,-5,-7,-20
,31,-1,-13,-25,3,2,-8,13
,-88,8,0,49,-25,-14,0,12
,62,5,-13,-73,31,9,36,-1
,33,36,-1,-6,-5,-4,-7,10
,-88,25,19,50,-9,1,-17,-22
,-22,-111,-4,24,-5,-5,5,11
,-11,28,13,43,-3,-7,-20,-9
,4,10,-14,-44,10,3,-1,-3
,-40,-13,-14,23,-7,1,9,-22
,33,-36,-30,-46,14,-9,-5,-2
,-79,32,6,0,-13,0,-1,5
,-36,-47,-12,-30,-10,-3,-12,-72
,3,-1,2,-31,3,-3,-5,22
,89,34,20,61,5,5,12,37
,62,-3,-9,-8,-1,-3,6,2
,23,73,4,-19,25,6,-6,-66
,-102,-90,-6,15,-16,-10,-8,60
,50,46,6,-4,-4,7,4,-32
,13,28,-18,-49,-2,-1,-5,-41
,8,-14,-25,-18,18,4,-3,2
,53,-65,4,5,-17,-4,9,-12
,51,14,4,13,17,1,11,35
,-31,-36,4,19,-4,5,2,-2
,-40,22,0,-8,-11,-7,-3,14
,-30,19,0,-14,1,-2,-9,-30
,-1,-8,-2,-17,-3,4,7,-1
,-65,-14,4,37,8,1,-19,-32
,8,-8,21,-17,-14,-6,14,20
,96,42,20,31,-19,-2,10,-19
,-68,-90,-18,2,6,4,-18,-23
,8,14,-6,-43,3,-6,-3,18
,0,31,20,59,7,9,15,21
,111,102,-3,14,2,-1,7,-5
,-76,-51,-7,-22,6,3,-17,17
,28,-40,9,19,2,4,7,-5
,-19,-43,-21,-27,-19,-17,-21,-32
,-4,11,22,22,-10,0,7,24
,-27,25,11,-41,12,3,11,-18
,-4,-12,1,-17,-2,-4,-6,-18
,127,69,23,58,-16,2,31,0
,-90,-12,-14,-45,4,-2,-56,-29
,27,-15,-11,-10,6,4,5,-30
,25,5,16,-11,-24,-15,-18,38
,-123,42,3,43,18,0,1,-5
,127,-66,17,16,-5,6,28,-2
,11,3,-32,-5,14,9,4,14
,-89,8,-8,-34,11,3,33,12
,38,-76,-18,3,-19,-8,-18,-3
,-23,-45,-3,26,-2,-1,7,74
,14,36,-19,-46,-2,4,-11,-21
,-40,-7,-10,17,8,-4,13,21
,-15,-13,15,-18,-3,4,10,-55
,-26,25,-13,-10,16,2,-53,6
,-19,-43,-1,44,-11,0,36,7
,16,12,13,-28,-5,-3,4,27
,16,71,27,14,-1,6,11,29
,11,-54,-25,2,5,-9,-17,-64
,38,36,-15,-37,-1,3,2,10
,9,-3,5,54,3,7,-2,-10
,54,14,5,-8,-2,-14,-11,37
,-92,-8,-28,-33,-5,-4,-1,2
,70,-16,-8,3,-10,1,27,39
,105,5,8,8,6,9,3,-7
,-92,-13,7,10,-11,-11,-15,-35
,11,18,-31,-55,12,5,3,-9
,51,5,32,84,-3,-1,-28,-5
,-68,11,-37,-97,7,4,29,3
,84,-3,30,78,-4,1,0,-10
,14,53,6,3,-9,-2,16,53
,19,34,-4,-38,10,2,-16,-47
,13,5,-7,1,3,1,14,52
,35,20,-8,1,-7,-4,11,23
,72,26,20,-29,-11,-8,-18,-48
,-126,-44,-13,-54,5,0,3,17
,52,-30,-10,63,2,3,0,-12
,50,27,6,0,-2,3,-3,-6
,-20,-93,-50,-26,2,-4,-15,-1
,23,42,45,44,-5,4,26,60
,-5,17,36,48,-12,-10,-12,-3
,-44,4,-24,-27,3,3,-30,-70
,-38,-58,5,20,6,1,-1,30
,36,50,-2,-36,0,4,19,30
,-16,0,3,34,-6,0,-1,-25
,27,-29,-17,-9,2,-8,1,-4
,-89,4,30,15,3,1,-7,9
,29,1,-14,3,9,1,6,-17
,12,6,4,-2,-5,-4,-29,6
,69,-25,9,26,-13,4,32,18
,15,22,30,55,0,-2,1,-17
,-29,-9,-6,-97,8,8,-10,-20
,18,-34,-31,11,13,1,-14,-17
,-48,25,16,42,-5,-1,6,19
,-33,-94,-22,-28,-7,-2,0,-26
,48,11,19,16,-10,-9,-5,35
,-1,43,17,45,8,-2,-11,-38
,-80,9,0,-35,-4,-3,-17,-17
,-38,-15,-13,11,2,-2,11,17
,51,12,36,74,-3,2,7,38
,2,54,10,-33,-3,4,11,-2
,-61,-60,-14,15,-4,-2,-15,-24
,64,53,30,-1,-9,-3,22,7
,-21,-26,14,6,-5,-5,-23,4
,-24,-32,-4,-8,10,11,18,-14
,78,66,-6,-23,-2,-8,-13,-34
,-105,-20,-1,52,-2,3,-12,8
,106,-6,-13,1,0,-3,7,42
,-12,55,12,-55,18,0,4,13
,-40,4,0,26,-2,6,-4,-27
,33,3,3,5,-10,-8,-1,16
,-13,21,7,28,-2,-6,-14,-23
,47,53,11,-30,-9,-1,5,27
,-69,-71,-9,2,-1,2,2,9
,25,-10,-14,7,8,1,6,-13
,-37,-6,-9,-16,-3,-6,-11,-7
,86,27,11,48,-8,-1,-11,-39
,-20,-2,10,4,4,0,0,28
,62,26,-7,-2,-7,2,16,70
,-46,-105,-12,-13,12,4,7,14
,57,10,32,39,-11,-6,2,-36
,-53,40,-31,-47,12,1,-10,-18
,33,-62,-7,-2,-9,-8,4,-22
,4,-18,-8,17,-3,0,-3,19
,-23,-20,-9,-40,7,0,-11,-2
,101,49,25,-4,-14,-2,-15,-79
,-88,19,-30,-10,11,0,31,94
,49,-22,17,8,-6,1,3,-9
,-1,4,1,-23,-10,-5,0,-8
,26,-8,13,72,6,-3,-26,-21
,-20,29,-41,-55,5,1,5,-13
,7,34,20,23,4,2,11,2
,-9,11,6,-5,-5,-3,-24,-13
,-25,-46,-12,-26,4,-1,26,43
,-37,29,5,47,-2,2,-10,-63
,14,12,3,-6,7,-4,-13,26
,57,2,-1,16,2,6,15,31
,-56,44,31,42,-16,-12,-5,-8
,-50,-39,-36,-8,1,-1,-16,-16
,90,-42,-32,-33,-3,3,18,-2
,-44,2,0,-62,-3,-4,-9,12
,14,6,21,13,-7,-2,-5,-33
,-18,31,43,46,-5,6,-8,-29
,64,3,-41,-39,2,-2,4,-8
,-60,-30,-27,12,14,0,-13,21
,1,-3,-25,-15,-9,-4,29,18
,-63,-1,38,34,-6,-1,-10,-5
,9,19,23,44,-6,-5,-26,-52
,29,-12,-55,-97,10,2,16,39
,-28,-31,6,17,1,5,11,24
,-43,-15,-2,52,-16,-13,-15,-52
,99,58,-11,-15,-2,6,20,41
,-98,-34,-8,0,-1,-4,-15,-38
,-18,42,5,-22,3,-1,10,24
,90,51,26,110,14,7,15,2
,-43,-26,-14,-88,4,5,2,-24
,63,57,11,9,8,-2,-9,-10
,-22,15,8,-3,-8,-1,22,51
,37,-34,21,-6,-21,-6,-8,-48
,-40,-2,3,25,27,4,-4,31
,63,3,-29,-42,4,7,5,14
,-53,-70,-2,7,-23,-8,-28,-49
,58,57,6,-47,27,8,45,68
,-11,-22,9,79,-8,-9,-18,-26
,29,37,23,11,-12,2,3,42
,30,34,1,-18,-7,-3,10,-12
,1,-41,-19,0,3,2,7,16
,-32,-37,-6,45,3,-2,3,-5
,4,19,12,-5,-2,-6,-29,-34
,-34,2,1,-1,-10,1,3,-4
,46,59,-13,-9,-6,-5,-1,6
,-20,-6,12,5,18,8,6,1
,-7,-78,-17,-32,-16,-7,-1,-15
,-9,44,-3,13,-3,-2,-12,-3
,-16,-30,-37,-45,-2,-1,-11,2
,0,3,25,14,-16,-5,-16,-21
,-11,-10,7,11,-2,-1,7,25
,27,42,-22,-11,7,4,17,17
,-55,-7,15,-15,-14,1,4,-12
,-2,-77,-20,33,21,8,5,7
,-16,-26,-8,-9,-5,-11,-9,-29
,63,-3,-16,-21,-4,2,0,-9
,35,55,29,42,-5,1,-4,-17
,61,75,-10,-55,4,4,-15,30
,-26,26,5,28,-5,-8,2,15
,11,30,12,-19,-12,-7,-1,10
,12,8,20,57,-9,6,19,-1
,-18,16,-15,-48,16,-7,-9,30
,22,-84,-16,2,8,4,-10,-27
,-2,5,16,-1,-2,-4,4,-19
,34,30,-2,-8,0,-3,-1,21
,-52,-3,20,7,-13,-4,-20,-56
,-10,20,9,36,2,4,2,36
,32,-14,-17,-20,4,-3,13,26
,-41,-34,-28,-16,4,2,22,-9
,-23,20,50,88,-28,-11,-15,-37
,20,45,-59,-61,18,8,6,25
,29,-52,-24,42,7,1,-5,-23
,-105,-27,1,-3,-14,-7,17,28
,9,-54,3,-6,-13,-8,-14,13
,-2,42,-6,-61,-1,6,-5,-31
,89,29,2,44,4,0,-2,-12
,74,12,-4,-4,9,1,1,5
,30,39,24,37,-12,-4,-13,-32
,-76,-34,-20,-21,-6,-10,-13,-21
,15,35,12,-12,0,5,12,16
,-3,-40,-5,-4,4,-2,-13,-21
,-5,1,4,27,4,-4,-15,-3
,17,34,1,11,2,1,14,10
,-71,-13,-6,-2,-6,0,6,0
,-13,2,3,33,-6,-5,-12,20
,-70,-79,-9,-67,-7,-2,-5,-41
,28,32,15,9,-3,3,-11,-11
,17,20,-16,-15,23,8,-2,33
,18,-36,11,-10,-8,-3,-8,10
,-44,42,-18,-73,1,0,-8,5
,0,-5,27,85,-1,0,6,8
,-32,-36,1,-13,-11,-7,-9,-19
,18,23,1,0,7,-1,-1,-27
,10,-5,-18,-14,-7,-4,-33,-16
,-40,5,20,-32,4,5,28,48
,-41,-39,6,57,-8,1,12,1
,12,37,-2,-12,3,-4,-15,-10
,28,0,-8,-15,-11,4,20,-31
,107,-16,-27,19,10,0,15,86
,-15,-38,-6,11,-1,-3,8,5
,-9,-19,16,-11,-17,-8,-18,-16
,-18,12,2,13,-7,0,-2,-23
,-18,-8,3,-13,-2,-2,-25,6
,-4,-5,-24,-7,2,3,25,0
,16,64,54,44,4,3,6,11
,-22,42,-20,-38,-3,-1,-12,-5
,-69,-56,-17,-16,6,3,6,-55
,67,-46,-46,-29,-6,-6,-9,50
,-24,25,2,-11,9,6,-7,35
,-27,-9,11,9,-4,1,20,4
,11,-29,-16,2,11,-2,-5,-11
,35,11,-6,5,1,2,4,27
,-87,-23,11,52,-13,-9,-13,-47
,-43,16,-6,-61,-8,-8,-10,6
,36,-42,-31,-45,1,4,-11,-23
,89,12,35,24,-8,3,5,12
,-45,-9,-28,-34,-13,-4,10,6
,29,6,-12,-32,22,12,12,24
,127,94,18,-34,-15,-6,-10,-1
,13,30,30,53,-4,2,12,-2
,-22,-68,-54,-71,0,-4,0,-1
,-79,-4,-10,-4,11,3,-14,5
,90,42,15,20,8,7,15,13
,-44,54,22,-2,-6,-7,-1,-29
,60,27,-23,-8,0,0,-1,22
,-76,-120,-4,-7,-20,-10,-2,-11
,-1,29,7,-34,-12,-9,-11,-61
,-26,-86,-22,58,21,5,8,46
,-28,-46,2,35,-9,-5,3,-16
,65,-1,9,-81,-1,-3,-1,-25
,-8,39,14,32,-4,-3,1,19
,30,-3,-19,-27,0,3,-6,-20
,-67,-8,14,28,5,-1,-5,22
,-3,30,0,40,0,3,3,9
,66,46,-1,-44,5,-6,-13,-43
,-99,-33,26,42,-20,-8,4,47
,23,-3,-7,-37,7,5,23,-1
,-62,-29,-30,13,2,-7,-9,-15
,-89,-74,-35,-60,4,-3,-14,22
,82,-3,0,-10,8,0,-9,-12
,-3,40,17,11,0,4,-6,-14
,57,-14,-14,28,9,0,2,-3
,-46,-10,-9,-27,-7,-5,5,9
,18,27,32,50,-8,2,-3,-18
,-97,17,-31,-27,-11,-6,1,34
,-43,-67,-13,-40,2,-1,-6,-32
,48,49,41,43,9,4,6,-37
,22,-14,-50,-41,8,2,-13,36
,83,1,16,10,-19,-6,-15,-23
,-14,11,7,59,1,-5,0,-49
,-54,22,-7,-23,6,7,4,20
,-67,-24,-25,-13,-4,-1,-8,-23
,29,76,18,21,7,4,-5,15
,67,98,16,20,6,3,-1,-20
,2,-58,-9,-14,-13,-10,1,45
,12,22,6,-28,-8,-2,5,-28
,-30,-1,22,23,9,12,1,-25
,7,38,-26,-27,-6,-9,15,59
,-21,-2,36,59,-2,2,-11,-31
,-46,-6,-37,-53,19,2,-6,-27
,63,-44,18,45,-15,-2,4,30
,-81,-9,-21,-8,3,1,6,-28
,-27,34,-17,-34,-6,-3,-16,8
,-53,-66,19,22,-9,-4,9,-17
,-69,8,-30,-19,7,2,-4,16
,-36,-38,12,-28,-18,-3,-11,-25
,0,-34,10,58,19,6,1,-26
,111,109,0,-46,-21,-10,10,-15
,-83,-48,-25,68,36,10,-1,66
,-30,-128,-11,-10,-17,-3,0,-6
,10,70,-5,-25,6,3,5,-3
,-8,-43,20,21,-4,2,-4,-27
,65,47,-11,-12,-13,-12,-16,6
,-20,0,-7,-26,14,4,-2,31
,22,-9,9,-10,-10,-6,-13,-14
,3,29,-1,-7,0,6,21,-5
,63,-5,-18,-8,-9,-10,-11,-12
,4,-59,10,43,15,0,0,-11
,-72,-61,-19,-25,-8,-7,-4,39
,55,38,15,33,15,6,-10,12
,-41,1,-2,-17,-26,-6,11,-38
,0,30,1,-17,10,6,-2,-3
,43,-67,-10,-3,-3,-4,1,-7
,-2,51,25,66,8,1,-5,20
,-7,83,-5,-89,3,7,-1,-56
,-40,-70,-15,10,-8,-13,-11,61
,-24,-28,9,28,-3,0,16,-7
,62,50,-6,-5,-2,1,-4,6
,5,-2,-12,18,6,-4,7,25
,-15,44,43,15,-11,-1,-20,-81
,68,6,-6,-28,-4,1,24,65
,49,32,1,-6,-7,-3,0,11
,-93,39,9,-6,5,3,-7,-19
,-78,-37,-2,22,3,-1,-3,-35
,39,-10,-3,21,-6,2,-5,-36
,102,109,20,-15,-3,-4,-9,24
,-33,-124,-7,-36,-6,-1,14,24
,44,56,-24,41,10,4,10,31
,15,33,21,48,-12,-6,-13,-17
,-29,-22,-60,-89,23,3,2,12
,21,47,32,43,5,4,-10,-34
,64,-29,7,-24,-16,-2,7,23
,9,59,8,4,9,-3,8,3
,-17,-32,1,20,-2,-1,1,-5
,15,-22,-10,-24,-15,-10,-15,-6
,28,30,-5,-15,11,6,-10,3
,40,-49,-8,31,-8,-1,19,4
,-73,12,5,-3,9,1,-13,-13
,26,-27,-5,4,2,7,17,5
,32,20,-8,-7,-13,-8,-17,-20
,-97,-29,-14,-35,-4,-9,-18,1
,17,-42,-10,15,-1,-1,20,39
,126,57,14,9,-3,-3,-2,-8
,17,28,-14,-30,-16,-5,6,-1
,94,7,-17,-5,4,1,-8,-2
,-121,-17,7,13,1,2,4,-26
,11,-53,4,37,-16,-3,-15,7
,-53,69,9,-31,24,3,-3,-26
,18,-3,0,2,1,3,-4,-4
,9,34,11,22,-4,3,25,39
,3,28,5,12,9,-2,5,10
,-41,-64,-6,-19,-13,-6,-8,-10
,26,47,3,-10,6,7,5,-17
,-33,-49,29,36,-12,-2,-24,-32
,-36,21,-36,-70,26,0,-10,-4
,1,-67,0,63,4,-2,15,39
,38,64,-2,-24,-7,-4,6,8
,-20,-42,19,29,-11,-6,-8,-5
,-3,-38,-27,-53,-3,3,-6,-28
,91,107,52,57,-1,1,9,32
,-128,-19,-45,-21,20,13,15,-6
,43,-6,-25,-46,-7,-6,-7,27
,-21,47,28,70,-7,-9,-3,-9
,-16,-14,-16,-65,5,3,-20,-62
,93,13,26,-9,-19,-7,14,84
,28,-16,-17,28,20,11,8,-6
,-98,-11,-12,2,-12,-3,8,-10
,29,35,7,6,-7,1,-3,6
,-42,-64,13,26,2,-3,-14,-44
,-30,0,-25,-94,-10,-6,-12,-9
,113,-46,-24,42,18,7,15,51
,-42,26,20,21,3,2,9,-13
,15,-7,-3,-3,3,2,-13,-43
,-39,71,1,-20,-11,-4,5,37
,-52,56,24,39,12,4,8,8
,-105,-117,-30,-39,-13,-10,-6,-21
,2,53,15,-3,-18,-6,-2,-30
,91,-13,-16,23,26,4,-6,19
,-88,42,3,-21,-5,2,-3,4
,39,-23,-1,25,2,-1,1,8
,37,37,13,-5,-9,-4,-3,-24
,75,19,32,6,-4,-1,5,8
,13,-9,-20,-17,6,0,-1,24
,-3,-66,-1,-8,-8,-3,1,-4
,-25,-24,7,-5,-2,-7,4,14
,-3,9,-11,-13,3,3,-12,-37
,127,93,19,28,-2,0,-8,26
,-113,-65,-15,-57,-14,-17,9,-14
,107,2,-11,16,2,5,-8,-7
,-47,72,4,13,3,0,6,10
,1,-59,-5,-35,-11,1,-8,-31
,48,86,12,47,4,1,0,26
,-32,-24,-5,6,11,-7,-3,-11
,-19,-37,4,-24,-10,-5,-8,-16
,-24,8,10,2,-3,1,-3,-26
,122,16,-1,-5,-1,5,5,38
,-128,-67,-10,-11,-5,-11,-8,-68
,16,-3,-8,6,-9,-7,-5,96
,-82,-94,-6,11,-3,-5,-3,-23
,1,90,17,11,-14,0,7,0
,-71,-48,-48,-40,25,5,-15,-5
,-26,-5,25,26,-11,-2,-6,-41
,21,14,-9,-32,-3,-6,-3,-7
,-4,36,11,6,-3,2,-8,-6
,52,27,24,64,-6,-1,11,37
,0,2,-13,-34,15,9,12,-40
,-30,-39,-6,-50,-8,-6,-3,64
,67,8,-2,32,7,2,13,-10
,-86,2,-2,-22,-16,-1,-2,-7
,96,22,-14,-27,0,-4,-19,-60
,47,17,22,81,-11,-6,-3,26
,-67,2,-28,-53,35,14,19,-8
,-70,35,-9,-27,-9,-3,-3,8
,49,-13,15,39,-5,2,1,16
,-8,-79,-42,-48,-14,-10,-2,-34
,-73,70,8,9,-9,-4,-13,19
,60,-27,-10,2,2,1,-17,-11
,76,85,8,-15,2,1,34,22
,-59,-6,-1,1,-4,0,0,-18
,7,-32,9,45,-10,-9,-11,21
,65,29,14,-1,8,9,1,-7
,16,-3,-33,-29,7,-3,-16,-39
,-67,-32,15,9,11,0,-3,34
,10,10,0,-7,-15,4,13,-12
,-42,-60,-9,6,-11,-16,-20,10
,-3,-2,10,20,-1,1,5,-6
,41,27,-15,-16,8,4,10,-23
,-2,-33,-15,-1,-7,-10,-25,-30
,56,38,15,-8,2,7,15,64
,-28,-9,17,4,-9,0,-6,-3
,-23,63,-16,4,19,6,6,-31
,-10,-58,8,13,-1,-3,-20,-20
,-9,-62,-4,3,-14,-7,16,4
,-66,-22,-1,30,6,6,5,27
,21,9,12,-26,-4,-6,-8,0
,25,30,0,0,4,2,3,-8
,55,89,1,-46,-7,-4,-2,-7
,-40,-61,3,21,-2,-3,-7,0
,57,-7,-30,21,-5,8,6,1
,-31,12,17,-11,-2,-6,-6,27
,15,-14,-8,-7,26,8,-6,-18
,-2,49,19,12,-12,-5,3,19
,31,33,17,17,-9,-5,-26,-59
,-7,-24,-12,8,-7,-7,34,60
,-36,-18,6,7,-9,1,-8,-17
,-27,-25,-20,-13,9,-5,-36,-27
,-39,-73,-27,-47,-9,-5,34,7
,33,25,5,-5,-2,2,1,11
,100,44,8,48,5,-3,0,10
,-54,-49,-14,5,2,2,4,-32
,-20,-48,1,-63,-25,-9,-28,22
,37,26,-8,5,29,8,15,-78
,-35,22,-5,4,-7,2,15,77
,37,16,10,-11,17,3,-5,-5
,3,22,9,24,-1,-2,-5,16
,50,-25,3,-14,-19,-4,-3,9
,-95,11,-10,3,4,-4,-7,-21
,-27,18,15,0,-11,-6,-2,-3
,72,43,10,-1,1,0,-3,-11
,-39,-26,-13,24,20,12,-7,-1
,-52,-69,-8,-69,-10,-8,24,5
,18,40,-8,37,-4,-3,8,25
,-44,29,20,-13,3,1,-2,-2
,49,-21,-13,2,0,2,-21,-44
,47,39,6,9,7,7,4,19
,-16,-31,-10,-30,-7,-3,-10,-14
,27,19,-2,38,3,0,18,45
,-63,-1,24,-33,-3,-2,-20,-9
,30,-18,-5,23,-1,-1,4,-12
,-76,-38,-14,-5,-3,-8,-8,-1
,-7,26,11,3,-5,6,5,-23
,63,-9,1,-8,-16,-7,4,21
,-60,14,-21,3,34,10,3,-5
,30,-5,-6,12,6,1,-3,8
,-7,-38,7,-39,-9,0,-3,-28
,-48,25,21,-17,-23,-6,3,10
,63,-3,-16,59,9,0,-5,11
,-32,11,-6,-14,0,5,16,5
,-1,5,-2,7,4,-7,-2,1
,5,29,10,-9,-5,2,-13,-41
,-8,-6,0,-13,-5,-2,-23,34
,1,10,-7,8,6,10,20,21
,-11,-40,1,43,-12,-14,5,-8
,62,7,-10,-51,8,-4,-7,-3
,68,44,-11,-10,3,2,-16,-56
,-44,-44,-5,5,-4,-3,-5,11
,22,-26,3,6,-7,3,6,19
,71,53,12,64,-2,-5,-8,-30
,-91,-58,-6,-53,-9,-3,14,7
,21,12,-15,-45,-1,0,13,2
,-12,-4,5,4,4,-2,-7,16
,-38,-61,-7,41,5,-1,-3,-1
,-11,13,5,-14,-7,1,-11,-64
,53,27,27,27,-10,-1,9,32
,-12,37,-20,-45,11,2,-6,41
,-32,12,3,12,3,-6,-10,-15
,-55,-10,-1,-6,-14,-5,21,11
,44,-62,-21,-8,-3,-5,-23,-32
,40,4,11,34,4,5,3,-10
,-29,6,-7,-26,-5,-4,6,16
,33,49,-10,-24,10,0,-16,-19
,47,-32,8,2,-8,-3,-5,-5
,-97,-8,1,23,-5,-1,13,24
,-12,-81,-26,18,-2,-3,-3,-12
,29,26,35,-22,-18,-7,-6,6
,-41,31,-19,-41,14,1,-5,-26
,-7,24,2,40,1,6,0,-6
,8,-13,-15,-17,6,4,2,56
,10,5,20,28,-12,-2,35,13
,-20,-7,-1,2,-10,-6,-9,-40
,69,28,4,-46,7,0,-14,-10
,-32,69,7,40,4,4,3,2
,-36,-37,-19,-1,7,7,-10,-4
,-25,-65,-35,-15,-8,-14,-15,-12
,39,5,5,-1,-20,-8,-2,-5
,41,14,21,23,-4,1,2,9
,35,-8,-35,-46,17,3,-2,3
,-5,45,26,35,1,1,-2,-9
,7,-6,-13,-13,1,-3,-11,-26
,-26,-22,-13,-19,-10,-1,3,44
,45,37,36,35,-13,-4,16,16
,-18,4,-15,13,29,11,3,-19
,-12,-57,-14,5,-7,2,1,35
,-4,54,14,-46,3,-3,21,-23
,41,9,12,6,-12,-8,-18,-3
,42,3,11,16,0,0,-5,11
,0,32,25,-4,-3,-2,-15,-18
,-64,-29,-30,-16,-14,-7,2,-46
,29,-77,-13,23,15,2,-4,36
,50,62,24,13,7,-2,22,56
,23,-42,-19,5,13,6,-1,-63
,-60,11,-2,2,-13,0,0,55
,-12,-14,3,-50,-12,-4,-16,-75
,-39,-21,4,65,-1,-5,-3,62
,25,1,-13,-18,4,-1,17,-3
,37,45,25,18,4,-2,-1,-9
,45,23,-22,-5,-4,1,-12,-20
,44,15,-2,-91,-15,2,2,11
,-73,-36,-10,33,21,3,-11,-8
,39,-47,-2,21,-3,-7,5,9
,-1,43,13,28,1,-3,1,-2
,28,-8,1,-15,-14,0,-4,-45
,7,67,6,40,0,2,8,11
,50,-25,0,-61,14,7,10,17
,-48,-35,-13,17,3,-2,-7,19
,12,-11,12,-26,-5,-4,4,6
,5,15,8,-8,-6,-6,-8,-23
,-37,5,5,22,14,10,-3,-9
,76,24,10,-5,-3,-3,-4,-8
,-4,-45,14,-13,-12,1,-8,12
,2,0,-34,10,18,-1,15,2
,38,17,-1,-20,3,5,-5,4
,29,15,10,9,-6,-3,-1,11
,-59,-35,12,12,-4,-7,-28,-25
,52,10,-8,-18,-7,0,36,20
,-40,-48,-14,0,-8,-9,0,2
,-45,21,-8,4,2,6,9,6
,-6,47,12,-24,-6,-3,-3,-24
,-1,-28,-3,40,3,1,-5,18
,36,40,-8,-39,-11,-7,-15,-15
,-114,-42,-8,3,7,-1,-5,-10
,-30,7,6,3,-2,0,16,6
,-36,47,-1,-24,0,-1,-16,-28
,19,-19,4,31,-7,5,9,23
,-39,-88,3,3,-6,-10,1,11
,42,9,-25,-2,12,11,1,-11
,21,28,-2,-23,-10,-7,-13,6
,-23,-16,1,20,-6,3,19,-7
,98,88,2,-33,-11,-4,-6,-9
,-53,-55,-5,54,11,0,-1,5
,-34,29,0,-41,-16,-5,7,42
,-4,-34,-18,4,9,-2,-16,-19
,13,-3,12,12,-4,4,25,37
,-2,42,2,-11,-5,-3,-10,-33
,-20,6,-8,-31,-2,3,-7,-7
,-23,-37,-5,14,-6,-3,6,-16
,27,24,1,31,5,-4,-8,-14
,0,21,-7,-20,3,4,-5,-31
,-10,-44,31,26,-2,-7,-5,59
,68,20,-11,2,3,2,-1,1
,-70,-21,5,-17,1,7,-7,-29
,34,-11,-20,-38,-11,-3,13,17
,-39,-6,-14,25,24,5,-1,-21
,22,48,5,-15,-7,-3,-10,-5
,16,-71,0,11,-10,-5,-3,3
,-2,10,-2,16,1,0,1,7
,29,5,-5,-16,-7,4,4,4
,27,12,6,-8,3,-5,-4,-12
,-84,23,7,6,3,4,-9,0
,-15,-92,-21,2,-4,-3,8,11
,53,-13,20,35,0,-5,1,-13
,-95,11,-24,-71,-11,0,-17,-15
,28,-33,1,21,-3,0,-5,-38
,-25,13,-5,47,18,-4,7,86
,1,2,-2,-37,-3,1,3,-19
,-25,-22,-6,9,4,10,13,23
,15,-9,2,-16,-18,-8,-3,-6
,96,55,-10,4,16,-2,-19,-59
,-25,-64,9,10,-11,-8,-1,21
,19,19,7,-5,-3,-1,11,25
,-6,24,0,3,2,3,2,14
,-8,-36,8,25,-15,-13,-14,-34
,32,73,-36,-13,21,9,-6,-45
,-24,-42,10,12,-7,-8,-9,58
,73,31,-12,15,16,7,24,25
,8,-13,11,-50,-23,-5,-3,-3
,-69,-8,8,22,3,1,-3,-27
,-49,-5,7,8,3,-5,-17,-11
,-39,-26,-6,-16,-24,-13,-11,-10
,-12,38,-3,-5,7,9,2,10
,30,0,15,-19,-7,-3,9,0
,80,-14,-26,28,12,4,1,-9
,-9,16,10,-39,-1,-8,-10,4
,-81,-23,-7,40,-2,5,22,-2
,11,1,-2,-42,-9,-1,-1,-1
,25,10,-5,-4,11,4,-16,-32
,-38,26,5,11,1,-4,17,28
,-19,-22,-7,10,-12,-6,-13,-11
,19,3,6,11,-3,3,38,40
,59,20,19,26,0,-2,-8,-32
,-36,-33,-57,-61,20,7,-17,-32
,28,22,17,-6,-12,-8,4,39
,-7,-18,8,17,-5,-2,-20,-20
,44,-1,2,33,4,-3,13,22
,-57,14,16,11,4,0,-3,-43
,-47,14,-21,-19,15,8,13,19
,62,-104,-29,-23,-15,-7,-15,-14
,-21,75,22,29,7,1,-11,-17
,95,-2,6,-2,-9,-2,-4,23
,7,-10,-2,-1,-7,2,6,11
,23,36,-4,-4,6,-4,-12,-5
,-41,-18,5,-28,-6,-2,-3,-19
,5,5,-18,50,25,8,-15,-22
,64,16,14,-21,-8,-2,9,17
,39,19,1,6,-13,-2,5,11
,31,-7,5,13,-2,0,2,8
,-18,-43,-27,-69,-2,6,9,17
,52,22,17,32,4,1,-19,-65
,-93,2,-4,11,9,-6,-16,24
,-51,-28,15,-17,-25,-11,2,12
,12,19,-22,33,14,7,22,42
,-25,-7,14,7,15,13,4,0
,-18,36,36,23,-30,-12,-6,-4
,-51,-25,-75,0,44,8,-6,-42
,34,29,-8,-39,4,1,-6,-5
,-52,-26,17,-54,-17,-3,-5,-15
,-29,-7,6,67,5,-1,-1,3
,54,-3,-14,-11,0,-8,-10,22
,0,-9,4,-13,-2,-1,-15,-56
,-23,12,0,6,-3,-7,16,44
,27,23,0,-48,-8,-5,-4,-2
,41,40,15,22,0,1,3,2
,-57,-93,-19,-1,7,5,23,16
,7,0,-4,19,-15,-4,-25,-55
,-20,40,5,-22,0,-1,-3,34
,-52,-106,-49,-52,7,-7,-17,-18
,-12,41,26,25,-2,9,5,-37
,127,14,-5,-33,5,-1,16,57
,-39,9,-5,32,17,1,-3,11
,48,-13,28,12,-17,-2,3,2
,10,-1,-5,-8,6,2,3,-13
,-15,21,1,-45,-7,-1,-3,19
,84,-1,7,13,-3,1,5,-9
,-116,-16,-9,-23,4,-7,-10,-12
,96,52,-2,-10,-7,-6,7,8
,-31,-59,7,15,-5,5,-4,-25
,3,27,11,-53,4,-4,0,24
,-76,-23,-19,35,1,4,-8,-22
,110,18,-4,78,14,0,6,-9
,-15,-17,1,-53,-6,-2,-16,-26
,-81,-32,7,1,-4,1,6,8
,-27,50,25,53,0,1,-1,3
,-29,-20,-4,-47,-5,-5,4,25
,26,6,-7,-31,4,4,10,-28
,58,29,-2,48,14,8,-8,-16
,7,13,13,-10,-14,-9,10,16
,-22,-9,6,7,11,1,-16,-13
,-25,-32,-8,0,-5,-6,-2,10
,-56,-50,4,24,9,-3,-23,8
,84,7,-24,17,-11,5,51,61
,-48,-15,20,-18,1,-3,1,-37
,52,31,-1,46,9,-4,-24,-6
,49,10,-28,-54,-21,-6,23,23
,-49,-21,10,-7,-2,-2,-18,-3
,15,-53,-22,-67,2,5,11,7
,-20,23,15,67,6,0,-5,-3
,11,42,-9,-25,-7,0,-4,-7
,-27,-58,5,34,13,0,3,-1
,-25,17,5,32,13,9,36,62
,-14,44,14,25,-8,0,-12,-11
,-87,-77,13,52,12,6,-1,-27
,61,-39,-37,-120,-20,-9,-11,-42
,33,3,-28,0,7,5,8,41
,26,15,9,3,5,1,-6,-2
,-1,0,8,13,0,-1,-10,-11
,-89,-18,13,12,-4,-2,18,-1
,31,-14,16,31,-7,-7,-29,-53
,39,2,-21,-21,-4,2,6,42
,6,18,-12,-46,-14,-1,-15,-11
,-44,-10,8,28,3,-2,2,-30
,-34,-70,-18,-8,-8,-6,9,26
,13,27,-2,-90,0,2,-12,23
,49,31,10,51,11,1,-5,-15
,52,25,27,-8,-6,-4,1,-31
,67,50,-12,12,-2,0,6,-3
,8,-108,-7,-9,-25,-11,6,44
,-72,13,-20,18,15,2,-9,-16
,-6,-35,-2,-21,-8,2,-12,-26
,-88,17,-5,17,-9,-7,13,60
,-27,11,-23,-40,2,6,5,3
,-19,-57,-7,-17,2,0,-19,-26
,76,46,11,7,-7,-6,-3,10
,-77,-29,-15,-9,25,10,-3,5
,45,47,16,12,-4,-6,13,-2
,-70,7,14,57,10,6,-10,4
,58,-31,-25,-47,3,-1,12,40
,-71,18,12,27,-14,-7,-16,-54
,67,15,8,-3,-6,4,7,57
,40,-11,16,-13,-6,1,11,8
,44,-15,-9,24,4,-5,-17,-4
,52,65,25,1,-4,-3,5,19
,-90,-15,-22,-24,2,5,12,-14
,20,-38,-8,7,-33,-7,-6,-12
,-90,-28,-20,-53,29,-1,-5,-6
,12,1,19,13,-11,-2,-9,-34
,-34,6,-1,46,9,-2,-7,-18
,-61,-17,-12,-25,-8,4,42,60
,-10,-3,6,-23,-12,-2,-11,-20
,34,12,19,10,-9,-5,-5,-23
,-9,-6,35,48,-6,-1,-8,3
,15,-14,-75,-97,9,6,15,35
,3,24,16,22,4,4,-8,-7
,32,7,21,-72,-6,-4,7,1
,-97,-44,-8,17,8,-3,-2,7
,20,-3,-10,-8,-4,1,-8,-28
,-36,8,-5,-3,-6,-6,-6,8
,93,19,-4,16,-10,-3,-2,-5
,-19,5,5,3,4,1,-5,7
,18,-2,1,-37,-3,3,-21,-48
,29,35,-6,-8,-9,-3,-4,-35
,9,8,-13,7,4,-1,10,82
,15,-24,10,-2,-7,-2,-2,-4
,-11,0,-3,2,-2,-6,-16,-26
,33,-21,10,54,-10,2,-14,-26
,-34,18,-15,-70,-2,-3,10,5
,-22,22,11,-6,0,-5,4,3
,28,-24,15,-2,-4,-3,-11,-1
,-36,49,-50,38,13,0,-6,-20
,-3,-7,3,-16,6,-1,-5,-22
,27,9,0,-35,-9,-4,0,-15
,0,32,26,68,-21,-3,7,-4
,36,33,-34,-99,9,4,-6,7
,-58,-24,6,53,1,-1,-1,-1
,68,-16,-13,-50,16,4,1,13
,-104,12,5,-22,-17,0,-19,-13
,58,22,10,23,-17,-7,12,-5
,-13,-14,-6,38,21,1,4,24
,-3,23,5,-18,-6,3,4,1
,0,47,8,-46,-7,6,21,9
,-33,-53,-22,-38,6,-10,-2,26
,15,13,-4,12,7,1,-6,-36
,-28,-18,17,1,-11,0,14,-2
,29,-2,-21,-13,-12,-5,-15,19
,2,17,33,49,27,15,27,19
,-8,27,4,-39,-8,-3,-2,-14
,66,9,7,51,0,-6,-23,-60
,-94,-68,-26,37,8,3,8,51
,-38,-8,4,-47,-17,-1,1,-8
,46,-44,-28,-47,4,8,15,20
,10,20,11,36,-9,-4,11,-11
,-22,28,10,-12,-3,1,3,11
,-1,-21,-6,-6,2,4,-3,-9
,1,-15,-11,-3,-3,-4,-18,-44
,31,23,13,24,-4,-4,0,35
,41,-17,-10,-35,9,0,9,-24
,18,30,22,35,4,-1,-5,26
,21,-23,-12,-25,4,2,-4,9
,-19,-47,-11,15,-15,-3,3,-3
,29,32,6,44,5,-1,-4,-27
,16,40,6,3,-4,-3,-5,-1
,-15,-97,-20,-51,-5,2,6,41
,-27,46,-7,-21,16,6,6,24
,-3,2,4,-1,-9,-8,-7,-33
,16,-10,15,2,-23,-7,-11,-13
,-28,30,-15,-9,34,9,4,14
,2,-27,-5,-24,0,6,0,-13
,32,16,20,35,7,-6,-1,-11
,4,11,-4,-3,-5,-4,-19,-23
,20,-1,-8,10,0,-5,-22,-32
,3,-19,-8,-37,-8,1,3,6
,-48,-9,11,12,2,0,-3,-4
,42,-6,8,-37,1,-4,-1,11
,35,43,11,45,0,5,1,-5
,-91,-30,-47,-51,1,-7,3,25
,11,1,20,3,-11,-2,-18,-42
,-30,-37,13,68,6,5,0,18
,46,-7,-13,-74,-7,-1,13,-20
,-21,40,16,32,1,0,13,29
,-103,14,1,-27,3,1,1,18
,22,-79,-12,-27,13,8,6,-14
,10,-49,10,26,-11,-5,3,4
,-42,45,13,-28,3,0,-10,-11
,-75,-24,-11,10,-5,-1,-2,15
,16,-42,-17,-21,1,1,13,-26
,36,44,0,-15,-5,3,-1,17
,13,-26,4,22,-1,-7,-19,-44
,-31,-33,-9,-18,0,-5,-2,7
,57,-7,-4,52,-8,2,-10,-8
,37,28,12,-63,3,-4,-13,-17
,11,-13,-32,-20,-2,-3,-1,4
,-53,11,8,17,-13,-4,-8,-7
,34,44,8,14,21,6,32,46
,2,-49,-8,17,-12,0,-11,-4
,5,10,-1,-13,-13,-8,7,-11
,-33,25,11,-5,8,1,-13,-15
,71,-54,-37,-39,-6,1,-2,22
,52,-20,4,24,1,3,16,17
,46,-9,-10,12,6,-2,-15,-51
,-29,9,25,18,-16,-4,-1,38
,-11,5,-14,-41,17,-4,1,-33
,-3,-41,-15,8,17,-4,4,13
,-46,-19,8,12,-11,-1,-9,-12
,15,30,-4,13,-6,-7,-17,-48
,-79,-53,-13,0,-6,-7,-14,45
,20,2,-1,-3,10,2,17,1
,35,-12,-18,-23,-6,1,-4,0
,14,3,-4,1,2,1,8,-4
,17,35,15,-29,-6,6,-17,-44
,-17,7,2,17,2,-7,6,42
,-23,-3,-9,-38,-13,-5,-18,-36
,103,22,-3,-27,1,2,-16,-33
,-1,17,-1,12,5,4,21,36
,0,-18,7,0,-9,-11,-19,-25
,-18,15,7,8,4,-3,-8,-8
,8,7,-4,-68,-10,1,2,28
,-3,29,-2,30,-5,-1,15,13
,5,-34,8,9,-2,3,2,4
,18,-25,-24,-24,1,4,-2,-16
,82,64,18,21,14,4,6,-10
,-103,-17,1,8,0,-3,-11,11
,-65,-22,-3,-13,-5,-3,-9,32
,-5,50,7,37,8,4,11,15
,-34,-53,-1,-29,7,-2,2,-16
,-8,6,-11,-16,-12,-4,-2,31
,-13,17,15,-9,5,10,11,-24
,6,17,8,24,-1,-12,-26,-88
,-32,23,12,10,1,0,0,72
,28,-87,-26,-18,0,-7,12,-5
,70,15,19,34,-19,-7,-3,1
,-19,3,-20,-40,13,13,-1,3
,-82,-84,-13,-1,-14,-4,7,-15
,24,22,14,-17,-17,-6,-12,0
,8,32,-8,22,2,0,-5,-31
,18,33,29,22,-6,-4,0,10
,-21,10,-18,-35,-7,-7,-9,2
,17,-10,-15,-17,2,3,4,-29
,-24,21,-16,-12,6,5,15,73
,13,-23,15,38,-5,-2,-12,-39
,11,-15,-20,-19,-3,4,6,-10
,14,3,16,-25,-14,-12,-13,4
,7,24,21,9,1,9,13,5
,15,-44,4,32,-9,-6,-7,-36
,51,50,-4,-54,4,-1,12,16
,-38,-53,-13,1,0,2,-2,18
,-19,9,-12,39,0,-5,-13,-11
,59,8,6,-13,2,0,-7,-23
,-10,13,4,-2,-27,-8,-6,1
,-74,-4,-20,-39,11,3,21,34
,-8,-22,-9,7,9,5,-16,-30
,26,35,29,35,-8,-5,8,58
,-25,-23,4,17,-11,-3,10,11
,11,-36,-4,20,12,8,2,23
,25,11,-15,-12,9,-9,-7,-22
,82,24,10,21,-9,5,6,26
,-53,-47,-9,-39,-5,-2,4,-26
,-6,21,-15,-7,-13,-1,3,14
,-5,-12,7,13,21,5,27,48
,-1,11,-11,-50,-13,-7,-18,-43
,21,30,7,36,8,1,0,1
,-35,-35,3,-19,-5,-2,1,11
,28,-30,-18,-29,0,0,-4,14
,-16,-1,5,13,0,-4,6,12
,0,2,-1,-4,-9,0,-7,-24
,-43,0,2,-20,4,5,5,-21
,22,-32,-6,34,2,-12,-22,-24
,-37,13,-5,-26,-5,1,3,14
,4,7,7,32,-1,-1,-1,23
,-65,-17,23,-45,4,5,11,18
,-3,-33,-19,3,3,-9,-5,-23
,26,9,6,5,-4,1,12,12
,-47,-4,-17,-61,-11,-6,-7,-2
,15,32,26,2,5,1,-2,-6
,-47,-18,-14,3,6,6,20,9
,94,-5,22,16,-6,-5,-9,-5
,34,37,-19,-30,-8,2,-4,-3
,-22,-40,-17,31,7,-4,-6,26
,25,51,30,-3,2,4,-2,-33
,-69,-27,-25,-1,-6,-9,-1,4
,31,27,2,-20,-2,-2,1,13
,5,12,-6,2,1,7,6,-1
,-7,58,15,24,-6,1,1,7
,55,23,-28,-43,24,-1,-4,15
,-33,6,1,-15,-16,-7,-3,14
,19,-17,-13,-20,-7,1,-5,-33
,3,-27,-2,7,5,2,-7,2
,6,41,24,-3,-13,-7,12,3
,30,-20,-20,18,-8,0,1,1
,-21,-4,-3,-27,3,-2,-11,12
,16,28,24,17,6,12,32,40
,-42,-29,-20,-9,-6,-7,-23,-20
,15,-27,13,28,0,-4,-7,24
,42,-3,-5,13,-3,2,-1,2
,-57,39,-19,-51,5,-3,-16,-6
,-30,-12,-1,14,5,7,-1,-62
,14,5,21,4,-3,1,21,58
,-6,-1,7,20,3,-4,7,-3
,-12,-15,-32,-8,-1,-8,-22,-7
,68,22,4,-22,2,3,-3,18
,-78,2,8,18,4,1,25,-19
,46,2,23,-1,-14,-1,-1,-8
,28,-10,-30,-52,-6,-1,-7,-18
,-1,-9,13,47,12,6,2,14
,17,62,23,29,-14,-7,-1,-10
,-9,-2,-30,-41,12,4,7,27
,34,-20,13,-2,-7,-6,-11,-18
,-20,21,-17,-19,-8,-3,2,-9
,-1,10,26,3,-2,-2,-6,9
,38,-31,-19,9,-6,-7,3,16
,-22,24,4,-14,0,0,-14,-17
,-9,-77,-60,-35,4,-1,-7,5
,9,-49,9,15,3,-3,1,11
,8,27,-19,-15,-10,-2,-20,-38
,7,-9,-10,-20,-8,-3,-1,28
,31,-34,19,34,-5,-3,-5,15
,-21,27,-3,-1,7,0,8,-52
,-36,7,32,43,13,5,2,9
,43,4,12,39,-3,1,2,18
,-2,-3,-51,-93,8,5,4,6
,-28,14,32,33,-14,-10,-19,-15
,69,33,-2,29,12,5,10,-25
,-78,-10,-38,-29,2,3,-7,-6
,-10,-48,9,22,-10,-3,-9,-25
,87,46,-10,-49,7,0,-22,-24
,-105,18,37,16,-8,-6,14,42
,-5,-33,-35,-43,2,-1,-7,-25
,-38,-10,3,43,-1,2,16,-4
,32,9,10,8,3,5,4,-2
,-21,-33,6,-56,-9,-6,-8,8
,55,15,-19,19,4,-1,-1,-29
,-50,-22,18,-9,1,-3,-8,31
,73,6,14,-20,-12,-1,3,32
,55,13,8,-13,-14,-13,7,16
,30,51,-19,5,1,12,6,3
,-60,-87,0,35,-10,-15,-12,-12
,-41,-14,-32,-10,28,8,-11,-23
,-15,5,-3,-4,-6,-3,5,32
,28,-13,8,-8,-12,-5,-4,-59
,57,69,8,18,-8,-5,-3,30
,-32,-13,4,33,1,5,23,36
,9,22,-25,-59,-12,-11,2,9
,21,18,9,-31,-6,-3,19,11
,39,52,0,-17,4,2,-11,-23
,-90,-74,4,23,-6,-11,-12,-5
,5,6,-11,-27,-13,-1,10,1
,-15,36,4,-37,-1,5,-1,5
,-23,-14,3,33,12,8,-6,3
,-28,-43,-2,-7,-15,-7,-9,-47
,66,21,-26,-10,17,7,18,46
,-60,-38,7,19,-10,-14,-9,20
,6,-12,8,-24,2,2,-4,6
,36,25,10,-44,-13,-2,9,16
,-31,0,-2,31,15,2,-6,-32
,-44,-24,14,83,-11,-4,-16,-49
,-10,-20,-18,-77,-2,-7,-18,19
,34,30,-2,20,4,6,-10,20
,-31,16,20,-1,-11,-5,-7,-88
,-53,-61,-19,-25,8,3,-2,55
,47,48,-4,32,1,-1,17,23
,116,-23,10,-18,9,-1,-4,-12
,-70,27,-5,-7,-6,8,13,26
,-81,-45,-12,-25,-11,-3,-14,-21
,11,-12,-1,22,11,-2,-11,-8
,67,10,2,-14,-2,3,11,23
,45,-28,12,-19,-3,-3,0,-27
,-44,14,-21,-21,1,-4,-2,-15
,-3,-11,13,1,3,2,5,12
,-5,8,13,15,-8,-5,-24,-15
,6,-46,-16,-62,-11,-4,2,-18
,-48,40,-1,7,1,0,1,50
,-6,5,6,7,10,-1,5,2
,51,22,18,18,2,2,-3,-7
,-28,3,2,20,5,-2,3,10
,49,-1,-10,-2,-2,-6,-2,-35
,-7,-27,-5,34,-9,4,-17,-6
,-1,-9,-14,-17,-3,2,28,0
,19,9,-25,6,6,-5,-2,-5
,-65,-2,16,35,0,-1,0,8
,-18,-66,9,-33,-22,-5,-9,22
,-38,20,6,-14,15,6,-3,-27
,-19,-16,-5,30,-9,-6,4,-20
,25,65,1,-35,-2,-5,-21,-13
,-15,-72,-26,11,11,8,9,22
,-11,-30,34,49,1,-4,-21,16
,73,75,-19,-65,12,6,23,22
,-29,-5,-40,-47,-8,-3,-9,-1
,11,-16,17,25,-12,-11,7,4
,20,5,-21,21,10,6,-10,2
,8,33,23,1,1,1,-15,-83
,21,36,21,16,-4,5,26,102
,-3,-39,-30,-27,0,0,6,-9
,-25,34,8,-8,-8,-8,-8,-19
,8,-28,-19,-22,0,-2,-9,-44
,-49,-35,13,42,-9,-3,-10,27
,-10,-6,-27,-67,3,8,6,-1
,28,16,16,-2,-18,-10,-24,-40
,-7,-24,11,54,-7,7,14,34
,0,9,-59,-34,16,4,11,-8
,-34,13,13,18,1,-2,-15,5
,17,-33,-7,-11,2,3,-1,-66
,-54,21,-2,-1,-6,-11,2,66
,-25,-20,16,-12,-16,1,-13,-51
,20,31,-40,-47,7,0,26,60
,23,-48,-2,-6,-3,-2,-19,-39
,-2,2,29,5,-1,-3,-16,-32
,19,7,-6,28,-5,-11,-20,-14
,19,28,9,-4,-3,1,-5,-3
,-26,6,17,6,1,-3,-3,-13
,-29,-15,-4,-13,-2,1,7,-9
,-5,-24,-12,-12,6,0,12,50
,-29,-18,31,84,-10,-5,-18,-20
,-16,24,-48,-83,4,11,-3,-19
,12,30,7,-19,-6,-6,19,32
,-60,27,-5,22,1,1,-17,-10
,-11,-75,8,-16,-5,-6,-12,-12
,-31,3,-8,-52,2,3,11,-13
,46,26,1,9,-5,-2,3,13
,31,-56,-13,0,-2,2,-7,-6
,39,9,11,4,-13,3,21,35
,8,2,22,29,1,0,1,-26
,-32,30,10,-48,4,-3,3,14
,42,-28,-26,-29,8,4,-9,-16
,25,9,26,28,-5,-3,15,66
,7,1,-10,-15,-5,4,-6,-56
,-4,21,-6,-32,-5,-16,-12,0
,20,22,7,-58,-15,-8,-16,19
,7,-1,-15,63,42,16,4,-27
,-42,7,1,-4,-25,-13,-6,14
,4,-12,-13,-25,-2,-7,-23,-64
,-6,9,4,18,6,3,13,74
,51,38,32,46,-8,-1,-22,-55
,-24,-17,-24,-30,20,7,19,59
,-64,-38,-16,-5,-25,-8,-1,2
,37,-4,-6,-33,-4,1,8,-8
,49,-2,-6,25,9,-4,-17,-25
,66,6,28,86,1,-5,16,29
,-115,-37,2,-45,-6,9,-2,-6
,102,3,-60,-18,0,-12,-3,10
,-36,-31,12,61,16,-3,-17,4
,28,17,-8,-27,-15,-3,21,3
,-45,-12,20,7,-7,7,2,-19
,-17,23,51,38,-11,-6,1,32
,61,-1,-40,-54,9,9,0,-31
,-50,16,-13,12,11,-8,-21,1
,114,13,-17,-19,1,-2,20,35
,-19,55,24,26,12,3,-7,-31
,-64,-114,-25,-5,-4,-4,-15,-10
,7,74,5,-53,3,-3,12,-27
,10,2,40,47,-7,0,8,49
,36,-22,-22,10,16,5,-5,-11
,33,48,10,9,-6,-1,-4,16
,20,21,2,32,20,4,-11,-21
,-4,-15,0,-50,-12,-8,-5,-27
,-76,-15,6,-16,-11,-4,-16,-52
,37,-15,-24,-46,-13,-4,22,89
,22,-8,-15,14,-15,-3,-1,-21
,-35,38,-24,-36,-2,-2,-4,-8
,32,-56,5,-36,-4,0,-9,-3
,-9,16,-4,4,13,7,23,24
,-28,-2,7,-34,2,-3,0,8
,38,-35,-23,19,-7,-9,-19,-23
,-44,61,18,-21,-6,-3,-5,-7
,4,-6,23,67,-3,-1,-1,9
,18,-72,-19,-36,1,2,1,-5
,-2,43,-11,-24,12,7,20,14
,-8,19,-2,-12,-17,0,25,9
,17,23,8,23,18,2,-12,-35
,32,33,19,2,4,0,-3,12
,-37,-41,-33,-50,-8,-2,-4,-26
,6,-1,5,14,3,3,-9,4
,-35,-23,-9,16,-4,-6,-5,-11
,19,-22,1,9,-6,-2,0,31
,9,49,-3,-34,-5,7,7,-29
,-42,-10,6,20,9,-4,-3,42
,4,27,-12,41,12,11,14,1
,-20,-5,-49,16,31,10,-17,-69
,10,4,-5,-39,8,-1,14,65
,9,18,18,3,-13,-7,-9,-2
,-6,-8,-12,-27,2,4,3,20
,15,58,15,29,-7,-9,-16,-53
,-5,19,16,-3,-11,-3,-2,-17
,28,-14,-23,7,9,8,16,63
,-75,-5,16,-1,-9,-9,-8,-7
,26,-38,-7,13,3,-1,1,12
,-79,14,0,-5,0,5,-6,-25
,5,-36,-53,-82,6,3,7,27
,-13,-21,5,9,3,4,14,12
,7,49,0,-35,-7,-2,-1,-15
,-42,9,38,113,5,-4,-27,-39
,69,-20,-31,-106,5,3,45,68
,-65,12,0,22,0,7,2,-1
,-10,-76,-22,-8,-8,-7,-20,-55
,-5,19,-10,-10,-2,-4,-4,21
,-17,9,39,40,-8,3,-5,12
,98,-14,-8,13,5,-1,-6,-20
,25,-5,-40,-29,-9,-5,6,9
,25,0,10,8,-25,-6,-2,14
,-16,19,-23,-1,17,6,-15,-46
,24,-6,2,-30,0,-2,8,21
,-60,-5,4,44,-7,-5,-5,-1
,-17,-8,-8,-28,-5,-1,-3,-17
,25,32,24,43,-8,-1,-13,3
,-39,54,-9,-39,16,5,11,-4
,2,-80,-4,-9,-7,-1,-8,22
,8,-24,-6,5,1,-8,-6,-27
,-37,10,26,9,0,3,-15,-108
,78,-2,32,18,-10,-11,1,88
,53,-2,-26,-13,2,6,26,38
,-46,-9,-2,-26,0,-1,-11,-26
,14,67,19,28,10,5,2,-14
,-84,-103,-7,21,13,-2,-12,-32
,61,24,-1,1,-1,2,-9,12
,-16,2,-10,-5,-23,-8,17,40
,15,51,35,-24,-6,-3,-9,-25
,-5,-48,-28,15,21,12,1,-51
,-20,10,-8,7,-4,-6,-5,30
,65,-5,-9,-27,14,9,18,10
,-60,23,18,20,-13,-7,-7,4
,10,13,-12,-18,-8,4,4,8
,10,-17,2,12,1,2,9,34
,-11,22,-8,-27,0,-7,-1,-9
,4,-12,11,6,1,1,-4,-16
,-5,26,0,9,-4,-1,3,12
,10,-21,-8,4,3,3,4,14
,-18,17,-2,-6,-8,-11,4,-12
,23,-1,2,-12,1,-8,17,8
,-7,-17,-3,11,-1,7,-33,-6
,3,-14,-2,7,1,-4,-23,-4
,20,30,10,-4,-7,-5,17,17
,6,5,17,3,-1,-5,-86,14
,-13,17,-26,-8,2,30,27,-16
,29,-12,20,12,1,-57,-8,6
,18,-10,0,9,2,26,-96,-3
,-49,4,-20,-25,-2,3,124,27
,27,15,14,2,-2,-38,-28,-25
,-19,-19,-10,-8,-2,67,-23,-3
,62,8,29,12,8,-17,75,16
,7,4,-14,2,-1,35,20,40
,-11,-6,-21,-18,-12,-83,12,-29
,6,-4,-11,-4,-3,14,111,-18
,10,7,27,2,-1,1,-56,14
,11,2,4,1,-3,-36,-17,-11
,-13,-1,-6,0,1,24,33,19
,8,-5,-6,1,-1,-14,-34,-11
,-7,4,1,1,-3,-3,-34,11
,-8,-7,-5,4,0,-6,-42,4
,11,7,23,0,2,26,57,-27
,-16,-8,-53,-7,-5,-32,-80,-17
,18,4,12,1,4,30,93,23
,21,0,2,3,0,7,-37,-37
,-14,-2,10,0,-3,-3,-39,6
,4,0,-5,2,0,1,16,-7
,-5,-1,4,-3,-1,9,19,3
,13,1,22,6,1,-19,-15,10
,-15,-4,-10,-4,-1,25,-19,-4
,8,1,-4,1,1,-6,42,4
,-7,-4,-13,-7,-6,-18,-5,-6
,5,0,7,2,0,-1,-4,8
,-11,-3,-5,-5,-5,14,-31,-10
,6,2,8,3,-2,-9,-10,5
,-11,1,19,1,0,2,30,-16
,6,-8,-46,-9,-2,8,11,5
,-11,-3,-11,-4,-1,-3,-22,-8
,6,3,14,2,1,0,7,7
,-3,-1,-9,0,-2,-1,8,5
,1,1,17,2,1,0,-4,0
,0,-2,-8,-2,-1,0,15,-3
,4,-1,2,-1,-2,1,-8,3
,0,2,5,1,0,0,-7,3
,2,0,9,1,1,1,2,-1
,-2,-1,-6,-3,0,5,-3,2
,0,0,1,0,0,-5,-2,0
,-2,0,0,-1,-1,0,2,-4
,-1,-3,-3,-2,-2,-3,-2,-2
,-2,-3,-4,-1,-1,5,10,2
,-1,-1,3,-1,0,-4,-9,-3
,-3,0,-2,0,-2,-5,-7,-2
,1,-1,1,0,-1,2,7,-2
,0,-1,-3,-2,0,2,1,2
,1,1,-2,-1,0,0,9,0
,-3,0,0,0,0,1,0,2
,-3,-2,0,2,-1,-4,-10,-2
,1,-1,-2,-1,-1,0,4,-1
,0,-1,-2,0,-1,-1,3,0
,-1,-1,-1,-1,-2,-2,-4,1
,-3,1,0,-2,-3,-2,-2,-2
,-1,-2,-3,-3,-1,-1,0,-1
,-2,0,6,0,0,0,-1,-1
,-3,-3,-4,-1,-1,1,-2,1
,0,-3,-5,-1,-1,-1,0,1
,0,-1,3,1,1,1,2,1
,-1,1,1,0,1,-3,-2,5
,-3,0,0,-1,0,-2,-1,-5
,0,0,4,0,0,-1,1,-5
,1,3,6,5,1,-1,0,2
,2,-4,-10,-6,-3,-3,-3,-4
,2,0,7,-1,1,1,0,8
,-1,-2,1,-2,-3,-2,1,4
,-4,-2,-17,-5,-1,-6,3,-8
,-4,-1,-24,-13,-3,-2,-11,-25
,10,-5,4,4,1,0,-4,21
,-11,2,23,-1,-1,-3,8,-8
,4,6,60,16,2,1,-11,-14
,1,1,-16,6,0,2,5,15
,-1,1,-13,-10,-5,-7,0,-12
,-8,-17,-28,-18,-2,-4,7,7
,-2,4,35,17,6,5,5,22
,-4,0,-16,3,-1,1,-9,-35
,5,11,78,4,0,8,-2,-1
,-16,-5,-37,-7,-3,4,16,-26
,5,2,7,4,1,-9,-4,6
,-1,2,0,-1,-1,4,-11,-9
,1,-1,2,0,0,-4,3,7
,0,-7,-27,-2,1,-4,-13,17
,-4,0,4,5,0,6,5,-8
,5,5,11,-2,-3,-3,-7,-2
,-5,-4,15,-3,-3,-5,-1,3
,12,4,9,-5,-4,1,-9,-4
,-7,-14,-44,-17,-5,1,6,-5
,1,2,33,5,1,-3,2,9
,-3,-1,-11,2,-2,-3,-3,1
,0,0,-11,-4,0,1,2,2
,-2,1,5,-4,-3,2,0,-14
,-1,-3,11,0,-1,-3,0,8
,-1,-1,-14,2,-1,3,-4,2
,-2,-3,1,2,-1,-1,1,-6
,-2,-2,-11,-5,-2,-3,-7,-8
,3,0,4,2,0,0,1,8
,-2,0,5,0,-2,0,1,-1
,0,0,13,-1,-1,-2,2,8
,-3,-1,-4,-3,0,0,-3,-4
,-2,-2,-7,-3,0,-1,-2,-4
,1,-1,-3,0,-2,-1,-3,-2
,0,0,12,0,-1,-1,2,2
,-2,0,-7,-2,-2,-2,-2,-3
,-1,0,-7,2,-1,-1,0,2
,-2,-2,5,-1,-1,-1,0,0
,2,0,5,1,-2,0,-2,-5
,-1,1,-7,0,1,-1,-1,1
,-2,-2,1,1,0,0,-1,3
,-2,-3,-6,-2,-2,1,-1,-3
,-1,-1,2,1,1,-2,0,3
,-1,-3,-6,-1,-2,1,-4,-5
,-1,1,6,-1,-1,-1,2,3
,-1,0,8,0,-2,-1,-1,0
,-2,-1,-4,-2,-2,0,-2,-3
,0,0,0,0,-1,-3,-1,-4
,-2,-4,-6,-1,0,-1,-1,10
,-2,0,-26,-5,0,-2,-4,-16
,0,-1,13,-1,-1,-1,0,0
,-2,-1,-8,-2,-1,0,-1,7
,-2,0,-1,2,0,-1,-1,-9
,0,1,1,-1,0,-1,1,-4
,-1,0,3,-2,-2,-1,-1,0
,-1,-3,1,-1,-1,-1,-1,0
,0,-3,-3,-3,1,-1,0,-2
,-1,-1,3,0,-3,1,-2,1
,0,0,-3,0,-1,-1,0,-2
,-1,-1,-1,1,-2,0,0,-1
,-2,-3,-1,-3,0,-2,-1,-1
,1,-1,2,1,-1,-3,-1,0
,-1,-2,0,-1,0,-1,-1,2
,-1,-1,-1,-2,-1,-1,-2,-2
,0,0,-2,-1,-1,-1,-1,-3
,-1,-2,2,0,0,0,1,1
,-2,0,-2,-1,-2,0,-1,-1
,0,1,-4,-1,1,-1,-3,-1
,-1,-2,0,-1,-1,1,1,0
,-2,0,1,-1,-1,-1,-2,0
,2,-2,0,0,-1,-3,-2,-1
,-2,-1,-2,-1,0,0,-1,-1
,-2,-1,0,0,-1,-1,-1,-1
,-2,0,2,1,0,0,0,-1
,1,-1,-2,-1,0,-2,-2,-1
,0,0,-1,-1,0,0,-2,0
,-1,-1,-2,-1,-1,1,-1,1
,-2,-1,-1,1,0,-2,0,-1
,-3,1,-4,-2,-2,-1,0,-1
,0,-1,-1,-2,0,-2,-1,0
,-1,1,2,-3,-1,-3,1,-1
,-1,-1,-1,-2,-2,0,-2,-1
,-1,-2,1,0,-1,0,-1,11
,-1,-1,-2,-2,1,0,-2,-16
,0,-1,-2,-2,0,1,0,-2
,-2,-2,1,-2,-1,-1,1,5
,-1,-1,-1,-2,-2,-2,0,0
,-1,-2,-2,0,1,-1,-4,-3
,-4,-1,-3,-2,-2,-1,-1,-4
,-3,-1,-1,0,-2,0,0,0
,0,-1,-3,0,0,0,-1,-1
,-1,0,-1,0,0,-1,1,1
,0,-1,-1,0,-1,-1,-1,-2
,0,0,-2,-2,-1,-1,1,1
,-1,-1,-1,-1,-2,0,-1,-2
,-1,0,1,0,-1,-2,0,0
,1,-1,0,-3,0,0,-1,0
,-1,-1,-1,-1,-1,-1,0,-1
,-1,0,-2,0,0,-2,0,-4
,0,-2,0,-1,-2,-1,-1,2
,-1,-1,-1,-1,-2,-3,-1,-3
,0,-2,0,0,0,-2,-1,-3
,1,1,-2,-2,-1,0,-2,-2
,-1,-2,0,-2,-2,-1,0,0
,-2,-2,-2,-1,0,-2,-3,-2
,-2,-2,0,0,0,1,-1,-2
,-1,0,-4,-3,-1,-1,1,-2
,-1,0,-1,-1,0,0,-2,0
,-1,-2,-1,-1,-1,0,-1,0
,-2,-1,-1,-3,0,-2,-1,-1
,0,-1,1,-1,0,-1,-1,-2
,-1,1,-1,0,-2,-1,-1,0
,-2,-2,1,0,-2,-2,0,-1
,-3,-1,-1,-2,0,0,-2,0
,-1,-1,0,-2,-1,-1,0,-1
,0,-1,-2,-1,-1,0,1,0
,0,-1,-1,1,0,-1,-1,0
,0,0,0,0,-1,0,-1,0
,-1,0,-1,0,0,-2,0,0
,-1,-1,0,-3,-2,-1,-1,-2
,-1,-2,0,-2,-1,0,0,-2
,0,-1,0,-2,-2,-2,0,0
,0,-1,-1,-1,0,-2,-1,0
,-1,0,-1,0,1,-1,-2,-1
,-1,1,0,1,0,-1,1,0
,-1,-1,-3,-2,0,-1,-2,-2
,1,-1,-2,1,-2,-1,-1,-2
,0,-2,-2,0,-1,-1,0,0
,1,-1,-1,0,-2,-2,0,1
,0,-1,-1,1,-2,0,-1,0
,-1,0,-1,-1,-1,0,-2,-2
,0,-1,-1,0,-2,-2,0,-2
,-1,-1,-1,0,-1,0,0,-1
,-2,-1,-1,-1,-1,0,0,-1
,0,-2,-2,-2,-1,-1,-2,-1
,0,-1,0,-1,-1,-1,-1,0
,-1,-2,-1,-2,0,-1,-2,-1
,-1,-1,0,-1,0,0,0,-1
,-3,0,-1,-1,0,-1,-2,0
,-3,-1,-2,1,-1,-1,0,0
,-2,0,0,-1,-1,-1,-1,-1
,0,-1,-1,-1,-2,-1,0,-1
,-1,-2,1,-2,-1,-2,-1,0
,-1,-2,-1,-1,-2,-2,-1,-1
,1,-1,0,-1,-1,0,-2,-2
,-2,0,-1,-1,-2,-3,-1,-1
,-1,-4,-3,0,-2,1,0,-3
,-1,-1,-2,-2,-1,0,-2,-1
,0,0,1,-2,0,-1,-2,0
,0,-1,-2,-2,-3,0,-2,0
,0,-2,-1,-1,-1,-1,0,0
,-1,-1,-2,-1,-1,-2,-2,-2
,-1,2,0,-2,-3,0,1,-3
,-1,-2,1,0,0,0,-1,0
,-2,-3,-1,-1,0,-1,0,-1
,0,-1,0,0,-1,-1,0,-2
,-1,-1,0,-1,-2,-2,0,0
,-1,0,-1,-1,-1,0,-2,-2
,0,0,0,-1,-2,0,0,-2
,-1,-1,-1,0,1,-1,0,-1
,-2,1,-1,-1,-1,0,-1,-2
,-1,-1,-2,-3,-1,-1,0,0
,-2,0,0,-1,0,-1,-2,-1
,-1,-1,-1,-1,-1,-2,-1,1
,-1,-1,-1,-1,-1,1,0,0
,-1,-1,-1,-1,-2,1,-2,-1
,-1,-1,-2,0,0,-1,-1,0
,0,-2,-2,-1,-2,-1,1,-2
,-1,-2,-3,-1,0,0,-1,-2
,-2,-1,0,0,-1,0,-3,-2
,-2,0,-1,0,0,-1,0,0
,-2,0,1,0,0,0,1,-1
,1,-2,-2,-1,-3,-1,-2,0
,-1,-1,0,0,-1,0,0,-1
,-1,-1,0,-2,0,0,-1,-2
,1,0,0,-1,-1,-1,-1,-1
,-2,-2,-2,-1,-1,-1,-1,0
,-1,0,0,-2,-3,-1,0,-2
,-1,0,-1,-1,-1,2,-2,-1
,-1,1,-1,-1,-2,0,-1,-1
,-1,0,0,-2,0,0,-1,-1
,-2,-2,-1,1,0,0,-1,-2
,-1,-2,-3,0,-1,-2,-1,-1
,-1,0,-2,-2,0,0,0,0
,-1,0,-1,-1,-2,0,-1,-1
,1,-1,-2,-1,0,-1,-2,-1
,0,1,-1,-3,-1,-1,-2,0
,-1,0,0,-1,-1,0,-3,-1
,-1,-2,0,-2,-1,-2,0,-1
,-2,-2,2,-1,0,-3,0,0
,-1,-1,0,2,-1,-1,0,-2
,-1,-2,-1,0,0,1,-1,1
,-1,-2,-1,-1,1,-1,0,-1
,0,0,-3,-2,-1,0,-2,1
,-1,-1,0,0,-1,-1,-2,-1
,0,-2,-2,-2,-1,-2,-1,-1
,0,-2,0,0,-2,-1,-3,0
,-1,0,-1,0,0,-2,-1,-1
,-1,-1,-2,0,0,-1,0,-1
,-1,-1,-2,-1,0,-1,-1,-2
,1,-1,-1,-1,-2,0,-1,0
,0,-1,0,-1,-1,-2,0,-2
,-1,0,-1,-2,0,-1,-1,-2
,-3,-2,-2,1,-1,-1,0,-2
,-1,-1,1,0,-2,-1,0,0
,-3,-1,-1,-2,-3,0,-1,-1
,-2,-1,-1,-2,0,-2,-1,0
,-1,0,-1,-1,-3,-2,-1,-2
,-1,-1,-4,-1,-1,-2,-1,-1
,-1,-2,0,1,0,-1,0,-1
,0,-1,-1,-1,-1,-2,-1,-1
,-1,-1,0,-1,-1,-1,-2,-2
,-2,-2,0,0,0,0,-1,-2
,-1,-1,-1,-1,-1,-1,-1,0
,-1,0,-1,-2,-1,-1,1,-2
,-1,-2,-1,-1,0,-2,0,-3
,0,-1,2,-2,-4,0,0,-1
,0,-1,-4,-2,0,0,-2,0
,-1,-2,-1,-1,0,-1,-1,0
,-1,0,-2,0,0,0,-1,0
,0,-1,-2,-1,1,-2,-1,-1
,0,-1,2,-1,0,-3,0,0
,-1,-1,0,-2,-2,-1,-2,0
,-1,-1,-1,0,-1,1,0,0
,0,-1,0,-1,0,-1,0,-1
,-2,-1,0,0,-2,-2,-1,-2
,0,0,-4,-1,-2,0,0,-1
,1,-2,-1,-1,0,-3,-1,-2
,-1,-1,-2,-1,-2,-1,-2,-1
,0,0,1,-2,0,1,1,0
,-2,-2,-4,-2,1,-1,-3,-1
,0,-1,-1,0,-1,0,0,-1
,0,0,0,0,-1,0,-1,-1
,0,-2,-2,-1,-2,-1,-1,-1
,-1,-1,-2,0,-1,1,0,0
,0,-2,0,0,-1,-1,-1,0
,0,0,0,0,-1,0,0,-1
,-2,-2,-2,-1,-2,-2,0,0
,0,0,0,0,-2,-2,-2,-2
,-2,0,-3,0,0,-1,-1,-1
,-2,-2,-1,-1,-3,-2,0,-1
,-1,-2,-1,-2,-2,0,-1,-1
,-2,0,-1,-1,-2,-2,-2,0
,-1,-2,-2,-2,-2,-2,0,-1
,1,-4,-2,-2,1,0,-1,-1
,-2,-1,-1,0,-1,-1,0,0
,-1,-1,-1,0,-2,-1,-1,-1
,-2,0,-1,-1,-2,0,-1,-1
,-1,-1,0,0,-1,-1,-2,-2
,-1,0,-2,0,-1,-1,-3,0
,0,-1,-3,0,1,-2,0,-1
,-2,-3,-2,0,-1,1,-1,0
,0,-2,1,-1,-1,-1,-1,1
,-1,0,-2,-1,-1,0,0,-1
,0,0,1,-2,0,0,0,0
,-1,0,-1,-2,0,-1,-2,-2
,-1,0,-1,-1,-2,-1,-1,-1
,0,0,0,-1,0,-1,0,0
,-3,-2,-1,-2,-1,0,-1,-2
,0,0,0,-3,1,-2,1,-1
,0,-1,-2,-2,-1,-2,-1,-1
,0,-2,0,2,0,-1,-2,-2
,-2,-1,-1,0,0,-3,-2,-1
,-1,-1,-1,-2,-1,0,1,-1
,1,-1,0,-1,-1,-2,0,0
,0,-1,-2,-2,-1,-1,0,0
,-1,-2,-1,-1,-4,0,-2,-2
,-3,-1,-1,-2,0,-1,-1,-1
,0,-1,-1,-1,-1,-1,0,-1
,-1,-1,-2,-2,-2,0,-2,-2
,-2,-1,-1,1,-1,-1,-1,-1
,0,-1,0,-3,0,-3,-1,0
,-3,0,-1,-1,-2,-1,-2,-1
,1,-1,0,0,0,-1,-1,0
,-1,-1,0,0,0,-2,-1,1
,1,-1,-3,-1,-3,-2,-1,-2
,-1,-2,-4,0,-2,0,-2,0
,-2,-1,0,-1,0,-1,0,1
,0,-1,-1,1,-1,0,-1,-1
,-2,0,-1,-1,-1,-1,0,-2
,-2,-1,0,-1,1,0,0,-1
,0,-1,-2,-1,-1,1,0,-2
,-2,0,-2,-1,0,0,0,-1
,-1,-1,-1,0,-3,-2,-1,-1
,0,-2,-1,-1,-1,-1,0,-1
,0,-1,-3,-1,0,0,-1,0
,-2,0,-1,-2,-1,-2,-1,-1
,0,-1,1,1,-3,-1,0,-1
,-1,-2,-4,-4,-2,0,-1,0
,-1,0,-1,-1,0,-1,-1,-1
,-1,0,-2,-1,-1,0,-1,-3
,-1,0,0,-2,-1,-1,-1,0
,-1,-3,-1,1,0,0,-1,-1
,0,-1,-1,-2,0,0,0,1
,-1,-1,1,0,0,-1,-1,0
,-2,-1,-1,-1,0,0,-1,-1
,1,-1,0,-1,2,-2,-1,-2
,0,0,-1,-1,-1,-2,-2,2
,0,-1,-2,0,0,-1,-1,-2
,-1,-1,1,0,-2,-2,0,0
,-1,-2,-1,-1,-2,0,-2,-2
,-1,-2,-3,-1,-2,0,-1,0
,-2,-1,0,0,0,0,-1,-1
,0,-1,-1,-1,1,0,-2,-1
,-3,0,-1,1,0,-1,-1,-1
,-1,-2,1,-1,1,-2,-1,0
,-1,-1,0,0,-1,-2,0,-1
,-1,-1,-1,-1,-1,0,0,-2
,-2,-1,0,-2,0,-1,-1,0
,0,0,0,-1,-2,-1,-1,-1
,1,-1,-1,-3,-1,0,-1,0
,-2,0,-2,1,-2,-2,-1,-2
,-1,-2,-1,-1,-3,0,-2,0
,-2,-2,-2,-1,-2,-2,0,-1
,-3,-1,-3,-1,-1,0,-2,0
,-1,0,1,-1,1,1,1,-1
,-2,0,-2,0,0,-2,0,-1
,0,-1,0,0,-2,0,-2,0
,0,-1,0,-1,0,-3,1,0
,0,-1,0,-1,1,0,-1,0
,0,-1,1,-1,1,-2,-3,-3
,-3,0,-2,-1,0,-2,-1,-2
,0,-1,0,1,-2,-2,-1,-1
,-2,-1,-3,-2,-1,0,-1,-1
,0,-2,0,-1,0,0,-1,1
,-1,0,-1,-1,-1,-1,0,-3
,0,1,-4,-2,-1,1,-1,0
,0,-2,1,0,-1,0,-2,0
,-2,-1,0,0,-1,-1,0,0
,0,-1,0,0,0,0,-2,-1
,-1,-1,1,-1,-2,-2,-1,-1
,0,-2,-2,-1,-1,-1,0,-1
,0,0,0,0,0,0,0,-2
,-2,-1,0,-1,-3,-1,-2,-1
,-1,-3,-2,1,-2,-2,-1,0
,-1,-1,-2,-2,0,-1,-1,0
,0,0,-2,-2,-2,-1,2,-2
,-1,-2,-1,0,-1,0,-1,0
,-1,0,-2,-2,-1,0,-2,-1
,1,0,-1,-1,0,-1,-2,-2
,-2,-1,0,-2,1,-2,-3,-1
,-2,-2,-1,0,0,-1,-1,0
,-1,-1,-1,0,-1,-1,-2,-1
,-2,-1,-2,-2,0,-2,0,0
,-2,0,0,0,-2,-1,-1,-1
,-1,-2,-1,1,0,-1,-1,-2
,-1,-2,-1,-2,-1,-1,0,-2
,-3,-2,-1,-1,-2,-2,0,-2
,-2,-1,1,-1,-1,-1,0,0
,-2,-1,-2,-1,-1,-1,0,0
,-1,0,1,-2,-1,1,0,1
,0,0,2,0,-2,-3,-3,-1
,-2,-2,-4,0,0,-1,-1,-1
,0,-2,-1,1,-1,-2,-2,-3
,0,-1,-3,0,-1,0,-1,0
,-1,0,-1,-1,-3,1,0,0
,0,-2,-1,-2,-1,0,1,0
,0,-1,0,-1,-1,-1,-1,-2
,-1,-1,6,-2,-1,-1,0,-3
,-1,-1,-16,-3,0,0,-1,1
,-1,0,1,0,-1,-2,-1,-1
,-1,0,-1,0,0,-1,0,0
,-2,-1,0,-1,-1,-1,0,0
,-2,1,8,1,0,-1,-1,-1
,-1,2,-2,0,-1,0,-3,-2
,0,0,7,0,0,-1,-3,-2
,0,-1,-4,1,-2,-2,-1,-1
,0,-4,1,-1,-1,0,-2,-3
,0,0,-15,-2,-3,-1,0,0
,-1,-3,-3,-1,-2,-2,0,-2
,0,-2,-4,-1,0,-1,-1,0
,1,2,12,2,0,1,-1,0
,-2,-2,-2,-1,1,-3,0,0
,0,0,-1,-2,0,-1,-1,-1
,1,0,4,1,0,0,-1,-1
,-1,-3,7,-1,-2,2,-1,-2
,1,1,2,-1,-2,-1,-1,-1
,0,-3,-28,-1,-1,-2,-1,0
,0,-2,2,-1,-2,-2,-1,0
,0,1,2,1,2,0,-1,-1
,-2,-4,1,-1,2,-1,-1,0
,-3,-1,-21,-1,-1,1,-2,0
,-1,-3,-10,-3,-3,-2,-2,-1
,-1,-1,3,0,1,-2,-1,1
,0,1,1,-1,0,-2,-1,-1
,-1,-2,2,0,0,-2,0,-1
,0,2,6,2,-1,0,-1,1
,-2,-1,0,-1,0,-1,0,-1
,-1,-2,-9,-2,-2,-2,-1,0
,-1,1,13,1,-2,-1,1,-2
,-2,-1,-3,-1,0,-2,-1,-3
,0,0,0,-1,-2,-2,-1,-1
,-2,-1,-8,-1,-1,-2,-2,-2
,0,-2,7,0,-2,0,1,-1
,-2,-1,1,-1,-1,-3,0,0
,0,-1,-4,-3,-5,-1,0,1
,0,-3,-4,1,3,0,-3,0
,0,1,7,-2,-1,-1,-2,-1
,-1,-3,-1,-1,0,0,-1,-2
,-1,-2,0,0,-2,1,1,-2
,-1,-1,-3,-3,-3,-2,-1,-2
,-1,0,6,0,-1,-2,-3,-1
,0,1,-1,-1,-1,-6,-1,0
,-1,-1,-3,-1,2,3,-2,0
,0,-1,3,1,-3,1,1,-1
,-1,-1,1,-1,1,-4,-1,0
,-1,0,-3,-3,-3,-1,0,-1
,-1,0,-1,-2,-1,-5,-3,0
,0,-1,-4,-1,-2,0,-1,-1
,-1,-1,7,-1,-2,0,-1,0
,-2,-1,1,1,1,-1,-1,-2
,-2,-2,0,0,1,-1,0,-2
,-1,-1,0,0,-1,0,0,-2
,0,-1,-2,-1,-3,-1,-2,-1
,0,-1,-1,1,0,1,-1,1
,0,-1,-2,0,-4,0,-1,-1
,-1,0,-3,-1,2,1,-1,-1
,-1,-1,-1,-2,1,0,-2,-3
,-1,-1,-3,-1,-2,0,-1,-1
,-1,-2,2,0,-1,-1,-1,-1
,-1,0,-4,-2,-4,-2,-1,-2
,-1,-1,-1,-1,-1,0,0,-1
,-1,-2,0,-1,-1,-1,-2,0
,0,-1,-5,-1,1,-3,-1,0
,-2,-2,-3,-2,0,3,-1,1
,-1,-1,0,0,0,0,0,0
,1,0,1,-1,0,1,0,-1
,-2,0,0,0,-2,-5,-1,-2
,-2,-1,-4,0,-2,-1,-2,-1
,-2,0,1,-1,-1,-2,-2,0
,-1,0,8,0,-2,-1,0,-1
,0,-2,-8,-2,3,-1,0,-2
,0,-1,-2,2,1,0,1,-2
,-1,0,0,-1,1,-1,0,0
,-1,1,-3,-1,-2,0,0,-1
,-1,-1,5,-1,-2,0,-1,-1
,-1,-3,-8,-5,-2,-2,1,-3
,0,0,2,-1,0,-3,-1,0
,-1,-2,0,-2,-5,0,-1,1
,-2,-1,-7,-1,2,1,-1,1
,-1,1,5,2,-1,-2,-2,0
,-1,0,1,-1,-3,-1,0,-1
,-1,-1,-3,1,0,0,1,-1
,0,0,1,-2,-2,1,-1,1
,-1,-2,-3,-1,-2,-1,-3,-1
,-1,-1,6,0,-1,0,-1,-1
,0,0,0,-1,0,1,-2,0
,-1,-1,-3,0,-1,-1,1,0
,-1,0,1,-1,-2,-1,0,-2
,-1,0,-1,0,-2,-1,0,-1
,-2,-2,2,1,0,0,-1,-2
,0,-1,-10,-2,0,0,0,0
,-1,2,10,3,0,-2,-1,1
,-1,-3,-15,-2,0,0,0,0
,-3,0,6,0,-2,-1,-2,-1
,-2,-4,-14,0,-1,0,0,-1
,-1,-5,19,-2,0,-4,-3,0
,-1,1,-10,2,0,5,0,-2
,-2,-8,-41,-5,-3,-2,-1,0
,-2,-4,-45,-11,-1,-2,-1,-1
,0,0,0,0,-7,-2,0,-1
,1,4,21,-1,2,-2,-2,0
,-1,-5,23,6,2,1,0,0
,-4,-2,-6,-5,-4,-3,-3,-4
,1,1,-15,-1,2,1,-2,-1
,0,-1,-1,-1,-4,-1,-2,0
,4,7,24,0,-2,0,0,-3
,-10,-3,7,2,0,-1,1,-4
,-2,-1,-6,0,2,-1,0,-1
,-1,-2,4,-2,-1,-3,-2,-2
,-1,0,-1,0,0,-2,0,1
,3,-7,-20,-1,-2,-2,-1,1
,-2,6,-10,-4,-1,-1,0,-2
,-3,-1,2,-3,-1,-1,-1,-1
,-1,1,-2,-2,-1,-1,-1,0
,4,2,18,3,2,-1,-1,-1
,-4,-6,6,1,-2,1,-1,-1
,2,-1,-7,-6,-3,-3,0,0
,-4,2,7,-1,-3,-1,-2,-1
,4,5,21,0,1,0,1,1
,-1,-15,-41,-6,0,-1,-1,-1
,0,6,7,1,0,0,0,1
,4,1,11,1,0,2,0,1
,-4,0,16,1,-1,0,-1,3
,-17,-3,-5,1,0,-2,0,-7
,-4,-9,-16,-7,-2,-1,-1,-3
,1,0,0,-3,1,-2,-2,4
,5,1,11,2,0,3,-1,-10
,5,3,6,0,0,-1,-2,2
,-2,-1,-4,1,-2,-6,-2,-4
,-2,1,6,3,1,2,-1,-1
,-4,-4,-27,-5,-2,-2,0,2
,3,1,7,-1,-1,-1,0,0
,0,-1,11,4,-1,-3,-1,-1
,-1,-5,-13,-3,-2,-2,-2,-3
,-2,2,3,2,0,0,-2,-1
,-4,0,4,1,-1,0,0,-2
,-1,-3,8,-1,-4,0,0,2
,-2,-1,-14,-3,-2,-1,-2,-3
,0,0,2,1,0,0,-2,-1
,4,-2,5,-2,-2,-2,-3,1
,-2,-3,-28,-2,0,1,-1,-2
,0,2,-13,-5,-3,-2,0,-2
,-2,0,21,1,0,-1,-1,0
,1,-1,-22,-4,-1,-1,-2,1
,-3,2,15,4,-1,0,-1,0
,-2,-1,-5,0,0,-1,-1,-3
,1,-5,-5,0,-1,-2,0,3
,1,8,20,4,0,0,1,-1
,-1,-7,-3,-2,-2,-2,0,-1
,-4,-2,-7,-2,3,-2,-1,-3
,0,-3,-2,2,-5,0,-1,0
,-1,-5,-9,-2,1,0,-2,-2
,0,2,-2,-2,-1,-4,0,-1
,-3,-1,7,0,-1,3,2,0
,-3,0,2,-4,-1,-4,-1,0
,1,-1,-16,-3,-1,0,2,-1
,1,2,6,0,-3,0,-1,0
,-2,-4,-3,-1,0,-3,-1,-2
,0,1,-9,-1,1,0,-1,1
,-1,-1,6,-1,0,-1,-1,-1
,-2,-3,8,0,1,0,-1,0
,-1,-4,-19,-5,-3,-1,-2,-2
,-2,-1,-2,-1,-2,-1,0,-3
,0,-1,5,0,-1,-4,-3,2
,0,-3,-2,-1,1,0,1,-1
,-2,-3,2,-2,-2,-1,-2,-1
,-1,-1,-3,-1,1,0,-2,-1
,0,-1,6,0,-1,-2,0,-2
,0,2,0,1,-2,-1,-1,0
,-2,1,2,0,-5,-4,0,0
,0,0,6,0,3,1,-1,-1
,-1,-1,-5,-3,1,1,-1,0
,-2,0,0,0,-3,1,-2,-2
,1,0,9,1,-2,-8,-1,0
,1,-1,-7,-1,0,2,-1,-2
,0,-1,10,1,-2,-2,-2,0
,-2,-2,-9,-2,0,-2,-2,-1
,-1,-1,-6,1,0,-2,-1,0
,-2,3,5,-3,0,0,-1,1
,-1,-1,2,1,-3,-2,0,-1
,-2,-1,-10,-3,-2,1,0,-2
,-2,-4,-9,-1,1,-3,-1,-2
,1,-2,-5,0,-2,-2,0,-1
,-3,6,19,-1,1,0,-2,-2
,-2,-6,-8,-1,-1,-3,-2,-1
,6,1,2,6,1,3,2,0
,-6,-3,-9,-9,-1,-2,1,-3
,2,0,0,-2,0,-1,-3,-1
,1,0,23,0,-3,-2,-2,-1
,-1,-3,-10,-3,3,-1,-3,-2
,-3,-3,-5,2,-4,0,0,-1
,-2,-2,20,8,-3,-2,0,0
,3,3,-18,-7,0,0,1,-1
,1,-3,3,0,2,3,0,1
,-13,-2,-12,-2,-3,-4,-2,0
,9,-4,-4,-6,-1,0,-3,-1
,-20,1,16,2,-3,-2,0,0
,4,2,48,2,-4,-2,0,-1
,0,-21,-86,-14,1,1,1,1
,3,6,11,2,-3,-2,-2,-2
,1,-3,-4,-8,-3,-3,-1,-4
,-2,4,10,4,0,0,0,-2
,3,5,25,7,1,0,-1,1
,-2,-6,-24,-12,0,1,0,1
,4,0,-4,-1,0,-3,-4,0
,-11,3,-9,6,0,0,-2,-1
,3,1,26,3,-2,0,-2,-3
,-7,-2,-15,5,0,-1,2,0
,15,-1,0,-3,-1,0,0,4
,-4,-4,-14,-1,0,-1,-2,-3
,-3,7,16,-7,0,0,-3,-3
,-8,0,2,-3,1,-2,-2,-5
,-5,-1,-8,2,0,1,0,-1
,2,-4,-7,-3,-4,-3,-2,1
,5,1,12,3,-3,-3,-1,1
,-7,-3,-4,-3,-1,0,0,-1
,2,4,-10,4,3,1,0,1
,0,1,29,1,-3,-1,-2,-2
,-3,-8,-10,-7,-4,-4,-2,-1
,9,5,-21,-2,-3,0,0,2
,2,-8,5,1,3,1,1,0
,-5,-4,-31,-1,0,-1,-1,1
,9,6,40,0,-8,-3,-1,-2
,-6,-8,-4,1,2,-1,-1,-2
,1,3,-4,0,0,1,-1,-1
,7,4,12,-4,-3,-1,1,-2
,-9,0,-2,4,1,-1,-2,1
,4,-5,-7,0,-1,0,-1,0
,-2,-2,9,3,1,0,-2,-3
,0,-6,-24,-9,-2,0,0,-1
,0,2,-4,0,-2,-1,0,-2
,-1,-1,-17,-1,-2,-3,-1,-2
,-12,2,17,2,2,5,-1,0
,-7,-5,-9,-3,-1,-1,0,1
,2,-3,10,1,2,-1,0,-1
,-3,3,0,-2,-1,-1,-1,0
,24,8,4,1,-3,-6,-1,-3
,-14,-10,-15,-4,-4,-3,-1,-2
,14,1,44,9,4,2,1,1
,-31,-19,-49,-9,2,2,3,4
,14,-3,-20,-10,-1,-4,-2,-4
,-3,6,26,-1,-4,-3,-4,3
,-6,1,-48,0,0,-1,-2,-9
,17,5,37,6,-2,0,0,-3
,-1,-4,-18,2,2,-1,-1,6
,-16,-2,3,-12,1,1,1,2
,-9,-4,-11,-17,-8,-5,-1,-18
,4,2,48,9,0,0,-9,2
,-12,-3,-22,-12,-7,-3,-3,-5
,9,4,25,12,0,0,1,5
,-1,0,-12,4,2,-1,1,5
,5,1,7,-4,0,-3,1,-6
,10,-4,30,8,2,3,2,6
,2,-1,-19,3,-1,-4,0,-2
,-2,-7,-16,-8,1,1,-4,3
,-23,-22,-31,-4,-5,-2,-1,-9
,8,3,48,7,3,-1,0,1
,-9,11,-61,-18,-5,1,0,-4
,6,10,41,18,5,1,0,2
,13,-9,-5,-4,-1,-4,-2,-7
,-6,2,-5,12,-2,1,16,26
,-19,-20,-49,-23,-3,-1,-19,-46
,13,0,0,2,-1,-1,-4,6
,28,39,63,3,0,1,1,-1
,-37,0,-52,-8,-2,-1,-2,-10
,15,-34,18,8,3,1,8,17
,-35,-10,-37,1,-1,-1,-2,-2
,34,9,22,0,1,0,10,6
,-10,-3,-35,-3,-5,0,1,-31
,-36,14,41,-17,-4,-1,3,11
,27,-16,46,12,-3,-1,-7,-5
,12,12,-101,-16,7,3,-27,-6
,-1,-16,19,1,-8,-7,-7,20
,39,30,45,12,2,1,26,11
,-38,-5,-57,-10,-4,-4,1,-15
,31,-33,56,-5,-3,-1,10,3
,-37,13,-27,-4,6,5,-6,-10
,66,-12,31,7,-3,-4,-8,0
,-43,-3,-57,-22,-1,-2,-8,8
,-15,34,12,31,-3,-3,-5,-3
,4,-10,-9,-7,-3,-2,11,-10
,33,5,-30,-17,-3,-1,-32,14
,-24,-9,60,-15,-4,1,67,1
,35,-6,-83,-14,-7,-6,-59,5
,-5,-9,127,24,8,4,-3,12
,-57,-2,-88,7,-7,-6,13,4
,96,54,59,-2,9,3,-25,-23
,-77,13,2,-2,-11,-4,33,-10
,79,-3,21,9,5,-1,-14,2
,-32,7,3,-12,5,5,-4,29
,-41,-63,-17,25,-2,5,7,-25
,-8,-39,2,-20,-7,-4,31,25
,62,46,-47,-30,0,-1,-14,39
,-84,10,28,17,5,11,29,-40
,24,43,1,18,-24,-14,-21,16
,-90,-89,0,-10,15,4,1,4
,37,26,-4,-5,-2,3,4,3
,-17,-38,-11,-33,8,3,4,7
,29,21,23,4,-8,-4,-10,-15
,-29,32,52,87,-10,-4,-5,-14
,-53,8,6,-41,3,-5,-21,-34
,93,24,43,70,-6,-2,10,12
,-41,-26,-42,-85,20,16,6,34
,34,1,-22,-12,-14,-7,0,-11
,-55,-49,4,37,6,1,-2,8
,-11,-11,5,-20,-18,-16,-24,-33
,22,7,4,19,7,8,12,12
,27,34,-11,-14,6,2,-8,-14
,-21,-22,-23,21,7,1,7,-52
,-46,-25,-1,23,-18,-8,10,47
,27,31,-26,-27,26,1,-18,-12
,-16,40,33,1,-13,0,-5,-12
,-7,-42,-16,-31,-13,-2,4,-3
,-23,9,-8,-1,17,8,2,-13
,13,-32,-5,-21,-13,-4,-8,4
,97,23,19,18,2,5,9,11
,37,14,-12,8,-10,-6,-4,3
,2,-12,-9,-1,13,1,-14,-23
,-30,19,28,6,-10,-6,-7,-1
,-67,-38,-50,-41,8,8,25,27
,-4,9,13,21,-7,-8,-3,1
,117,118,24,14,5,3,-7,22
,-82,-75,-21,-2,-6,2,-6,-42
,102,17,13,27,-1,-6,-3,-15
,-11,90,-12,-19,11,4,15,37
,-30,-85,-15,2,1,-1,-9,-58
,119,62,-8,-33,-6,-13,-10,24
,-59,4,-10,-16,-9,-3,-3,14
,79,38,9,18,-19,-2,21,-38
,1,53,22,-4,26,8,-38,9
,-96,-45,-25,48,-19,-21,24,12
,-83,-17,-1,-17,18,8,-10,-1
,64,-34,-22,-19,-7,0,19,25
,86,15,32,12,-30,-10,13,4
,-84,11,-44,-80,45,25,-4,-27
,-36,-74,-33,28,-13,-25,-16,50
,-97,102,46,-16,6,12,9,-38
,-67,48,6,39,-31,-10,13,17
,101,-66,25,-13,-5,-9,-16,39
,18,-9,5,-9,-2,-9,-28,-94
,42,-68,3,11,6,5,-9,-4
,-128,4,-22,-29,1,-1,10,15
,9,46,25,62,-7,-4,-6,-3
,-27,-83,-6,-50,11,7,2,-30
,-72,23,-12,7,-5,-3,0,-7
,104,-45,14,35,-5,-2,-21,-20
,127,110,7,8,-1,-1,18,60
,-80,-14,-20,-22,11,13,23,-19
,121,-91,-12,-24,-6,-13,-14,-12
,36,64,32,3,11,8,8,7
,-128,-125,-35,42,-12,-6,-35,-45
,123,86,18,-18,5,1,20,4
,-2,-74,-2,36,-6,-12,-20,-31
,30,31,-28,-43,5,10,-12,5
,22,26,27,70,6,-4,6,-29
,68,94,37,-5,-7,5,7,60
,-8,44,-9,10,-5,-15,0,-5
,-28,-7,21,70,-15,2,9,-19
,-41,102,6,-25,-5,-8,-50,-28
,62,-57,-29,-3,-10,0,49,38
,2,-7,4,-42,-8,-3,-12,-54
,84,1,19,46,2,5,-15,19
,11,90,5,-11,16,7,16,44
,-92,-70,-39,-16,-10,-16,-19,-64
,67,88,2,6,-3,11,30,12
,22,94,5,-40,0,-11,-29,-6
,63,-58,6,53,-7,4,-8,-5
,-97,-96,-64,-25,1,-8,-2,50
,77,82,-4,-11,0,5,17,-6
,16,-78,-32,25,18,3,-2,-24
,-33,15,14,7,-12,-10,-41,4
,99,40,-5,-42,5,9,13,-63
,-75,43,42,4,6,10,15,53
,-68,-29,-22,-7,-14,-12,-3,33
,-119,-60,-29,44,12,13,-12,-28
,8,68,35,84,-16,-14,28,34
,-60,-59,-81,-128,12,4,-11,15
,-105,-99,-2,21,-29,-14,-5,10
,22,0,1,27,15,18,7,-7
,-36,-56,-12,-22,-10,-14,-6,36
,-64,3,-11,-60,-2,-1,12,-18
,80,-77,-59,-21,-4,-1,-10,27
,-123,80,37,36,-5,-17,1,-21
,127,67,6,-1,25,18,-30,-103
,-78,-96,-17,-20,-26,-21,63,91
,-67,88,12,0,15,17,-41,-56
,29,2,12,37,-18,-10,-23,12
,-37,-11,2,24,-13,-7,-19,-53
,22,-128,-9,-41,24,-5,13,44
,-86,51,2,25,-7,3,-30,-45
,5,17,-23,-30,-6,8,32,70
,-11,-77,-23,-16,-15,-23,-22,-44
,99,-60,25,23,8,2,7,41
,62,34,-33,-44,-4,5,-13,-36
,127,94,70,-1,7,6,-1,-10
,-89,-32,25,38,0,10,24,41
,-19,121,-46,-41,-18,-11,-23,-120
,61,-43,-44,-16,1,-4,-2,10
,-53,-21,32,2,-21,-4,14,-9
,-21,4,-30,-59,-8,-19,-35,6
,-65,-19,-4,46,15,7,15,8
,-39,58,18,-24,-4,8,3,-28
,-109,-64,-21,48,4,1,-19,24
,63,-49,-19,-69,-27,-9,12,25
,40,-67,36,52,15,-6,10,17
,81,103,-22,-27,4,8,-2,3
,1,68,-4,67,-3,3,-4,-10
