,0,-10,-5,10,13,5,-1,-36
,-1,8,17,-2,-8,-9,0,8
,1,-26,-13,25,-3,2,-3,-18
,-2,-4,32,19,-3,-10,-5,-9
,2,5,33,4,-5,-4,0,12
,-8,6,30,-24,16,7,-2,-1
,6,9,55,49,12,2,5,9
,1,6,-10,10,-5,2,1,0
,2,6,93,-22,16,3,-1,7
,4,13,81,30,1,1,1,0
,0,-7,5,-33,-12,0,1,5
,-3,-15,19,15,2,-5,-1,-1
,3,-4,-37,-25,-3,7,7,6
,3,-22,-28,-6,4,-2,-1,2
,-7,37,48,24,-7,-2,-2,5
,-4,-28,-107,-80,-12,-6,2,-32
,-10,-43,42,15,-8,-7,-7,-10
,13,24,15,38,15,9,3,9
,-3,-13,78,4,5,0,-1,6
,0,-18,-55,-12,4,0,0,14
,0,15,29,-22,-11,-2,-6,-5
,-4,6,2,-48,-20,-18,-5,-6
,-1,-9,47,-11,-2,10,8,5
,6,37,33,34,10,-2,4,5
,5,27,-100,33,14,10,3,1
,1,-12,64,-14,-14,3,0,6
,-6,-20,-71,-10,-1,-7,-8,-9
,2,21,55,-25,-6,-4,-4,1
,-3,-8,8,34,-3,-4,2,4
,5,12,-41,-8,-2,2,8,4
,-4,18,36,-35,-6,-5,-13,-5
,-4,-5,90,31,-9,-2,-1,4
,-4,-59,-30,-27,9,0,0,-6
,9,75,19,51,10,6,1,3
,-13,-32,17,-10,8,2,1,-3
,2,13,103,63,-4,-3,-2,-3
,-2,-3,118,-28,-16,-7,-3,8
,0,-44,-15,-28,2,2,-1,6
,4,5,57,53,-1,-6,3,5
,-2,24,98,18,-6,-1,-4,-2
,-9,1,-23,3,-2,-3,-2,-13
,-1,-60,36,22,8,-2,-2,5
,7,51,-89,-43,-7,1,-1,-16
,-3,-22,17,-8,4,7,0,-2
,-6,-18,-70,-13,-20,-11,-2,8
,-10,9,58,-77,11,-5,-10,0
,7,-9,74,88,-5,4,1,-1
,-2,-14,-106,-32,26,6,4,2
,3,24,56,-3,7,4,-7,-5
,-4,16,12,39,-7,-5,-1,4
,-5,-20,-51,-29,-13,-7,-4,-1
,-4,-25,-27,-23,-5,-5,1,0
,9,4,-55,-51,-10,-2,2,13
,1,-18,-68,-32,0,2,-1,-9
,0,-4,-12,65,22,3,4,2
,-1,-9,7,-28,-15,4,-5,-13
,-3,28,24,38,8,-2,2,4
,-10,-25,1,14,3,-2,-4,-30
,1,5,-33,1,7,0,-12,-10
,11,34,26,82,6,8,3,-10
,-5,-20,-2,-46,-12,-10,-7,3
,-3,-12,-22,37,4,-8,4,-1
,-1,51,80,-7,-9,0,8,32
,-14,-35,-89,34,-13,-2,-8,-35
,6,17,22,-52,-11,0,-2,8
,-2,19,3,44,2,-10,3,14
,-3,-11,-22,13,-2,8,3,-5
,12,6,55,-21,-9,0,-1,5
,1,-31,-78,44,20,-3,2,-10
,0,15,76,-64,-12,-5,0,20
,4,9,67,20,-3,-7,-7,-22
,0,5,34,-35,-7,-2,-3,-3
,1,-9,-17,29,-3,3,7,-2
,1,16,0,7,-3,-5,3,-10
,-9,-30,-85,14,-5,-6,-2,-16
,-3,-11,2,-64,-7,-3,-7,9
,-3,-1,16,40,-4,-7,1,8
,-3,19,28,39,-6,4,4,-6
,2,-15,-4,-44,0,0,-3,1
,1,21,-43,23,11,2,-1,3
,-3,-9,85,40,-2,-3,-8,-7
,6,-7,-20,-27,-9,-4,13,22
,-1,64,-5,24,-3,2,-3,-26
,0,-8,60,-4,15,8,3,16
,-15,-21,-1,-22,-12,-8,-2,-19
,-9,-22,25,-17,-22,-7,-10,-7
,1,5,-74,-31,4,6,2,18
,-8,-3,82,2,-2,-6,-1,-4
,14,17,70,-12,1,2,36,2
,2,-16,-65,0,-3,0,-32,1
,-6,-3,-29,-27,-8,-5,-4,-6
,-5,2,-27,36,8,7,23,8
,-3,1,93,27,-9,0,-26,-18
,-1,-2,-77,-40,22,1,13,-4
,-12,-2,91,75,5,4,9,17
,12,18,63,16,-11,7,14,6
,1,-36,-13,-48,-7,-2,-15,1
,3,41,99,72,6,3,-2,-7
,-16,-34,-60,-17,-11,-6,4,-4
,-3,-8,-44,26,-9,0,-5,9
,2,2,57,-8,4,-6,-8,-19
,14,21,-48,20,8,9,11,35
,-1,4,20,21,-4,1,-1,10
,2,-8,-65,-4,4,-4,10,12
,1,6,-48,36,-5,-3,-4,0
,0,-33,-46,-47,-7,-1,17,-7
,0,-14,-99,-43,-8,-1,-3,1
,-9,-13,-26,16,-12,-8,-39,-8
,7,24,8,24,13,6,1,21
,-7,-9,17,-41,-3,5,-14,-16
,-2,36,-23,39,30,8,26,3
,-7,-44,-114,-17,-2,-5,12,-4
,-4,-47,-70,7,-5,-3,1,-6
,1,-3,65,-58,-6,-5,-17,-16
,-2,-6,-10,43,0,-2,-3,-2
,-5,-20,-128,-87,4,7,22,-1
,7,27,115,1,3,5,-27,3
,5,7,77,36,11,1,39,-3
,2,-7,-16,-88,-26,-8,-31,23
,-3,8,42,118,24,10,4,-16
,0,-16,60,28,-14,-21,-24,-8
,-2,1,-11,-26,-6,17,12,5
,7,10,67,-31,20,6,1,7
,-19,16,-59,-39,-17,-13,15,-16
,-2,-19,78,36,-9,-8,2,3
,-13,2,-98,-42,-18,-7,-9,-19
,5,8,-2,-43,-12,-1,2,8
,-14,6,22,9,-11,-9,-29,-10
,-1,-11,-4,13,17,11,21,17
,-3,6,-40,-6,6,-7,0,-23
,-3,7,-7,-6,-10,-3,-21,-1
,5,22,52,-5,-14,-5,3,7
,-2,-11,79,-24,-5,-8,-11,22
,1,-25,-42,-11,-1,0,-12,-42
,-1,-4,-2,26,1,3,17,-2
,4,29,14,31,4,5,-3,8
,-12,-44,-17,-20,-7,-2,4,5
,-2,9,11,-5,-2,-8,16,-3
,3,19,-76,-49,-7,-3,-36,13
,-8,-18,76,-46,-2,1,9,-36
,-3,-1,-14,35,-3,-1,-18,4
,-5,-45,26,-5,-7,-2,-7,-4
,1,27,-4,-42,-6,1,23,-6
,4,13,28,-6,9,0,-4,9
,9,0,28,48,3,-3,-3,5
,2,11,31,-16,-19,-6,-10,-5
,-1,-23,-109,37,18,6,6,-1
,8,-1,14,-39,-11,0,6,13
,1,-4,75,29,9,6,21,15
,-2,39,43,-21,8,-8,-33,-13
,1,-35,-6,7,4,5,11,-21
,3,12,-20,-2,11,2,0,40
,-7,9,64,2,6,2,23,12
,-3,1,-18,7,5,-3,-11,-6
,-12,-25,-49,-32,-11,-6,4,4
,11,-8,23,-23,-8,-1,18,12
,5,24,-37,23,-6,-2,-18,-5
,4,-9,81,49,10,1,12,-1
,-3,9,-59,-71,-9,-3,17,6
,-7,-19,-69,28,3,0,-39,1
,11,-1,-84,-31,-9,1,-4,-7
,0,10,59,68,-8,-3,-6,-5
,-5,-7,-33,-53,-6,-2,-37,2
,-7,-19,-85,24,10,4,-15,-16
,-5,12,-73,-28,0,-7,2,-5
,6,-15,4,7,-2,3,-8,2
,5,-19,44,-13,1,-5,19,9
,-9,20,83,-20,-3,-4,-4,-10
,-2,1,83,74,20,2,-6,0
,1,-15,-18,-16,2,1,60,10
,-2,7,31,43,1,-2,-61,-4
,-18,-43,39,-55,-15,-8,-19,-4
,24,29,101,98,10,6,27,18
,-14,-32,-60,-64,-10,-7,-45,-9
,-7,-6,-20,-64,-4,5,19,-26
,4,2,-8,-15,5,2,14,3
,-10,20,-4,61,4,-2,11,3
,4,1,22,-110,0,4,-5,-3
,3,-20,-64,-53,-9,-6,-5,2
,2,15,88,19,9,2,-9,-4
,-13,-20,-107,-43,-2,0,17,10
,4,-7,49,9,-5,-3,25,-25
,-7,36,62,28,-7,0,-35,-3
,5,-14,-8,1,3,-1,-21,6
,3,1,13,-35,-5,-9,21,0
,11,46,47,110,11,12,-12,16
,9,16,86,56,13,-2,-17,9
,3,-1,-16,39,13,10,19,10
,-1,10,5,-42,4,-4,-18,-7
,1,-6,-27,3,-1,0,10,22
,-12,-2,5,13,-7,-4,25,-38
,4,-22,-76,-31,-21,-13,-20,-8
,-5,-11,97,23,-4,10,5,-3
,2,17,-54,-25,7,0,-3,2
,11,25,-92,-45,-19,-7,-1,15
,-30,-51,55,4,7,2,-7,-2
,4,3,46,39,5,6,7,12
,4,52,-32,-41,-19,-7,-3,3
,-12,-23,22,73,0,-1,29,-1
,-5,5,-74,-61,8,4,-21,-6
,-1,2,61,-5,-1,-3,-7,-12
,8,-24,-32,-12,-11,-4,8,16
,3,32,-21,-15,-5,5,-11,13
,4,5,54,60,8,-3,15,-17
,-5,2,-51,-64,-18,-7,44,1
,0,-38,-89,-47,1,0,-43,-4
,7,-21,-33,40,21,17,1,4
,6,19,26,-21,1,-6,30,12
,-7,-20,-34,-38,5,-13,4,1
,0,4,47,33,-3,0,-14,-13
,-6,-26,-26,89,0,6,8,15
,-7,-12,-20,-35,3,-1,-6,-25
,8,-15,42,-9,-16,-8,-15,9
,-4,30,26,31,1,1,6,1
,4,-9,88,22,4,1,-1,8
,0,9,-89,4,-4,-1,-2,7
,3,32,4,-39,-13,-3,-15,-4
,-1,2,-41,30,21,5,10,0
,-5,6,73,16,-2,3,-1,-9
,11,-5,-37,-14,-4,5,31,6
,0,-24,27,-48,8,-2,-25,8
,8,50,50,37,1,5,3,7
,-8,-32,-62,13,3,-1,16,-19
,-9,-19,29,-54,-7,-6,-19,-1
,-1,3,12,-1,-9,-5,4,6
,-6,-11,6,45,1,0,-13,-14
,-2,21,11,8,0,-6,10,1
,6,-2,4,6,-23,-5,8,-17
,-6,-20,-85,-63,10,1,-21,5
,10,4,-29,47,24,20,17,2
,2,62,127,41,-5,-3,0,-1
,-3,-1,34,-39,3,0,-6,2
,8,14,23,13,-7,-3,-1,-5
,-5,2,9,-31,-9,-3,8,12
,-1,-3,-41,30,8,0,-2,1
,-5,1,-10,0,-2,2,0,-3
,-5,-1,-8,-31,-19,-16,-24,-11
,5,8,-19,34,9,10,9,10
,0,-22,39,82,-2,-3,3,1
,-5,-1,4,-31,-12,2,18,-1
,-8,-34,1,33,14,3,-24,-14
,12,21,98,18,3,3,23,14
,-2,33,46,-36,-9,-3,-18,-1
,5,-13,21,36,-2,-6,-8,3
,-12,3,1,-54,-3,-4,-1,-13
,-8,-19,-4,18,1,-5,-5,-9
,5,18,82,36,28,8,-31,-23
,1,4,-55,27,8,-1,-3,-4
,-4,12,-27,-60,-10,1,20,0
,-8,-11,-26,20,-8,-7,-15,-24
,-7,-51,-16,-32,-5,-1,22,12
,-5,14,14,-29,-12,1,-16,-15
,2,-15,-32,45,11,7,9,4
,4,0,-19,16,6,-2,5,17
,3,14,-34,-21,-22,-3,16,-7
,-16,-73,-9,27,16,-9,-21,-18
,-2,-6,34,-6,-9,-5,-29,10
,0,-21,-58,-4,17,4,15,8
,3,19,12,20,3,-4,-16,-6
,-7,10,24,6,1,-2,28,-6
,2,-19,-7,57,12,8,-11,-14
,2,3,11,-34,-26,-8,-1,2
,-14,-15,-35,-51,-3,-9,-4,8
,-1,-6,-26,6,9,6,-30,5
,-5,-14,-45,-22,-11,-3,14,1
,-3,16,40,24,4,6,-3,0
,-6,11,13,2,3,2,-4,-6
,5,-9,-47,-3,5,-3,-10,11
,4,-2,17,53,-18,-8,15,7
,4,4,72,1,26,7,-1,7
,5,-4,8,3,3,7,-2,-20
,-9,29,-7,-24,-5,-2,35,1
,1,-10,-82,-25,-6,-6,-53,-7
,8,2,39,-39,-26,-5,-3,-3
,-3,-18,-71,-36,-13,-10,0,7
,-5,5,8,43,24,3,4,3
,-4,13,74,-3,14,9,21,32
,-6,44,116,-19,-25,-13,-14,-64
,-7,-19,1,1,15,9,13,8
,7,-21,0,13,15,0,-18,1
,5,6,-52,32,-2,1,18,11
,-6,-35,-61,-21,-5,-3,-4,15
,-2,-12,-7,-39,-8,-5,-7,-20
,14,18,59,50,3,1,15,26
,-20,-15,20,-22,-14,-12,-20,-36
,-7,-27,-37,36,14,6,-18,-12
,5,-12,-36,7,3,-5,7,7
,4,-3,79,14,-9,1,20,25
,-9,-16,3,31,24,6,-24,-9
,9,16,71,21,-18,-13,-5,-8
,3,31,-8,-26,-2,10,-6,15
,1,8,-30,-9,6,-4,-8,-30
,-5,-28,-59,-22,3,5,24,9
,-7,39,-7,-18,-4,0,-9,1
,-10,-12,-81,-54,-17,-15,-8,-13
,23,12,6,0,-19,-10,26,34
,7,48,110,49,5,3,6,-13
,1,-12,8,1,-4,3,13,27
,10,20,74,-8,-21,-11,8,4
,-3,3,-72,-1,4,1,10,-7
,2,1,40,-16,7,-7,28,13
,-2,22,17,-13,5,12,-46,-5
,16,4,-34,6,4,0,21,25
,-26,-17,61,-9,-10,-2,-22,-62
,6,-4,-95,19,-7,-5,-5,7
,-4,-16,-84,-60,-12,-8,19,-11
,-4,11,2,38,-1,7,-6,-7
,-9,16,64,-9,2,-4,-11,-28
,7,24,59,34,-2,1,6,8
,-1,-10,19,9,6,0,6,-1
,-2,-6,-28,15,12,1,13,1
,-3,0,-40,-15,-9,-6,-31,13
,12,14,81,-8,-15,-4,9,9
,-12,-18,-111,8,9,-2,-12,-35
,2,-2,92,60,0,9,7,8
,-5,-27,3,-34,-8,-5,2,4
,0,-37,48,36,6,1,5,-3
,-6,-15,38,20,13,0,-11,10
,6,3,-45,-67,-8,-4,-6,-6
,-5,-42,-67,-14,-4,4,29,3
,11,35,33,39,10,3,-18,5
,4,-4,40,1,-14,-4,-2,24
,-23,2,43,3,-14,-13,2,-42
,6,19,28,25,11,12,5,13
,4,4,-10,-26,9,0,2,16
,10,-3,68,14,15,12,12,5
,-7,5,-117,0,-15,-10,-19,-18
,-1,-14,49,-33,-8,-4,50,5
,-15,23,11,-4,1,-7,-73,-6
,-13,-42,-21,26,-2,-4,2,-22
,-9,-18,-9,-42,-28,-15,17,4
,-5,-9,-46,-9,24,8,-6,-12
,-8,1,54,-15,-8,-3,1,5
,4,15,46,30,-2,-10,-1,1
,7,-10,-46,-15,20,14,13,3
,1,19,-59,-49,-17,-8,-11,14
,-9,-1,13,-2,8,2,-12,-49
,-8,-1,22,2,-14,-14,-4,14
,2,28,-26,-47,-24,-11,14,1
,2,-55,-20,40,16,2,13,6
,-12,-5,52,17,-5,-3,-24,-10
,5,-34,-36,-15,-14,-3,10,12
,9,13,2,8,-4,-6,-10,-3
,-10,0,28,24,-2,8,37,-4
,8,-19,-81,-50,12,4,-27,-2
,-4,30,41,-53,-25,-13,0,-14
,-1,-11,-7,34,35,16,-18,-15
,3,23,8,-25,-9,-3,-1,13
,5,-2,13,-48,-10,-4,19,11
,-2,-9,-75,2,2,3,-10,-27
,-5,-9,42,-28,-8,3,1,-5
,-1,30,6,27,4,0,5,9
,-6,-6,85,3,-8,-5,7,-9
,-1,-8,-34,3,-11,-2,-32,7
,5,-33,-1,46,6,4,12,-6
,2,18,37,-14,7,-1,0,6
,10,-5,-84,11,-4,-2,15,19
,-21,-11,-25,-20,2,-8,-52,-36
,0,-31,-4,-54,-19,0,2,-1
,-2,7,-4,19,0,3,5,-7
,-20,11,-15,18,10,-5,-22,-59
,-7,-2,2,13,-6,-3,15,-2
,-2,-34,-64,-52,1,2,-21,4
,8,-16,-64,13,-7,0,6,8
,-1,-1,-30,19,-26,-16,-6,-8
,-1,31,26,3,18,12,7,15
,-4,30,48,50,-4,-2,-22,-7
,2,-2,24,-37,9,4,46,-2
,4,-6,-13,15,-16,-8,-56,16
,-14,-21,10,-42,-2,-3,7,-24
,1,-1,56,11,8,-3,35,8
,7,-9,22,4,-12,-7,-14,5
,-10,-19,12,-18,7,1,-11,-6
,2,-20,-33,48,-4,-7,9,5
,-6,-1,-53,-44,1,4,15,-30
,6,16,50,29,3,4,-18,30
,6,-4,15,-41,-1,-2,30,22
,-14,-19,3,31,-16,-12,-26,-44
,5,7,-38,17,13,3,-12,9
,3,24,18,-11,4,-2,-9,5
,-2,-2,-7,41,9,3,9,7
,-7,-14,36,30,-5,-5,1,-12
,4,11,-59,-10,0,1,-1,4
,0,-22,-15,-23,1,1,-12,-13
,0,19,-35,-13,-1,-6,3,3
,10,11,-10,-13,-10,-7,13,9
,0,-8,123,45,6,16,-10,0
,-8,25,-26,8,3,-5,-15,-8
,7,-1,43,-16,3,8,19,18
,1,-1,-33,40,-4,-7,-6,-5
,0,22,32,54,10,7,8,-21
,-2,-21,-103,-67,-14,-4,-6,14
,-6,1,102,68,-2,-3,-6,-37
,12,39,25,-67,-1,-2,2,7
,-3,-20,-2,-60,-13,-7,7,10
,-4,-13,82,28,1,0,-10,-5
,-9,10,-44,27,-4,-1,8,6
,0,-27,-55,-5,-3,-1,-3,-4
,18,-102,78,1,-6,-3,1,19
,-19,-89,39,-11,-11,-6,-7,-22
,-7,8,23,24,9,1,-28,11
,6,50,-17,22,2,3,-4,-28
,16,44,3,25,-11,-7,-3,16
,-3,22,-17,-26,-3,-5,2,-10
,-1,37,-13,-21,-2,0,15,-3
,-2,31,-58,38,5,3,18,11
,-11,18,21,-3,-21,-13,-44,-15
,1,15,12,-28,21,8,13,6
,0,68,-41,-23,-5,-4,-3,-10
,-6,5,-3,18,22,10,-2,-1
,-6,-15,8,-60,-4,5,-6,-5
,-4,1,-19,-13,-4,8,-2,-19
,4,21,13,45,17,7,6,8
,-4,5,114,58,15,2,-9,-1
,0,1,-2,-27,-16,-10,8,1
,-1,18,-39,3,-1,2,4,6
,-7,-22,22,-25,3,4,-3,-9
,3,12,56,37,-7,-3,-5,-3
,-2,-14,13,52,20,6,9,0
,13,11,34,-46,-14,-3,-7,19
,4,34,-40,7,-4,-8,-75,-4
,-1,-28,71,51,-4,-8,-4,29
,-2,1,-68,-53,8,0,6,-7
,2,-10,-10,-12,-7,-4,-15,6
,-3,-9,50,9,-7,0,26,-3
,-3,13,-65,5,13,8,-2,1
,8,0,6,-14,-14,-9,-7,1
,-5,-13,-88,4,22,11,-5,-2
,-3,-26,-78,41,-5,-2,14,3
,5,-5,118,-26,-19,-11,-13,-12
,4,-18,-30,11,16,-2,4,12
,1,24,56,13,0,-5,5,-10
,5,17,1,-17,-6,-1,-2,-15
,2,-26,23,-15,-10,-6,-14,9
,-11,20,-37,25,17,8,7,-4
,2,-6,-53,11,1,-4,3,1
,5,-24,10,-32,-17,-6,-6,7
,-10,35,-93,-21,3,3,-14,-19
,-2,-10,67,-8,1,-2,12,11
,1,-34,-29,-62,-8,2,0,-4
,-7,5,26,11,8,1,-1,-10
,4,-3,7,24,2,6,5,0
,6,62,94,-13,1,3,-1,13
,-2,-12,44,0,-9,-6,-2,9
,7,16,55,19,4,7,5,-12
,-17,-14,20,-14,1,-1,-6,-25
,0,-18,9,45,7,3,26,20
,-6,21,3,-63,1,-7,-37,-23
,-2,22,-8,-46,-16,-9,0,3
,-5,-45,-58,-10,11,0,0,-3
,-1,2,-2,-8,-5,1,-2,13
,-6,-6,-112,-47,-11,-5,-3,-24
,-4,24,26,-3,7,-3,-2,3
,6,18,16,3,3,8,5,-2
,7,28,-32,65,-3,0,3,5
,6,36,57,6,10,-2,9,9
,-3,-1,40,-36,-15,-12,-19,-6
,-17,1,16,-9,-29,-3,-3,-14
,5,-58,-69,-4,22,4,9,5
,-6,-6,15,-4,-9,3,15,13
,9,-22,-36,-12,-9,3,6,10
,5,-34,-26,-38,-8,-15,-10,17
,-3,3,50,29,6,12,6,0
,-7,-21,79,-8,-13,-7,1,-5
,-15,-4,-48,4,5,5,-4,-12
,9,25,14,-17,-1,-1,-3,5
,-7,-32,44,13,-8,-5,-1,-2
,1,-33,-30,-2,2,4,2,-1
,1,16,60,23,1,-4,-3,0
,-5,28,45,-23,-18,-7,-8,-15
,-5,-55,-37,-60,-10,-2,-4,-5
,-4,17,-36,25,-3,-1,-7,-10
,5,25,67,53,11,-3,-1,7
,5,-13,-20,-49,-14,-2,6,4
,0,17,10,3,0,-5,-3,-10
,-1,-6,30,-24,16,13,-5,35
,-10,0,-31,-1,-10,-1,-4,-57
,1,-34,-99,12,12,1,2,12
,2,23,-13,33,-2,-2,-1,-2
,-3,-10,10,2,-6,0,0,12
,-6,2,-7,-30,-10,-15,-2,-11
,1,-6,-2,41,18,15,2,-17
,4,7,-79,-13,10,2,9,18
,4,9,73,49,7,1,3,-10
,-9,-11,-3,-61,-3,-1,-5,10
,7,11,33,-6,-18,-12,-3,-1
,0,30,25,17,-5,-4,-8,-15
,5,-6,-14,-12,18,10,9,14
,-5,-6,-21,53,2,6,3,-9
,7,11,-1,-73,-23,-14,-4,-4
,-1,13,18,-35,-16,1,-5,13
,-3,-9,11,21,-4,-1,0,0
,-2,-5,60,21,6,4,2,-7
,-7,-10,-16,14,-2,-9,-9,-19
,1,-10,25,-48,-8,-4,-2,21
,-9,-26,5,27,-6,-4,-1,-26
,0,8,-46,-6,20,2,-3,-12
,9,-18,-7,23,-6,-10,1,12
,4,-8,10,12,8,3,6,16
,-4,28,73,47,8,0,-6,7
,-4,-42,-2,-51,-20,-16,-2,5
,5,15,-48,-5,9,15,3,-5
,-8,0,10,18,-13,-3,-1,-14
,3,-10,-50,-60,11,3,1,-2
,-5,10,64,-32,-15,1,-2,-6
,6,25,-22,75,12,5,4,-8
,-10,-26,1,-41,-14,-6,-6,-9
,4,6,-9,-18,2,1,-2,-6
,-2,5,-24,-23,6,5,-2,-7
,2,5,15,55,2,0,0,10
,-6,-11,-75,-49,-10,3,1,-4
,-5,-17,7,18,-1,-6,-6,9
,-8,10,77,34,10,-2,1,-7
,0,-6,-4,-18,-16,-9,1,1
,8,78,-73,43,11,4,-1,13
,-6,-6,-12,2,-3,0,-1,-3
,4,22,32,14,-2,-3,6,3
,-8,-13,50,26,-2,-4,-9,17
,13,-12,-44,-36,3,0,-2,-40
,4,4,80,40,11,2,0,1
,-4,-17,28,10,-7,3,-1,20
,4,33,67,18,-8,-8,3,8
,-12,-47,-29,-12,0,-5,-4,-4
,-1,1,-46,5,-1,1,1,8
,-3,-6,12,-57,-6,-4,-4,-19
,-5,10,3,-15,5,9,-4,-12
,0,-5,12,27,0,-2,-2,2
,-4,-17,-29,-3,5,2,2,-3
,-6,15,71,46,-14,-6,-7,-6
,-2,-19,61,-25,16,6,2,8
,-1,-14,-43,-28,-18,-8,-6,-8
,-4,19,52,23,1,2,0,-8
,7,-12,-41,-28,-9,-5,-1,14
,-5,5,-29,-48,-6,-2,-7,-17
,2,-14,1,18,-3,-5,1,24
,-3,5,-28,-44,2,2,-4,-49
,4,37,-23,-28,-14,-5,-6,4
,-5,-32,-67,49,26,4,4,0
,5,-15,4,-3,12,3,1,12
,-10,-23,-11,-23,-25,-13,-1,5
,-2,-1,52,-1,2,1,-2,-13
,9,30,70,-37,-16,-6,2,3
,-5,2,33,12,-9,-7,-4,-15
,6,-1,-14,23,11,-1,4,11
,1,-15,-17,27,7,6,-4,-19
,2,43,-22,-36,-11,-9,2,2
,4,-36,-6,34,16,12,3,18
,-11,-28,-96,-57,3,6,-4,-36
,-1,22,-35,-1,-7,-6,-2,14
,-3,-18,9,29,-11,-1,0,7
,-4,33,3,-85,-4,-6,-2,-2
,7,-13,-11,35,25,9,5,7
,-3,28,73,-8,-10,2,3,-3
,1,20,-87,17,3,1,1,20
,3,8,-12,1,5,-5,-4,5
,-2,-13,30,4,-5,6,3,11
,5,10,61,45,-5,0,6,12
,-3,11,-22,18,11,5,-3,-7
,10,13,2,23,4,2,4,7
,-9,-35,-56,3,2,1,-2,1
,-16,2,86,11,-14,-1,-3,-5
,-3,8,45,-12,-18,-5,-5,1
,3,-1,-33,-67,8,5,1,-23
,5,1,58,57,0,-1,-2,2
,3,-10,24,18,1,1,1,23
,0,-7,0,53,0,-5,-3,-21
,3,-20,-35,-82,-13,-9,-3,3
,-3,27,45,-11,-6,0,-3,-2
,-4,-27,-29,-17,-3,2,2,-1
,2,15,9,-20,10,3,-2,5
,10,17,8,54,-4,-6,-1,7
,-10,6,-12,-6,12,2,-2,-10
,-12,-20,2,-1,-9,-3,-6,-11
,1,15,70,-26,-12,-2,1,12
,-2,38,59,34,7,-3,0,19
,-9,-35,-59,-16,9,4,4,-11
,2,-16,8,22,-4,-2,4,7
,-1,-13,-100,3,-4,-6,-15,-18
,-6,9,-10,64,5,1,3,10
,10,34,-6,-49,-9,-13,-4,11
,1,8,-6,-12,11,15,4,-2
,-5,-1,17,23,-6,-2,4,0
,-3,-8,-3,-17,-1,-3,-5,-9
,-3,-9,-46,2,-5,-6,-2,-4
,-2,6,-41,-28,-8,2,0,-6
,-1,-17,-2,-17,2,2,1,-3
,0,-5,22,-5,-7,-7,1,9
,8,-10,-27,33,3,4,4,11
,-5,17,17,-71,-19,-9,-3,-9
,0,-33,-34,-9,0,3,4,-3
,-6,12,-44,-11,3,-5,-4,-3
,10,17,-6,-11,1,6,5,6
,-6,-35,-46,10,5,-3,0,3
,2,0,18,7,-14,-6,-4,3
,3,-1,12,0,-6,-5,-3,8
,12,5,56,1,2,9,3,1
,-12,-37,-118,-35,-1,-2,-3,-2
,5,-23,8,28,-6,-9,-4,-1
,-8,-10,25,4,-6,-1,-1,0
,0,10,-32,8,6,-3,1,4
,0,34,3,-15,0,2,2,-4
,4,-12,37,20,9,3,1,18
,6,-7,8,6,-4,-2,3,10
,0,10,-30,12,0,-5,-2,-33
,-2,-8,56,18,-7,-5,-1,5
,-8,1,-15,41,-5,1,-4,3
,9,19,20,-19,-4,0,0,-4
,1,-9,-35,-43,8,-1,4,7
,4,2,20,7,8,9,2,-9
,-6,4,12,3,-3,0,-3,6
,-10,-48,-17,29,-20,-11,-9,-4
,4,25,-60,-53,-2,-2,-2,0
,0,0,2,52,11,1,-4,-10
,-1,-1,28,-8,2,2,2,8
,-13,-30,-53,-61,-1,6,-3,-18
,4,26,46,-9,1,1,1,5
,4,26,-3,20,5,3,-3,1
,-8,-23,-2,0,-2,-2,5,4
,1,-4,-69,-4,-2,3,-4,-21
,0,30,16,-10,-5,-9,-3,4
,4,13,0,10,7,1,10,18
,-8,-20,26,-34,-18,-10,-11,-37
,-2,13,56,29,-1,3,-2,-7
,-4,-9,-10,-55,8,3,1,-8
,2,6,-82,-62,16,3,4,0
,-13,14,36,15,-5,-7,-5,-14
,12,-11,61,19,-4,0,-2,11
,8,72,-60,-12,5,2,4,5
,-2,-7,54,20,2,-2,0,-4
,-1,0,19,7,-6,-2,-1,-2
,4,-18,-59,-8,9,0,1,6
,-18,-10,-11,5,1,-1,-5,-3
,2,-8,-45,8,-4,-5,0,-13
,0,-2,-38,-35,-9,-7,-9,0
,6,-2,-24,35,-6,-2,0,17
,-3,-23,-5,-17,4,-2,-3,-2
,-1,-35,-35,10,4,2,3,-5
,-6,29,-5,13,-7,-1,-8,-7
,0,-13,-82,-13,-8,-11,-1,5
,8,-6,90,26,11,9,7,4
,-5,-2,-8,1,3,-2,0,1
,0,-14,7,-60,5,4,1,-14
,-12,-14,57,44,0,-3,1,-1
,-1,-25,-20,-34,-7,-2,-5,4
,-2,29,-6,8,13,1,-5,-16
,5,-25,-2,-13,-8,-6,-1,3
,5,33,20,-19,-5,-3,-2,1
,-8,-29,-42,33,6,8,2,4
,-1,-13,7,-2,-8,-2,2,7
,8,10,-38,-7,5,0,0,7
,-15,-7,-77,-1,-7,-5,-6,-13
,1,12,106,-25,-15,-4,-7,-5
,-2,-20,-32,-8,2,0,0,4
,1,-6,-4,49,7,0,0,3
,1,4,50,-10,-6,-2,-3,-19
,0,20,11,39,2,-1,0,3
,-1,11,-3,-44,-2,7,1,2
,0,8,-4,-16,2,2,2,3
,6,-29,45,32,-1,-5,-4,-5
,-5,30,-41,-35,-5,4,-9,-7
,12,10,83,36,7,7,6,7
,-25,-22,-52,-28,-8,-10,-8,-16
,-4,-26,-33,-14,-5,-2,3,7
,0,29,17,39,3,-5,-7,-2
,-3,-14,-33,7,-1,1,2,8
,13,18,18,-29,-2,-1,-1,-9
,1,-2,-9,2,-1,2,-3,0
,-8,6,22,-37,-18,-15,-3,-7
,-7,15,59,-7,-1,1,-6,-4
,2,-36,26,17,2,-1,2,-10
,0,0,-22,-47,-27,-10,-5,7
,-8,-1,-1,23,10,-1,5,-1
,2,24,10,7,20,-1,-2,-1
,-5,-7,-14,13,-3,1,-2,-22
,-4,5,35,19,5,0,-1,-8
,6,-15,-36,4,-1,6,1,15
,-2,5,-15,18,-4,-4,-1,6
,-4,-4,60,15,7,8,2,-4
,5,20,59,17,3,1,3,-3
,2,21,15,34,3,5,2,2
,-11,-25,-6,44,-5,-8,-1,-18
,0,-2,-3,-45,6,4,0,12
,1,6,-38,-9,-6,-2,-1,-8
,0,17,-59,9,-5,-6,-1,4
,2,-18,54,9,7,6,4,2
,-4,-21,-7,46,14,7,-8,-2
,-1,-6,40,-17,-15,-4,-3,10
,-6,4,-9,8,3,-1,1,-4
,3,16,-26,-5,4,1,-8,-5
,-1,7,20,34,-10,-5,1,13
,1,1,-23,-17,4,0,3,7
,3,-51,-61,-20,0,-2,3,5
,-5,-1,37,34,-17,-8,-5,-8
,1,0,-51,-33,8,-2,-4,-19
,-6,0,19,14,2,0,-2,10
,5,-10,48,6,4,-2,6,4
,-5,4,59,-1,-4,3,1,-15
,-2,-15,16,-59,-5,-4,-1,6
,-7,-1,1,35,6,-3,-1,8
,3,11,39,10,-10,-5,-4,-14
,0,-14,-65,-31,-8,-6,-3,-11
,0,22,51,7,3,1,1,5
,0,-8,21,27,-7,-4,-1,8
,0,5,81,-42,9,2,0,-3
,-3,6,8,8,-8,-7,4,9
,-2,-5,-12,-6,-5,-3,-14,-33
,-5,7,42,-40,-16,-6,-4,-1
,2,-12,-44,-26,-12,-7,1,6
,-6,-1,-36,12,-7,-2,-2,-9
,6,-10,5,10,20,9,6,8
,5,-13,-2,-4,7,2,2,-1
,-3,1,-33,-14,-9,-4,-1,3
,-9,13,-38,34,4,-5,0,-12
,2,10,-27,-15,-11,3,0,14
,-8,4,23,2,-1,-7,-2,-2
,2,21,-46,9,6,4,1,-17
,3,-17,-50,29,10,4,-1,6
,1,-7,21,40,14,5,2,9
,1,9,11,-27,-7,-9,0,-1
,3,10,8,26,-5,2,-1,1
,7,-4,-53,-46,0,0,0,1
,-9,-8,69,-14,-17,-8,-6,-9
,-7,-29,6,27,13,9,-4,-4
,5,47,-8,22,2,-1,-3,-2
,2,-16,-70,-36,-5,2,-3,1
,0,36,44,-43,-5,-3,3,11
,10,16,6,-27,0,-1,-1,13
,1,-16,-4,39,9,2,-1,-5
,0,-31,-47,-61,-5,5,1,6
,8,41,-4,14,5,-3,8,6
,-2,6,34,31,-7,0,-8,-12
,-6,-28,-27,-14,0,2,-2,6
,1,1,30,-15,-5,-11,-5,1
,-4,-20,-11,14,-12,-4,0,8
,-5,-20,-23,-4,6,1,0,-19
,4,9,34,13,1,-4,-6,-1
,1,6,43,33,-2,0,0,1
,-6,-20,37,-52,-24,-8,-7,-1
,-5,-6,-38,38,17,-2,0,-4
,1,-1,36,2,-6,-8,-3,2
,11,-2,57,27,4,4,4,5
,-7,10,-107,-4,3,4,2,-11
,-4,0,13,-22,-13,-3,-1,2
,12,25,60,0,18,10,2,7
,-17,-2,6,2,-6,-8,-7,-2
,-3,-3,2,27,-8,-3,-5,-35
,-7,-18,-16,-3,-1,2,0,0
,3,16,64,58,-6,-3,3,11
,-3,-25,-105,-34,12,8,5,2
,-6,-34,-15,-13,-3,-10,-7,-11
,-15,17,-6,-10,-10,-7,-5,-12
,0,6,-2,-35,-8,-1,1,9
,5,18,27,44,-8,-3,-3,-4
,0,-9,-12,28,18,2,3,5
,-3,-42,-35,17,8,0,4,-5
,0,8,-15,-41,20,4,-3,12
,6,18,11,-36,-11,5,0,12
,-1,23,-20,76,21,2,1,-22
,-1,17,109,-42,-19,-5,-4,1
,0,-10,-15,-35,-7,-3,2,-2
,-2,27,57,17,-28,-13,-8,-7
,8,-1,-42,-2,14,3,6,29
,-4,31,10,12,-3,3,-3,-5
,2,-7,35,40,27,10,0,-1
,-6,11,50,-38,-10,-3,7,9
,4,-9,-91,-3,4,-2,-6,-12
,-5,-9,-65,-23,7,8,-1,-2
,1,-29,33,-4,-11,-1,1,18
,-7,-21,-114,-67,1,-6,-2,-22
,-4,-32,-64,-2,-15,-4,-5,4
,21,30,57,47,21,10,6,5
,-11,-50,-22,10,-8,-1,-1,-7
,-6,36,70,18,-4,-1,-1,9
,5,2,0,-71,-21,-8,-7,-5
,2,-18,27,72,13,1,1,-9
,-8,-1,-55,-29,-5,0,1,-7
,-2,1,-52,28,20,8,-5,2
,8,-9,47,-78,5,-1,2,7
,-6,27,16,65,-15,-3,-2,-2
,2,-6,-20,22,15,9,-2,0
,4,0,-21,-27,-12,-10,0,-1
,2,13,13,-14,-21,-6,0,16
,5,-5,-8,71,27,10,1,-20
,-15,-49,-93,-63,-9,-12,-2,16
,-6,7,19,4,-5,4,-2,-37
,-2,-7,17,31,-6,-4,-3,15
,-6,-26,38,33,6,-2,2,1
,-4,-8,50,11,-3,-4,-6,-9
,-2,-18,-44,-27,-21,-10,1,-10
,0,6,27,22,10,8,0,-2
,-11,-11,-110,-23,-2,0,-2,-4
,0,14,88,8,8,1,-2,11
,-8,28,-15,-24,-3,-5,-7,-34
,6,50,4,-4,-13,-1,-1,2
,-3,-61,13,47,14,3,21,8
,-7,-7,38,-19,-10,-6,-26,-36
,-1,-14,-80,-1,-5,-7,-4,32
,2,0,-11,-39,-5,-1,1,-4
,5,-1,-43,-9,-6,-4,-19,-10
,-9,-36,95,6,-15,-4,-5,-9
,9,78,76,-47,-20,-11,-4,17
,-10,-16,-36,39,11,9,1,-20
,8,7,57,44,29,12,32,12
,2,0,35,62,10,3,-19,1
,-5,3,30,-41,3,-1,-13,3
,4,-3,10,-13,-9,-8,1,20
,-13,-10,-51,-61,0,-2,4,-16
,-2,9,68,17,10,8,7,3
,4,-19,7,2,8,14,-12,24
,-4,29,-38,-35,-15,-13,-18,2
,-10,-31,-38,-25,-3,-3,-6,-22
,0,-12,49,41,10,-3,-1,-1
,-1,-8,-38,-8,1,4,11,7
,15,19,-40,5,-5,-2,13,17
,-26,-5,-7,6,1,2,-9,-56
,2,18,75,-41,-24,-9,-5,8
,-4,11,-6,-2,19,0,6,-6
,-9,-27,-12,-12,0,-1,-7,-8
,7,5,108,55,-2,-5,-10,-15
,-6,14,10,-9,2,1,2,-5
,12,0,-35,-42,-21,-8,3,25
,-5,1,66,15,2,-2,-10,-36
,2,10,-29,-5,21,12,10,24
,3,-23,8,47,4,2,2,4
,1,-2,-42,-21,-13,-7,-6,5
,0,-3,43,8,-15,-14,-12,13
,-4,35,-12,-29,0,7,0,-10
,-4,-13,5,20,5,0,1,-10
,-1,-12,38,42,-4,-3,-2,8
,6,8,-101,-33,9,0,-1,6
,5,17,46,-33,7,4,9,1
,-1,3,-28,12,-4,2,-19,-20
,8,8,25,-44,-29,-14,-25,6
,-3,-31,-95,-15,31,10,-1,1
,-3,22,64,48,-3,-6,-1,-17
,9,28,89,-14,-6,8,12,44
,-6,-21,-1,54,-9,-9,0,-33
,1,-36,0,-28,-15,-5,-4,-9
,1,6,-90,0,3,2,-1,1
,-2,8,43,-41,-17,-3,-6,8
,-6,-5,-33,48,24,-2,0,-19
,-1,-12,-99,-25,-20,-12,0,2
,5,-19,-37,1,0,1,-5,-11
,-3,-63,-16,-2,9,1,1,1
,2,38,10,-19,-3,-4,-1,7
,5,23,67,-14,-11,-7,4,1
,1,-3,37,35,0,-4,-4,10
,-4,-2,-92,9,22,7,4,-13
,1,-9,-51,-7,-15,-5,-2,10
,-11,21,8,29,2,-3,-2,-23
,5,-6,-29,-73,13,11,7,12
,3,28,52,59,-6,1,-2,0
,-21,-18,29,34,12,0,3,3
,1,-2,19,-14,-4,1,1,19
,-5,-13,-47,-62,-14,-9,-2,-25
,6,19,49,0,-2,4,7,5
,-8,-31,-39,3,-5,-4,-9,-6
,3,19,-15,-62,0,6,-7,12
,2,10,86,46,1,1,6,-7
,0,12,-49,-61,-14,-7,-1,9
,7,4,73,92,20,9,2,-12
,-9,17,-42,-53,-18,-7,1,-8
,3,-37,-20,-2,11,5,-6,6
,0,-9,26,9,8,2,4,-2
,4,14,34,-9,-21,-7,-6,8
,-18,-4,-103,27,13,2,-3,-5
,4,-6,42,-14,-2,1,1,-10
,0,-7,1,5,-1,-3,-3,-9
,-4,8,-1,-64,-5,-3,-1,3
,4,4,-27,9,-4,-1,7,3
,-4,-5,31,55,3,-1,-1,8
,0,-11,7,-13,-22,-9,-5,-20
,3,-3,1,-13,15,12,-3,-5
,-1,19,102,42,-7,-3,-2,6
,-3,-17,-45,-28,-7,-5,0,9
,-8,-2,11,-24,-36,-14,-6,-5
,12,15,-41,14,16,1,8,5
,-8,10,-4,42,9,1,-6,-7
,-4,12,22,-29,5,0,-3,-47
,0,-31,-53,3,8,4,4,9
,-9,-6,8,-58,-3,-2,1,4
,1,8,-85,28,7,-5,-4,-1
,-11,-11,49,8,7,2,2,7
,1,15,72,79,-3,4,3,-10
,5,11,-78,-96,-4,6,5,7
,-4,-4,31,-28,-7,-1,1,-3
,2,-18,-48,24,10,-1,-2,13
,5,18,7,27,2,-2,-1,-21
,4,-13,-52,45,-6,8,-1,5
,-2,37,-49,-50,-2,-4,-3,-3
,9,8,119,38,-8,-1,7,7
,-15,-34,-58,5,-2,-3,-6,-10
,1,46,-57,-62,1,-2,-3,-13
,-1,-40,-34,-11,-10,1,3,5
,-2,-2,-6,-13,8,-3,-7,-8
,3,-14,96,52,9,0,3,6
,5,23,-24,22,6,7,1,18
,-6,-37,-1,-30,-10,-1,-6,-10
,-5,-48,16,-29,-18,-7,1,9
,6,38,8,63,12,9,6,17
,-6,4,13,-4,-3,0,-5,-17
,3,-1,2,-6,3,1,-3,-4
,6,15,26,11,-16,-9,-3,11
,-9,-27,26,-18,-6,-6,1,10
,-1,-37,-21,-24,2,2,-12,-18
,10,75,-7,6,3,4,0,4
,-9,-24,12,4,-17,-9,-3,6
,-1,-27,-5,-52,10,-1,-3,-16
,1,23,25,25,-11,-5,-4,3
,-7,-25,-58,-7,3,-2,-1,-4
,1,36,27,20,10,-2,-2,-3
,-1,9,-4,34,-14,3,-1,-1
,-4,17,66,-6,2,0,2,9
,-3,-52,-2,22,8,-1,-6,-4
,3,45,-1,-6,6,7,1,-14
,-2,-16,-7,-1,-17,-8,-2,4
,-1,14,-14,-20,23,2,1,-2
,5,13,-8,1,-10,-3,-1,-4
,-2,14,-19,3,-4,0,-6,-44
,2,12,-52,-101,-12,-8,-5,-1
,-3,-21,-22,42,12,6,6,0
,4,43,37,39,12,3,-2,3
,-12,-26,-44,-84,-23,-6,-9,2
,5,30,63,38,4,4,-4,-1
,-9,-52,-10,23,7,3,4,-4
,3,37,-7,24,0,0,-3,0
,5,-26,-23,-21,5,-1,0,13
,2,10,60,85,-19,-8,0,-11
,-2,-17,32,38,16,4,1,-2
,8,15,3,-40,-11,-6,-2,12
,-17,1,-89,24,6,-6,1,-5
,0,-7,68,-14,2,2,-3,-4
,0,2,36,-30,-24,-9,1,2
,-14,-47,-61,30,18,7,-1,-1
,11,0,-50,-66,4,4,2,-4
,-3,-6,1,-13,-13,-8,-4,1
,1,-13,-22,-32,3,1,3,3
,8,25,54,17,1,4,3,22
,2,4,-9,40,-1,3,0,9
,-4,-6,33,-16,-2,0,2,-5
,7,10,37,-23,-15,-6,-4,14
,-2,-14,-30,82,11,8,2,-5
,6,7,42,-18,-11,-5,0,-3
,-11,49,-66,-44,-2,-2,2,-7
,9,-12,57,24,-1,3,-3,9
,-4,-28,-36,-29,5,2,-3,-4
,4,-35,-12,110,-1,2,0,5
,-5,-2,-92,-76,11,3,-6,-10
,0,0,7,11,-19,-3,-2,0
,1,-14,-6,44,28,4,3,-4
,-9,-23,-75,-80,-1,-3,-4,-25
,3,19,-17,4,-9,-7,0,6
,-8,13,27,-15,4,2,-2,9
,-6,37,71,59,-6,-1,-1,-10
,0,40,45,-50,1,-3,1,8
,10,5,-57,-8,-1,-4,-1,-2
,-17,7,77,27,-15,6,0,-12
,5,13,-17,-23,7,1,2,9
,-3,-4,26,21,3,1,1,3
,7,9,19,-45,-11,-3,-2,-4
,1,12,9,93,15,-4,-2,2
,3,-26,7,-78,-28,-8,-4,-6
,2,23,0,78,12,3,0,5
,-5,-21,-48,-10,-8,5,3,7
,10,16,-64,-81,12,0,-5,-23
,-10,-45,47,42,3,2,-4,-6
,0,9,65,-15,-6,-5,-3,3
,-4,-15,32,74,15,1,6,1
,-2,2,55,-2,-3,2,-6,-2
,4,-18,-95,-71,-6,-3,-4,0
,7,10,1,42,4,6,1,13
,0,8,68,7,0,-3,-4,-9
,-2,-50,-43,-60,-3,0,6,-2
,2,56,37,90,-6,-11,-4,1
,11,-3,-41,-10,13,10,3,11
,7,22,66,-16,-4,2,3,21
,0,-15,68,4,-2,-6,-2,-11
,-4,-17,-84,-71,-9,3,0,-12
,-9,-3,19,3,-16,-13,-5,15
,-8,-19,-20,-35,-17,-5,-7,-24
,12,33,-24,39,34,16,6,17
,-2,-21,20,29,8,1,2,3
,3,6,-11,-35,3,5,1,3
,-8,-16,-25,-74,-5,-2,1,-4
,2,17,-20,49,-19,-6,-1,0
,6,-24,38,54,9,5,2,4
,-15,-8,3,-43,-6,-6,-4,-15
,2,-13,-13,5,3,-1,-3,15
,-9,27,45,-7,3,-1,-4,-34
,-1,20,2,40,4,-1,-1,2
,0,-2,44,-24,0,0,-1,-7
,2,26,-35,-7,3,5,-1,-2
,-7,-71,-42,-55,-4,-8,0,17
,4,22,11,-3,-23,-3,0,3
,-6,-33,1,65,9,4,-3,-21
,0,9,13,-71,-39,-11,0,1
,9,-4,-101,76,52,15,-6,16
,-10,6,98,-10,6,3,3,-8
,1,-3,47,7,-9,0,4,5
,0,-3,12,-25,5,-2,-5,-9
,-9,-1,32,18,-13,-14,-7,-5
,-7,-12,-77,-4,-12,-1,-3,-27
,7,6,-15,16,19,6,5,10
,-5,-11,15,-6,-1,-5,-2,-7
,3,17,11,-39,-14,-4,2,7
,4,-7,32,32,1,-8,-5,7
,-2,31,-30,-33,-9,5,-1,-1
,-11,-44,-48,35,14,6,-2,-19
,1,23,-86,-97,-37,-15,-4,-1
,-6,-28,-4,24,17,8,1,1
,0,24,-2,-7,-17,-11,-7,-5
,-5,-27,71,22,2,1,3,7
,1,16,-11,-2,8,6,2,0
,3,4,-37,30,-6,-7,-9,1
,-3,-1,36,8,10,5,4,-2
,0,32,-51,25,-3,0,0,5
,-3,-28,-4,-21,-10,-6,-4,-10
,3,41,-24,-20,6,-4,1,-6
,4,-19,-64,38,23,16,5,3
,-3,2,31,24,-23,-12,-9,-6
,-5,-21,23,-14,2,-1,2,10
,1,20,98,-28,9,1,3,7
,2,-57,-106,-50,-25,-8,-5,-4
,5,4,41,14,15,5,5,12
,-12,27,37,65,-6,-3,-3,-25
,1,-39,-23,-26,0,1,0,0
,4,12,22,-5,2,-13,0,-3
,3,2,-61,-7,-5,7,1,5
,-2,-41,-10,-16,-8,-4,-2,3
,0,37,-83,20,18,10,3,0
,-9,-1,76,46,0,-1,0,2
,3,22,27,29,-4,-5,-5,1
,0,-6,-24,-53,6,-5,-3,-16
,1,-47,41,8,-15,-7,-4,3
,-1,-4,24,-83,8,8,-2,4
,-1,-28,-90,69,29,7,4,-1
,-5,54,112,-22,-29,-9,-3,-1
,4,-16,24,-52,4,-1,-5,4
,-5,-3,13,-7,-18,-5,-5,-14
,-3,23,45,1,-9,-3,-2,-5
,1,-12,-13,56,3,5,0,7
,-1,-11,-53,-30,-6,-4,-4,0
,6,55,16,41,9,-7,2,3
,5,-23,77,2,5,7,2,8
,-10,-19,45,18,-9,-4,-5,-16
,0,5,-60,-20,-10,0,2,14
,1,4,34,61,21,6,2,-4
,-11,-18,-10,-76,-4,-1,-4,-25
,8,28,-16,-74,-15,-7,3,17
,-10,-32,40,93,2,4,-2,-11
,-1,-19,12,-6,-5,5,-2,8
,1,0,-114,-6,3,-2,-2,4
,-4,-37,-3,24,6,4,1,3
,-1,69,19,-69,-9,-7,-3,-2
,1,-17,3,80,24,3,1,-2
,0,24,51,-17,-12,-5,-3,0
,0,-32,-41,6,1,3,2,-1
,2,10,50,55,-9,-6,1,2
,-10,4,21,-81,-22,-10,-8,-7
,3,-2,-11,3,0,-8,-3,-3
,10,46,-24,38,25,14,8,19
,3,1,77,-34,-12,-1,1,-11
,-7,4,-20,33,1,-5,0,-11
,0,-9,-88,-20,-1,4,-1,-12
,-8,-14,-7,-103,-5,-7,-7,1
,1,-10,-10,24,10,9,8,2
,6,-10,-64,-30,-14,-5,-2,7
,-5,-2,-6,12,4,0,-3,1
,6,-6,20,66,4,-1,0,-10
,1,1,75,-3,-12,-1,0,20
,6,16,-20,-46,-6,-3,2,-18
,-4,2,37,55,6,3,3,10
,0,-3,-18,-8,-3,1,-6,-18
,-2,-4,59,15,-21,-15,-4,5
,-7,-38,-11,-13,-5,-1,-6,-4
,-5,1,17,-5,5,4,3,2
,2,-5,-5,39,5,0,1,6
,0,-12,-48,-81,3,1,-4,1
,-6,10,-17,-6,-14,-4,-4,-22
,0,-2,25,-24,-4,0,-1,-6
,0,18,8,-6,1,-2,1,2
,-2,-50,-94,-57,20,7,2,-2
,8,-12,54,39,-9,-4,-1,15
,-3,17,11,28,6,4,0,-5
,-3,-23,38,-24,-11,-2,1,4
,2,19,-38,-4,-3,-4,-1,-16
,-5,-11,36,31,-1,2,3,9
,-6,-20,20,-16,2,-2,-4,-11
,6,-7,-16,21,1,-7,3,20
,-4,-27,-62,-10,-1,11,1,-3
,8,34,-43,-7,1,7,3,8
,1,-10,40,27,-23,-12,-2,-5
,-1,24,-57,-44,7,3,-5,-4
,-10,1,30,91,7,0,-1,0
,-2,3,-6,-21,9,2,-1,-11
,6,-3,-6,-78,-25,-4,-1,9
,1,-9,-59,41,28,10,7,3
,-1,11,-15,16,-23,-16,-10,-1
,-4,-20,-70,22,21,12,4,-10
,-7,5,-30,-50,-6,-5,1,-3
,-6,-10,-40,-45,-7,1,0,-3
,3,25,-1,-12,4,0,1,2
,6,15,-60,10,-5,-4,-4,11
,-1,-18,12,5,0,-4,0,2
,-4,19,67,4,-7,0,-3,-9
,0,-2,-32,-34,1,-11,4,4
,1,-29,27,20,-19,-3,-8,-2
,1,10,-25,-63,5,1,1,-4
,-2,24,34,-1,-13,-8,0,3
,3,-21,-12,10,6,1,-1,1
,2,39,43,34,-7,-4,0,-3
,0,-10,-19,-10,4,5,-1,-1
,-9,-13,16,-58,-11,-10,-3,-2
,5,11,11,69,18,8,3,16
,0,-44,-71,-32,-10,-8,-2,-5
,7,32,-5,90,18,8,3,-13
,-7,-10,7,-18,-11,-11,-4,-2
,4,37,-9,-29,5,6,0,-3
,-1,5,30,-39,-10,-2,-1,9
,-5,-24,50,50,25,6,4,1
,1,4,64,-1,-6,-9,-4,-4
,3,5,-20,11,-13,-6,-2,2
,-12,-12,5,-20,1,6,-1,-13
,3,32,79,-40,-17,-6,-3,7
,4,0,-37,27,13,4,4,7
,-4,-6,28,19,3,-5,-6,4
,12,-23,-11,-29,-9,-2,3,-4
,-3,26,-16,9,7,5,0,2
,2,-9,70,23,5,-2,2,5
,2,16,-8,-7,-2,0,-4,1
,-14,-9,-11,-16,0,0,-2,-13
,-3,-17,-43,-6,-9,-5,-1,0
,8,14,90,28,-17,-5,-2,3
,2,-20,-103,-53,14,8,1,7
,5,49,10,60,6,-2,-3,2
,-5,-12,15,-16,-16,-7,-3,3
,-3,-20,-24,-5,-3,1,-1,-2
,-2,-5,57,48,14,2,-2,-17
,-6,13,22,28,-2,-2,-1,5
,-3,-23,5,-30,-7,-4,-5,-9
,-2,-5,-32,35,-4,5,-2,0
,0,18,20,-77,-8,-9,4,1
,-5,-21,-56,3,12,2,1,-5
,7,-1,-12,4,-6,0,1,6
,0,39,19,1,-10,-6,-6,-5
,-6,-26,-103,-9,10,5,2,-3
,-6,-30,40,33,10,-2,-2,-6
,0,9,21,-10,-29,-13,-4,7
,0,-18,-59,19,34,18,4,5
,-1,-7,19,5,-6,-2,-1,-1
,5,12,17,-22,-8,-11,-3,-12
,-5,3,-67,70,-4,1,-4,-12
,-5,-15,10,-91,10,1,0,-2
,-3,-23,-32,36,-12,-6,-3,10
,6,57,59,-35,0,-1,3,2
,-7,-24,42,-20,-6,-1,0,-5
,-1,-1,-51,11,-1,0,-1,-1
,4,-2,-3,1,2,-1,1,-2
,4,2,-48,-10,6,1,2,17
,-7,15,78,4,4,-1,-1,-29
,-2,10,-32,-1,-19,-12,-10,3
,-2,-19,3,-19,11,11,3,-1
,0,-9,95,25,-8,0,-3,7
,4,-5,0,19,19,6,4,8
,-4,-6,11,17,2,1,3,1
,2,-16,-20,21,-5,-13,-3,-1
,-7,57,0,-8,-4,5,-5,-28
,-5,-11,-28,-23,4,8,3,4
,-3,-6,18,-4,-19,-9,-1,-6
,8,9,57,60,19,6,3,6
,5,2,-122,-44,7,7,-1,11
,-5,-6,49,25,-13,-14,-6,-12
,-5,-12,-12,-4,-1,2,-4,-3
,3,2,8,-1,-10,-1,2,-1
,0,-13,12,0,-7,-3,2,2
,7,-13,-70,43,9,1,-3,2
,2,12,101,-40,7,2,5,10
,-6,1,-58,-15,-12,-6,-2,-26
,-6,-32,4,-67,-20,3,1,4
,9,0,-73,-13,28,11,3,6
,-1,8,104,31,-10,-10,-3,-5
,-8,0,-49,-41,-11,-5,-3,-3
,-17,-4,92,1,-24,-13,-7,-10
,-4,-13,-42,41,8,3,1,7
,9,8,-61,-14,6,7,3,5
,-10,1,76,5,-4,-5,-7,-8
,2,-5,33,51,-7,-9,-3,0
,-2,-14,48,-91,-25,-7,-3,0
,5,8,-71,85,30,9,2,0
,-2,13,7,-5,-28,-9,-2,-2
,0,-27,-45,-20,32,3,2,11
,-5,17,-13,36,-2,5,2,-19
,6,-10,3,-14,-22,-8,-3,2
,-3,0,0,-15,-2,1,-4,-5
,5,15,35,29,36,9,5,8
,2,32,20,5,-2,-1,-1,7
,-2,8,12,-28,-10,-8,-1,1
,-6,-5,62,53,14,3,1,-3
,4,19,-10,3,-19,-7,-5,-3
,-1,-32,-11,-103,5,-1,5,5
,1,-8,-10,63,0,7,3,-1
,3,19,35,-16,-10,-1,-5,-7
,2,0,-104,-45,-8,-7,-3,4
,0,15,31,57,-13,-8,-5,1
,0,14,-6,-32,4,1,3,-4
,6,-21,25,-26,-10,-3,1,12
,-2,-1,-9,13,13,3,-1,-9
,0,30,-22,-12,-2,-2,0,8
,-6,-27,-27,-24,0,-2,2,-1
,-2,-2,59,56,9,5,-3,-3
,7,15,20,-65,-7,3,3,13
,-2,-14,-32,-22,-8,-6,-4,-3
,-8,-32,45,6,-6,-5,-3,-13
,-5,9,-81,-38,1,-1,1,-3
,0,-45,-13,72,20,4,5,-3
,3,47,20,-18,-14,0,-5,4
,4,21,19,-3,-7,-2,-3,-1
,-4,-5,-32,-20,6,-2,3,5
,4,3,30,68,10,7,4,7
,-6,-25,-49,45,-1,-10,-2,-16
,0,14,40,-82,-9,3,-2,8
,-3,-22,-68,-51,-2,0,-2,-3
,-2,5,30,38,-3,-5,-2,-3
,-1,6,39,35,10,5,3,5
,-10,-16,-34,3,-1,-2,0,-11
,6,10,1,2,-4,-2,-9,5
,3,-16,-81,19,-9,-9,-7,-2
,-7,-5,13,-28,9,12,-1,0
,5,-31,-30,40,2,-5,0,8
,10,47,42,10,9,3,0,14
,-13,-26,-21,-66,-14,-2,-5,-20
,3,-5,0,16,2,-7,-2,-16
,4,-2,25,5,-3,-2,2,1
,-7,-2,8,7,-1,1,2,6
,1,1,3,-25,-6,-3,-3,6
,-5,-64,14,-14,4,3,3,1
,-1,39,-22,-8,10,0,-3,-1
,-11,-30,1,-12,-21,-7,-6,-14
,-5,35,-9,8,-3,-2,-1,-1
,1,-35,64,7,-11,1,-3,-2
,2,28,34,73,20,3,-3,0
,3,-1,20,2,5,-3,1,1
,0,-17,-7,1,7,6,0,-4
,2,31,53,-48,-15,-9,-1,2
,-7,-26,10,65,-13,-9,-5,-3
,11,44,-83,-36,19,11,4,1
,-8,-22,45,-11,-3,1,1,-4
,0,4,-1,-36,-8,-4,-6,0
,-2,-30,-61,10,-1,0,-2,-1
,-6,-38,-44,-6,-5,-3,1,-3
,-2,-1,47,36,-1,1,2,0
,1,-28,-48,-6,2,-5,1,11
,-6,39,12,-67,-4,-1,-4,-28
,-1,-27,32,52,1,4,6,2
,9,-2,-58,-25,1,1,-5,6
,-15,-18,4,8,1,-2,0,0
,-1,-1,-1,-4,-10,-8,-1,4
,7,0,55,20,5,7,1,-3
,-1,-10,12,-13,-2,-2,-1,0
,1,33,20,12,-5,-2,-4,-6
,-5,-56,-74,-49,-9,-1,-3,1
,0,9,1,37,0,-4,-3,-2
,2,-5,-42,11,13,6,4,4
,0,4,-23,42,6,3,-2,-1
,5,10,-13,-38,5,0,5,10
,0,10,35,-26,-14,-11,-6,-13
,-7,-3,-55,-21,0,1,-4,-25
,4,5,-9,38,2,-5,3,1
,2,0,-22,-68,-3,0,3,5
,2,-8,-45,70,0,3,1,12
,2,23,57,-15,-4,-2,1,4
,-3,-1,-42,18,11,0,1,-7
,-1,7,-23,-29,-4,-5,-2,0
,-14,17,-27,-20,-10,-1,-5,-8
,0,1,53,17,-13,-2,1,2
,-2,26,-15,-29,11,5,-1,0
,-3,-3,53,55,1,-1,3,0
,9,-9,11,-13,-7,-4,-8,4
,-4,23,17,-22,-1,-3,-2,-5
,-6,-4,-48,-7,0,0,1,-8
,8,8,36,26,-8,3,-4,4
,-2,-11,-22,-27,12,2,8,0
,9,-14,77,37,1,-3,7,19
,2,-3,1,8,-7,-5,-3,-10
,-10,26,19,-24,3,4,-3,-10
,-3,-20,31,6,-7,-8,-1,1
,2,18,-18,-13,-11,-9,-8,6
,-1,-20,-79,-85,25,12,5,-1
,3,-4,8,42,-3,-1,-2,1
,0,12,27,-15,5,4,0,0
,-9,-35,-18,-7,-11,-5,-4,-4
,12,-6,-5,68,0,-1,2,10
,-5,-1,-49,-43,5,-1,-2,5
,-6,-9,-60,-43,-5,-7,-7,-19
,3,16,-31,10,-5,0,0,-8
,-1,-14,89,-23,-19,-11,-5,1
,-4,37,-12,40,6,4,-3,-4
,2,8,27,27,11,5,6,11
,1,5,41,3,0,2,1,-2
,-4,15,8,-39,-9,-2,0,0
,-3,-17,-7,-3,-10,-8,-5,-2
,-4,-1,-33,11,-10,-7,-3,-3
,0,-3,-5,2,9,7,3,-4
,-1,9,-28,5,-4,5,-4,5
,-6,-28,49,1,0,-1,-2,-4
,3,24,85,9,-1,-1,-3,0
,-5,-9,-17,-12,-6,-5,-4,-2
,5,17,71,39,-4,-4,-2,5
,-1,9,1,19,4,1,2,-6
,3,-20,6,-15,0,2,0,-2
,-6,16,-74,-13,1,-2,-3,-1
,-2,35,125,107,-23,-10,-4,8
,3,-15,-96,-82,24,11,1,-19
,2,24,59,25,-7,-3,-1,2
,-12,-13,31,40,3,-1,-2,-8
,1,-27,-57,-50,-2,-4,-2,0
,3,-7,69,46,-3,2,4,7
,-9,-9,31,-10,-7,-9,-8,-6
,1,-20,-48,59,9,3,4,1
,2,22,18,-60,-2,6,1,-1
,-1,-18,18,-32,-7,-6,-2,6
,3,2,2,18,8,4,3,-11
,-2,5,18,-21,-20,-13,-2,-1
,-7,-28,-13,-2,-10,0,-3,-7
,2,13,-42,55,9,10,4,2
,-6,-19,-42,-85,0,-3,-2,3
,-2,-7,-16,3,11,6,2,14
,-1,8,2,-6,8,-2,-2,-22
,-15,-29,-27,-32,-24,-14,-6,-7
,6,-36,52,49,-7,0,-2,4
,-3,36,9,-16,6,2,1,-5
,3,-5,13,2,18,8,1,10
,7,12,9,-5,4,12,2,4
,-5,-36,-42,54,6,2,3,1
,5,23,36,-3,-2,0,-1,-2
,1,41,-64,-57,-10,1,1,5
,0,-23,-89,-27,3,0,-3,-5
,-4,25,45,44,3,-2,-2,-5
,-1,-2,36,-17,-7,1,2,10
,-2,45,-15,6,5,2,-3,-22
,3,6,87,-4,7,2,0,4
,-6,9,24,25,-1,1,-2,-2
,0,13,-4,-13,-18,-8,-3,-4
,1,-35,-24,2,0,-1,-1,10
,-3,55,93,-17,-3,-9,-6,-7
,0,-5,-32,-15,-2,5,0,-1
,7,41,35,49,6,3,0,-3
,-7,-7,-15,-55,-23,-10,-4,0
,-4,6,21,8,-13,-8,-6,-2
,-4,-7,40,-3,16,2,3,0
,-8,-10,47,18,-8,-4,0,5
,-4,-21,-115,-9,20,11,4,-11
,8,-21,90,31,-4,-2,0,1
,-2,10,-99,32,13,2,-1,-6
,4,11,38,-12,-18,-3,-1,-3
,-4,-13,53,-1,10,-3,-2,4
,-6,-33,-114,-54,-5,-2,-1,1
,1,-30,38,9,-13,-2,-1,5
,-2,5,-8,-29,19,0,2,-3
,1,0,-19,-21,-5,1,-1,2
,-5,-7,-34,14,-21,-7,-1,-4
,-6,-28,-71,-82,-5,-7,-2,-2
,-1,-2,69,33,2,-1,-3,-4
,8,-2,2,-4,-2,-2,1,4
,1,-17,-19,-28,-17,-1,0,9
,-1,24,-47,-6,30,5,0,-4
,0,-20,-16,-23,-6,-1,-1,-8
,4,25,35,-13,-2,-1,0,4
,-3,-29,-33,30,7,2,3,-1
,2,30,20,-55,-13,0,-3,-1
,5,-9,-67,-41,8,6,0,7
,1,-10,30,40,3,-5,1,-1
,-9,13,5,-9,3,-2,-3,-1
,1,-12,59,18,-4,1,3,9
,-3,8,25,-56,-10,-3,-4,-14
,6,-17,-55,3,-9,-5,0,-7
,5,41,37,25,2,-3,-4,-7
,-5,-8,-2,-26,-2,-6,1,8
,-8,1,-54,-37,-10,-1,0,-4
,0,-5,36,40,4,-4,-1,1
,-6,0,14,18,16,5,-3,-8
,-5,-2,66,-35,-6,-8,-1,-2
,4,13,-3,-12,-15,1,1,2
,-5,-8,-48,-75,3,-9,-5,-8
,-2,-21,-39,51,23,8,0,0
,5,33,25,23,-11,-8,-2,1
,2,-38,-67,-52,7,6,3,4
,-4,11,-10,16,-1,-2,-3,-7
,-2,2,79,57,-3,-4,-5,-12
,1,-2,79,-53,-20,-1,-3,-8
,-4,1,-20,31,10,2,0,1
,2,17,17,-7,6,1,1,1
,-1,-8,-5,-29,-13,-10,-1,6
,-5,-13,-51,35,3,4,-1,-1
,6,25,-2,-42,4,3,1,-1
,-7,-57,5,17,-8,-7,-2,-5
,-1,36,-15,-13,20,7,-1,0
,-2,-28,-26,3,-7,2,-1,-6
,-2,-15,-11,-10,-2,-8,-3,5
,-1,2,-20,-12,-2,-5,-1,-8
,0,4,23,21,4,6,3,6
,1,35,15,11,5,-3,1,-14
,-8,-8,27,-35,-12,-4,-2,-9
,3,17,-23,43,6,1,4,11
,0,-13,31,-7,-21,-15,-3,-3
,-4,-11,25,2,13,11,-1,-2
,3,12,-34,-24,3,4,2,6
,3,5,23,7,0,3,-1,2
,-2,-1,61,42,-1,0,0,0
,-1,-5,11,-30,-8,-3,-7,-1
,-2,-2,22,-25,-10,-2,0,-2
,-2,5,-27,62,7,-1,1,2
,1,-6,-1,31,7,3,-1,-3
,-2,18,2,14,4,2,1,-2
,1,-19,26,-21,-3,-5,-2,0
,-4,20,-33,-11,-10,-6,1,-2
,3,1,31,50,19,-1,-1,1
,-7,-26,-18,-50,-4,6,2,-3
,-1,-17,33,45,-9,-11,0,-2
,6,-5,-69,7,11,10,3,3
,7,11,-16,-3,3,1,0,0
,-5,-43,-20,17,-1,-6,-4,7
,-8,-25,-10,-52,-17,-4,-7,-6
,0,-22,7,11,1,-4,-1,-1
,0,67,50,-28,-8,1,0,-1
,3,-26,-78,4,1,2,0,3
,6,18,-1,-22,-7,-3,-2,-1
,-5,-39,-3,46,12,-4,2,-2
,1,11,31,-4,7,9,0,-2
,2,34,6,-1,-3,-1,0,0
,3,-33,-11,-8,6,3,2,2
,2,79,11,15,-1,-6,2,1
,-1,-3,-71,-59,-17,0,-1,3
,0,7,9,54,8,-1,-1,0
,-5,-26,1,-5,1,-1,-1,-5
,4,1,24,16,2,-5,0,8
,-3,13,-68,-29,-13,-3,-3,-4
,-2,-17,-27,-7,3,3,-3,-4
,4,-1,-47,-41,19,5,3,-12
,-10,-19,38,9,-10,-5,-4,-7
,3,29,-9,2,1,1,0,3
,0,11,-2,-16,-18,-2,-5,-3
,0,4,-25,64,18,10,3,6
,-1,0,-36,-55,-6,-4,-2,-1
,2,12,-26,-30,0,-3,-4,-4
,-8,-47,-37,12,-9,-11,-3,-1
,1,9,45,-35,1,11,1,2
,-4,13,30,-3,-5,-1,-4,-6
,-11,-16,-1,24,0,-6,-3,-4
,-3,-17,-52,-14,7,8,6,0
,-3,3,-33,-40,-10,-5,-4,-2
,0,13,15,15,4,4,1,-1
,3,-1,30,29,2,-2,-2,-1
,3,20,48,-27,-19,-10,-3,2
,-2,-11,1,36,10,1,2,-2
,-5,-43,-59,-25,1,1,1,-1
,1,59,63,3,-12,-9,-6,-1
,2,7,29,-64,0,-4,0,0
,1,-4,-44,-79,-12,-1,0,2
,-5,-7,-3,32,2,-13,-3,-2
,3,2,-10,19,46,24,7,3
,-1,-10,-10,-23,-6,0,0,0
,-5,-6,-3,-17,-14,-6,-3,-3
,6,5,-6,11,5,5,3,3
,-4,-8,73,45,0,-6,-4,-4
,-2,12,4,-20,-12,-6,-3,-4
,2,18,60,43,1,0,4,4
,-2,-1,26,-20,-1,0,-3,-2
,5,6,103,58,0,-4,0,0
,-1,-5,-28,-24,-11,-3,-3,-1
,1,17,-2,42,-2,-3,-5,-3
,-6,-4,55,-16,-25,-14,-2,-2
,1,-1,-51,-34,0,-2,-2,-1
,2,-24,-59,0,19,15,4,2
,3,-6,-37,-22,6,8,3,2
,0,-7,-41,-34,-14,-8,-5,-4
,-1,-2,-43,15,13,0,-2,-1
,-4,-15,-23,52,3,0,-3,-1
,1,-13,70,-19,0,-2,-2,-2
,-4,-2,-16,-6,-1,0,-1,-4
,0,14,81,9,-19,-17,-1,-2
,-1,-17,7,-45,19,18,5,1
,-6,-11,-58,-9,-12,-7,-2,-3
,5,30,103,42,3,2,0,3
,-4,34,-13,-47,-21,-11,-4,-2
,-2,2,-2,2,-4,2,3,0
,-6,-12,-28,29,9,-3,-3,-4
,2,19,-41,-44,-6,-5,-1,-1
,-8,-25,-20,-28,-12,-2,-6,-4
,-2,17,43,2,-5,-8,-2,-2
,0,7,-55,42,18,10,1,2
,-1,-28,21,49,2,-4,0,-2
,-6,-33,-20,-7,-15,-5,4,-1
,2,10,116,2,4,8,-1,0
,-4,-44,11,31,-8,-1,-3,-1
,0,48,-44,0,18,4,1,-2
,1,17,-39,-12,-3,-1,-1,0
,3,27,12,-23,-8,-5,0,0
,-2,-42,-51,-6,-4,2,2,3
,0,-10,9,49,3,-2,0,1
,-6,-14,78,-34,-6,-5,-3,-2
,2,46,-11,36,1,4,2,-1
,1,19,-25,49,9,3,2,1
,-6,-62,-52,-41,-20,-10,-5,-2
,1,37,18,-9,3,1,0,-2
,5,1,-11,-1,-3,-3,-1,3
,-1,-18,-9,-9,-8,-3,-3,-2
,-2,-11,19,14,-4,-3,-2,-1
,1,-19,-18,-29,-3,-2,-2,0
,-1,23,-5,31,4,1,2,-3
,-4,-5,14,18,-1,1,-3,-4
,-5,-42,51,57,3,-2,-2,-4
,-3,-28,70,-1,9,4,-2,0
,-3,-17,-116,-18,-3,-5,1,-2
,-4,14,9,-37,-9,-4,-5,-4
,0,-4,-22,15,-10,-10,0,1
,-3,-21,24,-4,-1,2,-2,-4
,1,21,-20,-20,5,3,0,2
,0,5,56,39,-4,-2,1,-1
,-8,0,-5,20,18,5,0,-1
,3,21,12,-25,-18,-15,-5,0
,0,9,19,77,0,6,-1,0
,1,12,-10,-9,4,5,2,3
,1,13,38,-29,-7,-9,1,-1
,-5,-5,11,6,-11,-1,-1,-1
,-1,-33,68,26,11,3,0,-1
,-1,-1,-59,7,4,4,1,1
,-4,8,-101,-77,-16,-13,-6,-5
,-1,-18,0,8,8,7,3,-1
,-1,0,0,-3,-9,-4,-1,-1
,1,12,11,-39,-2,-3,4,1
,-1,-3,29,3,11,7,2,0
,3,40,13,-1,-11,-5,1,1
,2,4,22,59,25,14,-3,0
,-1,-26,-68,-62,4,-2,2,1
,1,-1,33,25,2,4,1,1
,-3,5,-7,-14,-14,-8,-5,-5
,1,6,-11,-50,-10,-4,-1,1
,-2,-15,68,43,2,2,-3,-3
,2,-6,-78,-8,1,-1,1,0
,-2,-17,-7,-10,7,3,0,-1
,-3,13,32,6,-9,-4,0,-3
,2,17,40,-7,0,3,-2,-2
,-6,-8,-16,51,7,-4,-3,-3
,0,41,38,-19,-3,-6,-2,0
,-6,-12,-19,34,-3,1,0,0
,1,-3,25,3,3,-1,-2,-1
,0,-25,-30,-33,-8,4,2,2
,-7,0,-94,3,14,1,-2,-3
,4,44,73,-25,-10,-4,-1,0
,2,25,17,41,-2,-3,1,0
,-7,-21,-7,-92,-26,-6,-2,-3
,-1,-22,-52,23,0,2,-2,-11
,2,12,13,12,-7,-4,-2,1
,0,-18,56,-33,-3,1,-1,-2
,-7,-5,65,-35,-2,-5,-5,0
,0,-23,-91,27,2,-1,0,3
,1,9,-9,-23,6,7,1,-1
,-5,-17,55,-16,-13,-11,-1,-6
,7,23,88,28,6,12,1,1
,1,11,-46,8,-10,-2,-1,0
,-7,24,47,-35,-4,-4,-4,-5
,0,12,-22,15,16,2,-1,-2
,1,10,27,1,-7,-2,-3,1
,-4,2,62,41,-11,-3,-4,-6
,-1,47,0,-43,-11,-2,1,-1
,-3,-60,4,-25,2,3,0,4
,1,19,3,28,1,-9,1,0
,2,-1,-41,0,14,9,-2,-3
,3,21,-32,-13,-7,-3,-1,-2
,-6,-25,38,25,-2,3,-2,0
,-2,-1,-7,41,11,-2,1,0
,1,45,56,5,6,-2,-5,-1
,-2,-24,-65,25,-1,-1,-3,-2
,1,29,6,29,-3,-4,-2,0
,0,-18,-19,-30,3,-2,-3,0
,1,-18,35,-29,-19,-1,0,-2
,-4,22,23,14,8,3,-2,-2
,-5,-41,-7,-36,-15,-5,0,-2
,-2,27,-46,15,13,3,-1,0
,0,7,46,-10,-7,-1,-1,1
,0,-71,-84,-16,-3,-4,0,1
,-8,-58,39,-33,5,-3,-1,-3
,7,30,-11,15,-13,-4,-1,-1
,-6,-35,16,-42,1,-2,1,-2
,0,4,-30,24,0,-8,-3,-3
,0,-15,-19,-2,3,4,1,-1
,3,-6,10,-16,7,3,0,1
,-1,14,-52,2,-5,-3,1,1
,-6,5,53,7,-2,-2,-2,-4
,-4,-17,-55,-8,-5,-5,-3,-2
,-1,-5,79,-16,0,4,-1,0
,-2,11,55,6,-14,-12,-5,-3
,2,17,26,-34,-2,-2,-1,-1
,2,-9,-58,0,10,5,0,1
,-2,-23,2,10,-3,-4,-1,1
,5,20,13,-14,-1,2,1,3
,-4,-7,-7,39,4,-1,-1,-4
,2,-14,21,-6,-1,-4,-5,-1
,-3,-14,-62,-63,-10,-3,0,-2
,-9,-9,-4,88,1,-6,0,-1
,3,5,-76,-59,11,13,4,4
,7,-2,-36,-30,2,-1,2,3
,-5,22,29,97,4,-1,4,0
,-5,-5,-37,-65,1,1,-3,-3
,2,13,-19,-40,-16,-5,-2,-3
,11,31,11,26,14,4,4,5
,-14,-60,-12,-36,-10,-10,-10,-6
,7,46,60,-3,-18,-3,3,1
,1,21,-12,33,28,9,1,0
,-5,-5,2,-24,-4,3,0,0
,0,-21,-8,-4,-9,-5,-1,-1
,0,8,12,18,-6,-4,-5,-4
,0,-1,-10,-19,5,3,4,1
,-1,-40,52,37,6,5,1,1
,-1,24,52,-48,-16,-7,-5,-3
,2,11,-12,23,20,9,2,0
,4,11,6,-14,-11,-4,-2,-2
,-3,15,42,-11,-14,-3,-1,-1
,-1,-47,-10,78,25,7,0,-1
,-1,20,10,-48,-18,-12,-2,-3
,-4,-36,3,-4,11,4,0,-2
,0,9,13,41,15,9,1,-1
,-6,-16,-22,-10,-12,-8,-2,-2
,-2,-33,-34,-37,1,5,-1,-1
,1,24,-13,20,-4,-1,0,0
,-3,3,30,-6,5,-4,-3,0
,0,49,-10,5,-7,-7,-3,0
,0,4,-11,-5,5,12,3,2
,6,16,45,26,-1,-3,-2,1
,-4,-4,43,-18,2,1,4,1
,-6,-9,-39,14,5,0,-2,-4
,-7,-50,-20,-55,-5,9,-2,-3
,0,11,74,-9,-5,-3,-2,-1
,1,39,-1,27,5,-1,-2,-2
,-1,-46,-71,5,7,4,2,1
,1,21,-7,-17,-10,-8,-3,-3
,1,-15,68,14,-10,-3,0,-1
,-7,11,-50,-27,17,4,2,-1
,-3,-3,28,-23,-18,-6,0,0
,3,9,-4,106,10,0,0,0
,0,-8,-107,-67,-5,0,1,-1
,1,-5,-20,-9,-5,-1,-1,-1
,-2,13,14,-56,-26,-15,-10,-7
,1,-6,-5,63,12,2,2,3
,-4,-2,-20,-27,-4,5,-1,-2
,0,13,-77,2,9,4,1,1
,4,-4,89,5,4,-3,0,2
,-9,-34,-29,-5,-4,-4,-6,-5
,-2,-13,9,-11,-6,-2,-4,0
,-5,-40,-60,6,7,-1,0,-3
,0,-1,39,-5,-7,-1,1,0
,0,6,60,-32,12,2,2,-1
,-1,11,-13,-29,3,1,1,-1
,-3,-26,38,-11,-19,-5,-5,-2
,3,46,-15,36,17,1,2,3
,0,-7,-4,-45,-8,-3,-2,0
,-5,-15,-19,-12,4,-3,-1,-4
,1,11,9,56,-13,-1,-3,0
,2,15,6,28,-9,0,1,-2
,3,-11,-12,-23,23,1,0,0
,1,16,8,59,10,9,3,0
,-7,-43,34,-34,-16,-6,-3,-4
,0,2,7,1,10,0,-2,-1
,-2,4,16,32,-14,-7,-4,-3
,0,-42,73,59,5,4,0,1
,-1,1,-22,-19,-6,-4,0,1
,-1,5,-18,-7,5,6,-1,0
,1,-1,46,-3,-4,-5,-2,0
,-7,-35,-44,3,0,0,3,-2
,0,5,39,63,-10,-6,0,-1
,-4,-17,-3,-32,22,9,1,-1
,2,6,-29,7,1,-3,-1,-2
,-1,-22,-8,13,5,-3,-4,0
,3,33,-13,-49,-18,-7,-2,-3
,-3,-9,3,17,-12,-3,-1,1
,-3,13,30,15,-6,-4,-3,-2
,0,7,20,40,-2,1,-1,-2
,-3,5,-7,-31,-2,-8,-1,0
,0,-28,-59,32,5,10,2,1
,-5,27,40,-53,6,-5,-3,-3
,2,-19,8,3,9,2,-1,0
,2,10,-4,23,-7,-4,-2,3
,-7,-4,30,-47,-9,-3,0,-3
,1,7,-27,14,1,4,2,-1
,-2,-6,-64,-13,-8,-11,0,-1
,-2,13,-26,-63,-4,2,1,0
,-2,17,17,41,6,0,-2,-2
,1,-20,-12,38,6,-3,-4,1
,-5,1,-1,-23,-11,-5,-2,-3
,-6,-11,46,-13,-13,-5,-4,-4
,1,-25,-7,-35,3,6,2,1
,-4,10,12,37,-9,-5,-3,-3
,6,52,45,18,-2,-1,1,1
,-4,-27,-95,-31,0,5,1,3
,-3,-13,-1,-19,0,1,1,-1
,-2,7,10,20,-10,-1,-3,-2
,1,21,0,-41,-22,-3,-5,0
,1,-19,-5,60,24,7,2,-1
,-4,14,-33,11,-15,-7,-4,-1
,5,-22,11,11,15,1,1,-1
,-4,-28,-63,1,-6,3,-1,-2
,0,18,1,-3,-1,-6,0,0
,-1,-31,4,-3,4,3,1,4
,2,-4,16,10,1,4,-1,2
,2,18,60,-15,-10,-4,-1,-2
,0,3,6,35,2,-2,-3,1
,-3,6,25,21,-1,-8,-4,-6
,-1,-3,-28,-88,-6,3,0,-1
,0,-8,40,-42,-13,-1,-1,-3
,-3,-10,-30,40,15,-4,2,-1
,3,4,-44,29,-1,4,1,5
,-7,-3,-26,0,2,-3,-7,-4
,2,49,20,-16,-4,2,-3,-1
,2,-3,31,-51,-10,-5,-1,-2
,-3,17,18,14,5,0,-1,0
,-4,-11,-78,5,2,8,-1,-1
,-1,-13,68,53,14,-3,2,0
,0,27,7,-49,-5,-2,0,0
,-3,-20,-54,5,5,-6,0,-1
,5,43,118,55,-10,0,0,0
,-7,-16,-44,-56,-7,-4,-5,-5
,-2,-15,49,19,1,2,-1,0
,-1,11,-76,-25,2,3,2,-1
,-8,-23,-2,0,-9,-6,-3,-6
,7,2,-37,-2,-5,-3,-3,0
,-2,-12,-83,-36,-2,2,-2,-1
,4,28,-4,-9,-6,2,1,1
,1,-26,-5,55,13,2,1,-1
,-6,15,53,-31,-10,-4,-5,-4
,-2,-16,-59,63,-6,-4,1,1
,-2,38,-22,-88,3,0,-3,-1
,7,6,102,16,1,4,2,1
,-4,-51,-12,81,3,-2,-3,-3
,-1,9,10,-28,2,3,-1,-1
,-5,-24,-32,9,-4,-3,0,1
,-2,4,13,-13,-5,-7,-5,-3
,5,0,49,6,-2,1,1,2
,-8,-19,-44,8,2,3,0,1
,-7,-31,77,-5,-17,-4,-6,-5
,-5,9,-47,-45,16,1,2,-2
,0,-3,37,-20,-6,-3,1,1
,0,-1,-5,88,18,5,-1,-2
,6,24,46,-18,-1,-2,0,0
,-1,16,34,12,11,6,-2,1
,-5,-15,6,-7,-15,-5,-4,-6
,-1,5,83,14,-8,-8,-2,-2
,1,-8,-17,34,0,-2,3,1
,-1,30,-5,-26,-18,-3,0,0
,2,-2,-45,17,21,5,3,1
,0,-22,21,19,6,1,1,0
,-4,8,-17,-15,-8,-3,-4,-3
,-5,-15,-5,-74,-14,-7,-8,-6
,-2,-2,46,8,4,-1,0,1
,1,-1,-23,2,4,3,1,1
,3,1,13,-11,1,1,3,2
,1,1,21,4,-7,-4,-2,-1
,2,-2,-58,-42,5,6,1,2
,-3,-2,25,-2,-11,-14,-2,-4
,2,13,26,13,1,7,4,0
,-1,-21,-38,-7,-1,-1,-1,0
,1,9,-4,15,4,1,-1,-2
,0,-4,2,-2,-9,1,-2,-1
,0,-2,-12,2,3,-7,-2,-1
,0,4,9,-21,-1,2,4,-1
,-2,3,7,20,-3,-8,-7,-5
,0,4,-7,-7,0,2,-2,0
,-3,-7,-6,15,-3,-4,0,-1
,0,-3,2,6,6,9,2,1
,0,0,-19,-9,1,-2,-3,-1
,-1,4,9,-5,-7,-7,0,-1
,-1,-5,6,13,7,6,0,1
,-4,-3,-1,-8,-3,-4,-1,-1
,-1,2,-9,-4,-4,-7,-2,-2
,0,-1,-2,-8,2,5,0,-1
,0,2,5,7,0,-3,0,-2
,-1,0,4,-3,0,-2,-2,-1
,-1,-3,-3,0,-1,1,0,-1
,-1,-1,2,-1,-1,-1,-1,-1
,1,0,-3,-2,-2,-2,-3,0
,0,-1,1,-4,-2,0,-1,-1
,-2,-3,0,5,-1,0,1,0
,-1,-6,-3,-1,-2,0,-1,0
,-2,-1,-2,-1,-1,-1,0,0
,1,0,-2,-2,-2,2,-3,-1
,-3,-1,-2,2,0,-3,0,0
,0,0,2,-1,1,-1,1,-1
,-1,0,1,5,0,0,-1,-2
,-1,-2,0,-2,1,0,0,-1
,-1,-1,-2,-2,-2,1,-2,-1
,-1,-3,-3,-3,-2,-4,-1,0
,1,-1,0,0,-1,-1,0,-1
,-1,-1,-3,-1,2,-1,1,-1
,-3,-1,-4,-2,-3,1,-1,-2
,-2,-2,0,-2,-1,-5,-1,-1
,0,-1,0,0,-2,-2,-4,0
,-3,1,0,-1,0,4,0,-2
,-1,-2,-1,0,0,0,-3,-2
,-2,-2,-1,-1,-4,-4,-3,-1
,1,-1,-1,-1,-1,-1,-1,-2
,1,-2,-3,-1,-1,-2,1,1
,0,-1,-2,1,2,-2,-2,-1
,-1,0,-1,-1,-3,0,0,0
,-1,-1,-2,-2,-2,-3,-1,-2
,-2,-1,0,0,0,0,-1,-3
,-1,1,0,0,2,1,0,2
,-1,0,-1,-2,-3,-1,-2,0
,-1,0,-2,0,0,0,-1,-1
,1,2,18,4,-2,-4,-4,0
,-1,-8,-24,-6,-2,-1,1,-1
,-4,-9,-6,-6,-2,2,-2,-3
,-1,-5,-23,-1,-2,-1,0,-2
,1,1,14,2,0,-2,-5,-2
,-1,-4,-18,-8,-6,2,-3,-2
,3,20,84,13,0,-9,3,3
,-5,-18,-85,-27,-7,2,-3,-3
,2,4,11,5,-4,-2,0,1
,2,1,19,17,13,1,2,0
,4,11,64,0,-4,-1,3,2
,-5,-17,-72,-26,2,8,0,-1
,-3,-10,3,1,-7,-8,-2,-2
,1,8,42,9,-4,-5,0,1
,0,-5,-18,-3,4,3,2,-1
,-4,-7,6,-3,-5,-3,-2,-3
,-1,-8,-65,-14,3,-5,0,0
,0,10,13,12,-1,9,1,-1
,-2,-2,44,0,1,1,-1,2
,4,8,1,9,3,2,1,2
,-1,-4,-24,-11,-5,1,-3,-3
,-1,-3,-54,2,-5,-11,-3,-2
,-2,-1,25,-6,4,4,1,1
,1,8,19,11,5,-2,0,-1
,-3,-6,-58,-9,-6,-4,0,9
,-3,-4,20,-4,-4,-2,1,-7
,2,-3,-1,-2,2,6,-2,-9
,-1,8,127,16,-5,-8,-1,-2
,0,-5,-13,-21,-5,0,2,-5
,1,2,45,3,2,1,0,6
,-2,-9,-37,-16,-3,-2,-4,1
,0,4,85,23,1,5,-2,-1
,-2,0,77,21,0,-3,-3,-7
,-3,-10,-99,-23,-3,-2,0,1
,-5,0,-6,-2,-5,-3,-1,-6
,0,3,-3,0,-3,-1,-1,0
,-1,2,4,4,3,1,0,1
,3,10,51,9,1,-4,-1,8
,-3,-9,-48,-3,-4,-3,-1,-9
,-5,-13,-17,-7,0,-3,-2,-10
,-3,-1,-3,-2,-3,2,1,4
,3,3,0,-12,1,-2,0,4
,-9,-6,-29,4,-2,-5,-5,-16
,-1,3,38,3,0,-2,1,3
,2,6,18,-2,3,-1,0,5
,-8,-18,-5,-19,-7,0,-5,-11
,3,2,-40,-4,-3,0,-1,5
,0,-6,-21,1,5,0,2,-4
,0,-6,-46,-3,3,2,2,3
,6,7,103,14,1,0,-1,4
,-4,9,17,-3,0,-1,-1,4
,-3,-4,-17,-3,-5,-7,-4,-22
,5,-3,43,4,-3,-1,2,10
,-6,-4,-59,-9,-1,0,-1,-1
,3,11,127,24,1,-1,-4,5
,-5,-11,-62,-17,-4,0,-3,-16
,3,5,-14,5,-3,-3,-1,5
,2,2,29,-3,1,3,5,1
,-6,-1,7,-2,-2,-2,-1,1
,3,-2,5,9,7,8,-3,5
,0,-4,-28,-3,2,2,2,-15
,6,2,77,1,-4,2,-5,6
,1,0,-3,3,-1,-1,0,0
,1,-3,-15,-6,2,0,-3,0
,3,-1,-12,0,-1,-2,-1,2
,-2,-6,-20,-17,-3,-3,-1,4
,-4,-5,-38,-5,-2,-2,-2,-11
,1,12,19,9,-2,-3,0,-4
,-6,-18,-84,-16,-5,-2,-4,-2
,-1,2,-30,5,2,1,3,13
,0,6,62,9,-2,2,-2,-13
,0,-17,-94,-25,-3,-2,2,-4
,0,-10,-22,-7,3,1,-4,17
,-3,4,14,11,-1,-3,-6,-1
,2,3,11,2,2,3,-1,-9
,-3,-1,18,-8,-5,-4,1,0
,2,-3,-42,-5,-1,-4,-2,2
,-2,1,14,1,1,-2,0,2
,-2,-3,-73,-2,-1,-2,1,6
,0,-4,26,5,0,-3,-5,-25
,0,0,-23,-1,0,1,-1,5
,2,6,-66,-13,-3,0,2,12
,-8,-4,-32,-3,-1,-1,-1,-49
,0,-2,61,2,-1,-3,-3,3
,1,16,39,3,1,-1,2,2
,0,-14,-27,-5,-1,0,-2,4
,7,0,7,-2,-2,3,-2,3
,-12,4,54,6,-5,-5,-3,-6
,2,-3,-10,-3,-2,-3,-3,-9
,-2,9,45,7,3,0,0,4
,0,-2,5,-3,-1,-2,1,17
,4,-5,-82,-4,1,2,1,-3
,2,-24,30,-3,-4,-2,2,6
,-8,0,-49,-3,-1,0,-1,-12
,-1,-8,-1,-7,-1,0,-2,4
,-1,8,-10,-2,-2,-1,-1,-4
,0,2,21,2,4,5,3,1
,2,-4,24,-3,-3,-7,0,17
,4,1,-24,-5,1,4,0,-16
,-2,-10,-49,-2,0,-2,-1,-5
,-5,1,-12,0,-5,-5,-1,5
,0,2,13,4,0,2,-3,0
,-6,-11,-52,-17,-3,-3,0,2
,-1,5,50,4,-1,2,-1,-5
,3,7,20,4,-1,-2,0,3
,-3,-3,18,-3,0,1,-1,-7
,3,-10,-42,-2,0,-2,-2,8
,-4,-11,2,2,-1,-2,1,2
,-4,33,0,-6,-3,-2,-5,-23
,-1,-2,-19,-4,-3,-3,-2,0
,2,12,62,8,2,0,-1,1
,-2,-3,-80,-12,-1,2,0,6
,0,10,78,11,3,-1,-2,-2
,2,-9,-13,-2,-3,0,1,-1
,-1,-3,-16,-2,-3,-2,-2,11
,0,0,19,7,0,0,0,-5
,-5,-3,-32,-8,-2,2,0,2
,1,-2,-28,-8,2,-2,-3,-7
,-5,-12,17,8,0,-1,2,6
,3,0,-14,-11,-5,-4,-2,1
,-1,16,9,3,-2,-2,0,-3
,-4,2,50,4,2,0,-1,-6
,-8,1,-47,-10,-2,-3,-2,-4
,0,1,31,5,-2,-2,-1,-5
,0,1,-9,2,0,0,2,7
,4,8,43,-1,-2,-1,2,4
,1,1,-5,6,2,-1,-1,-3
,-8,-8,32,-9,-5,-3,0,1
,1,-10,-73,-12,0,1,-2,-4
,0,16,-20,0,-1,-1,1,11
,0,-16,-16,1,2,2,-2,-23
,1,-2,8,4,-4,-1,-2,2
,-3,-2,-1,-5,0,-5,1,9
,3,1,38,4,3,-1,-4,-5
,-2,-1,-26,3,-4,-3,-1,-4
,-3,2,10,-8,-4,2,-1,-2
,-1,-10,53,17,3,1,1,5
,-1,-24,-49,-23,-5,-2,-2,-8
,0,18,22,-2,-2,-7,-5,2
,1,-1,-32,5,2,-1,2,1
,1,10,22,-19,-5,-4,1,3
,-2,-3,-30,12,4,4,0,0
,4,8,24,3,-3,-2,-4,-10
,-10,-21,-48,3,0,-1,4,-5
,-3,2,28,-7,-2,0,-6,2
,0,1,-14,-5,-1,1,-1,-5
,1,5,-34,-11,-2,-2,0,7
,2,8,16,7,4,-1,-1,2
,0,4,39,8,0,-2,1,4
,3,-12,-28,-5,-2,-4,-2,5
,-4,6,-4,9,-1,0,-1,-9
,1,7,21,-3,0,-1,1,-1
,1,-4,11,4,0,2,3,16
,-9,17,49,20,0,-4,-8,-34
,2,7,-82,-30,-5,0,2,26
,10,-4,27,5,3,-3,2,-13
,17,24,-14,14,3,4,6,15
,-23,-13,4,-12,-5,-3,5,-14
,-5,2,4,-8,-3,-6,2,45
,-12,2,-3,5,0,-8,-18,-71
,15,1,-47,-9,-2,7,-14,18
,8,2,15,2,4,16,45,11
,27,9,46,13,1,-3,-9,5
,-19,-9,-69,-7,-1,-2,-13,4
,-16,-14,40,-3,-5,-17,-15,-13
,12,5,32,5,-2,-8,-32,15
,-6,-7,-1,2,2,0,1,-15
,-2,-7,-46,-24,-11,-7,-11,8
,-4,-1,37,3,5,1,0,-18
,-5,5,-29,6,-10,-7,-8,3
,-6,-1,59,26,-1,3,10,1
,2,-2,-44,-27,5,1,-3,4
,-6,-3,-5,2,0,-1,-9,-16
,5,-3,17,6,7,6,11,11
,-3,-1,-37,1,-5,-4,-3,0
,4,0,-46,-22,-5,-4,-3,-3
,-1,-8,3,3,4,2,5,0
,0,2,-22,-2,-7,-2,-6,-8
,-1,-4,-32,12,-3,-1,0,-3
,7,-1,28,-22,-4,0,2,27
,-17,-2,25,-21,-6,-2,-5,-39
,-7,4,23,20,5,-1,3,-3
,2,2,17,6,2,1,-1,16
,7,2,0,6,-1,-6,-1,-8
,8,-4,-18,-14,1,5,2,21
,7,3,22,11,1,-1,-3,8
,-4,-15,-21,-7,-1,-2,2,-1
,10,23,28,12,1,-1,-1,2
,-4,-4,15,-2,-4,1,-3,12
,-3,1,-17,-5,0,2,0,-2
,-4,-10,-19,-5,-5,-2,-4,-7
,1,-3,-4,4,0,1,1,7
,2,-5,9,-6,-1,0,-2,-3
,-4,0,17,6,0,-1,3,4
,5,5,-23,0,1,-3,-4,-4
,-5,-2,-27,-3,-2,0,-2,-3
,6,3,-28,-4,0,0,1,15
,-5,-1,34,-2,-3,-1,0,-15
,-3,-4,-6,2,0,-1,-3,-8
,-4,-3,-17,-5,-1,0,1,10
,6,2,-8,-1,-1,-2,0,16
,1,-2,7,4,0,0,-1,4
,-8,-3,4,-1,-1,0,-2,-8
,4,1,6,1,-1,0,-1,6
,-10,1,4,-2,-1,-1,0,-11
,0,0,3,2,-1,0,-3,1
,-6,-4,13,0,-1,-2,-4,-24
,1,-2,15,2,0,0,0,22
,7,4,7,0,1,-1,0,-9
,-1,-2,-2,3,0,0,-1,-7
,-4,2,3,-6,-5,-4,-3,0
,4,-3,4,-1,1,1,1,19
,-6,-1,3,-2,1,-1,-1,-4
,-4,-1,-6,-1,-4,-2,-2,-9
,-2,0,1,4,2,0,1,4
,1,-3,-9,-1,-2,-2,-2,-6
,3,1,-5,-1,-2,-1,-1,2
,-2,-1,10,1,-1,-1,-1,-9
,0,0,12,2,-2,-1,-2,-5
,-2,-2,-10,0,0,1,0,9
,-2,-3,3,-2,-2,0,1,0
,-1,-1,-15,-1,1,-2,-1,-9
,-2,1,11,0,-2,0,-1,13
,2,1,9,1,-1,-3,-3,-18
,-1,-4,-7,-5,-1,-2,-3,-9
,-7,1,-40,-5,-1,-3,-2,-13
,4,2,31,4,1,3,1,11
,-5,-2,4,-2,-2,-4,-1,-6
,1,0,-1,-1,0,-2,-1,-8
,5,-1,-7,-4,-3,-4,2,5
,-14,-2,5,0,0,-1,-1,-11
,2,-2,3,0,-2,3,0,9
,-6,-1,16,1,-1,-3,0,-1
,6,-1,16,1,-2,0,-2,-8
,2,-2,-15,-2,0,0,-1,9
,0,2,11,1,-3,-2,-2,-1
,2,1,-3,-1,-1,-2,0,2
,-4,-1,8,1,3,-2,-2,-10
,2,-1,-12,0,-2,2,2,16
,-8,-2,27,0,-1,-2,-3,-23
,2,-2,-63,-6,-1,-1,-1,4
,-4,-3,12,0,0,-1,0,-7
,1,-1,15,1,-2,-2,-3,3
,-2,0,3,0,-2,-2,-1,4
,-1,2,11,-1,-2,-3,-1,-3
,5,0,10,1,1,1,0,6
,-2,2,17,0,-3,0,-1,-3
,8,2,13,-2,-1,-1,1,30
,-12,-3,-41,-2,0,-1,-5,-50
,-4,-1,-1,-3,-1,-4,-2,1
,-1,3,26,3,-1,0,3,2
,0,-2,15,1,-1,0,-2,0
,4,-2,8,-1,-1,0,0,12
,-2,3,10,2,-1,0,0,0
,-4,-5,-31,-4,-2,0,-2,-6
,-1,-4,-10,1,-3,-1,-1,-4
,0,0,30,1,1,2,1,6
,-3,-3,-39,-3,-3,-1,-2,-7
,1,1,4,-1,-2,1,-1,5
,0,1,12,1,-3,0,0,11
,-1,-2,-8,2,-1,-3,-2,-5
,-4,-2,8,-1,1,-1,-4,-24
,-2,-1,-3,0,0,2,1,3
,1,-2,-5,0,1,-1,0,6
,-1,-2,-8,0,-1,0,0,0
,1,-1,-12,-2,0,0,1,2
,-4,0,-14,-2,0,1,0,-7
,-1,1,32,3,-1,-1,-1,-1
,-1,1,14,-2,-6,-2,-3,-1
,2,-1,18,1,-2,-1,1,2
,0,-4,-42,-5,-2,-3,-3,-5
,0,-1,4,-2,1,-3,1,9
,1,-1,9,0,1,-1,-3,-13
,-4,-4,-30,-4,-1,-1,-2,-2
,-1,3,59,3,-3,0,0,5
,0,0,-2,-2,0,2,1,6
,1,2,4,-4,-2,-3,-3,0
,-1,3,4,-1,-2,0,0,1
,-2,-1,-31,-2,0,-2,1,3
,-1,-4,-19,-2,-1,0,-2,-4
,0,-1,-3,1,2,1,-2,5
,-1,-1,-11,0,-2,0,-2,-8
,1,-2,20,-2,-1,0,0,8
,5,1,-4,0,-3,0,-1,-6
,-5,0,5,-1,-2,-2,0,-6
,-6,-2,-6,-3,-2,-3,-2,-10
,2,-2,10,-2,1,4,-1,-2
,1,-4,2,0,-3,-2,0,-2
,-3,-1,-9,-4,2,-1,-1,0
,1,0,23,1,0,0,1,2
,-1,-4,-27,-5,-2,-1,-1,6
,-1,1,10,-1,-2,0,-4,-20
,-5,1,5,2,-4,-1,1,-5
,-2,0,-9,-3,-2,-3,-1,5
,-2,0,4,-1,-1,-1,-1,-5
,0,-3,-19,-3,1,0,2,4
,-2,1,5,0,-1,-2,-1,5
,0,-3,-47,-6,-1,-2,0,0
,0,-2,13,-3,2,4,-1,-6
,-2,-3,-13,-6,-3,-3,1,5
,2,-1,-21,0,1,-2,-1,-1
,-1,1,34,6,-3,-3,-1,-2
,-1,-2,-1,-4,1,-2,-3,0
,-2,-2,-23,-3,-2,4,-1,-3
,0,-1,18,2,-1,-3,-1,-4
,0,2,1,1,1,0,0,-1
,-1,-3,-25,-7,-3,-1,-1,7
,-5,-2,-9,-1,0,-1,-6,-20
,4,1,11,2,-2,0,2,6
,-1,-2,-7,-1,0,-2,-3,-2
,-2,0,3,-4,-1,-1,1,-4
,-2,0,9,-3,-3,-2,-3,6
,0,0,-31,-2,-3,-1,-3,-6
,3,-1,-28,4,2,0,1,4
,-2,1,44,3,-3,-3,1,4
,-1,-2,-21,-3,-1,5,1,3
,2,-2,1,1,-1,-3,-1,-1
,-3,0,-25,-4,-4,-2,-3,-1
,-2,0,31,2,1,-1,0,-1
,-4,-5,-29,-7,-1,-2,-1,-5
,-1,-1,-18,0,-1,-2,-3,3
,-2,1,41,3,-2,1,0,-11
,-1,0,-4,-3,-3,-4,0,-2
,0,0,-5,0,-2,0,-1,-1
,-1,1,18,0,-1,1,-3,-6
,1,5,53,6,3,1,1,12
,-6,-12,-56,-8,-4,-7,-2,-4
,-2,-1,-56,-8,-1,4,-2,-6
,0,3,42,3,1,-1,1,-2
,-2,-2,33,0,-1,-5,-3,1
,-3,-5,-28,-3,-2,1,0,-4
,0,-1,-8,-1,1,-1,-2,0
,0,5,13,3,-1,0,-1,0
,-1,-1,6,0,2,2,-1,0
,0,-4,-12,-3,-1,-4,0,-3
,-2,3,4,0,-9,-7,0,-2
,-4,-5,-29,-11,-15,5,-1,0
,1,6,-32,1,13,2,0,-1
,-1,-5,2,5,7,-3,0,-5
,1,7,40,-4,10,1,0,4
,3,5,-26,-11,0,-1,-1,-1
,0,-8,-36,1,1,-8,-3,0
,0,4,16,6,4,7,-1,-1
,0,-4,2,-6,1,1,0,-3
,-3,-3,-10,2,5,2,-2,-2
,0,-1,2,-5,-9,1,-1,1
,-1,3,-4,-4,-7,-9,-4,-2
,-1,0,34,3,-4,-10,-2,0
,-3,-3,14,6,7,-1,-2,-3
,-1,2,-10,-1,-9,13,0,0
,1,4,-8,3,14,4,2,1
,-3,-12,-57,0,-9,-8,0,-2
,0,4,71,14,-6,10,2,1
,-2,1,-23,-18,-18,-10,-4,-2
,-2,-4,-19,-18,1,-7,-3,-3
,-1,2,5,17,16,23,3,-1
,1,4,15,5,13,-6,0,0
,-2,-5,0,-9,-32,-11,-1,-2
,0,-2,5,10,14,7,1,0
,0,1,-2,-7,11,-5,-2,-1
,-2,-2,-11,-6,-29,-9,-5,-2
,-2,-4,9,-15,-23,-14,0,0
,-2,-1,-18,1,16,11,0,0
,-1,0,10,-4,8,-2,-2,0
,-1,0,8,1,-6,12,2,-1
,0,-4,-13,3,-4,-4,-1,0
,-2,-2,2,6,1,-11,0,-1
,-1,0,6,3,4,5,-1,-1
,-3,-1,-1,0,-14,-6,0,-1
,1,-3,3,4,19,-3,-1,2
,-20,0,-7,4,2,-9,1,0
,2,-2,-2,-5,-19,1,-3,-1
,1,-1,8,3,-5,-7,-2,-2
,-1,1,-34,-5,-3,2,-1,-1
,-3,-5,-4,4,1,-1,-3,-3
,-2,3,15,4,5,1,3,1
,7,-1,4,-1,1,3,1,1
,-5,0,14,-1,10,-5,-4,-2
,5,-3,0,2,17,-4,-3,-1
,-3,-2,0,-1,12,4,1,1
,-2,-1,-5,4,-3,-5,1,0
,0,-3,-2,-5,-1,-1,-3,-1
,-3,-1,-6,-5,-13,4,1,-2
,2,1,-2,5,14,-3,-2,0
,-2,1,2,6,-2,0,0,1
,-3,-1,-2,-7,-8,-5,-3,-2
,3,-2,-10,-6,-12,-9,-4,-1
,-2,1,7,-2,-5,7,0,-1
,0,-1,-5,-6,0,2,-2,-1
,-3,-2,5,-1,-2,1,4,-1
,1,-1,-2,1,2,-9,-4,0
,-2,-3,-4,2,-14,-8,-5,-3
,0,-1,-1,-2,0,5,1,-1
,0,-1,-1,-4,3,0,-4,-3
,2,2,1,4,7,4,-1,0
,-2,-3,-5,-6,10,-6,1,0
,0,0,0,-3,-14,-1,-1,2
,4,0,0,-4,-9,-4,-2,-1
,5,0,-3,2,7,0,-1,0
,-2,4,5,0,-1,1,4,0
,-4,-4,2,-6,-7,-7,-3,2
,6,2,0,0,0,1,1,-1
,4,-3,-3,-5,-3,10,0,-3
,-5,-7,-6,4,5,-9,-4,0
,5,-4,-16,0,-5,3,1,-2
,-7,3,21,3,9,-4,0,-2
,4,-1,3,-6,-7,-7,-25,-2
,1,1,-8,-3,-10,-6,12,-1
,-7,3,-22,-1,3,-8,-2,-1
,-8,-8,-1,-6,-12,-1,-10,-7
,12,1,-7,-1,8,-10,-5,-1
,-4,5,22,-2,-12,0,-3,-1
,3,1,2,2,-2,4,9,5
,-12,0,5,5,13,-6,-4,-4
,7,-4,-8,-2,-8,4,5,0
,3,2,-5,-2,-8,-1,-14,-1
,-6,-1,-5,4,19,-2,10,2
,1,-1,10,0,-3,3,5,-1
,-15,-5,-17,-3,-2,3,10,6
,25,11,17,1,-3,-2,1,-7
,3,-5,24,1,3,-3,-27,-7
,-88,-5,-27,-1,6,7,-15,-18
,7,-22,8,-1,-1,3,-5,15
,32,3,5,0,-4,-3,-2,3
,-17,6,-92,-2,-9,0,-10,19
,84,30,13,0,6,-5,27,19
,-101,-8,-2,0,1,5,-8,-28
,-11,-51,-24,-8,-3,-7,5,2
,45,29,2,-1,17,-4,17,24
,77,29,73,11,10,-8,-32,-39
,-91,-20,-64,-5,-23,-8,-9,-12
,-49,-6,-44,-7,6,-1,48,-6
,93,-21,28,-3,-18,-5,-20,5
,-28,28,44,-1,-4,6,5,34
,82,28,28,12,22,8,25,-33
,12,-19,-28,-7,-19,-16,-6,11
,-5,11,-7,3,6,7,-5,51
,-73,-75,-87,-12,-4,-2,17,-51
,76,-59,70,15,-5,-3,4,-22
,-92,3,-23,-20,-7,2,12,6
,0,-65,87,12,7,5,-8,-22
,126,-9,-58,-13,4,-5,41,-36
,-94,112,14,11,0,0,-51,37
,3,-29,-58,-7,-14,1,8,43
,-32,-7,34,-2,-4,-13,-56,-37
,-38,56,4,5,22,15,21,4
,-41,-97,0,-5,-7,-5,37,-38
,46,67,-38,5,-3,-8,-62,-28
,13,121,9,-6,-12,-8,44,33
,-50,-85,4,-23,-14,-12,-49,36
,-9,19,-7,-2,5,13,3,-61
,71,9,40,83,26,9,-27,-66
,33,-34,-25,-24,-14,-1,31,7
,41,20,19,54,-2,-6,29,66
,-36,-14,-31,-29,-42,-17,-22,49
,-94,-55,28,-11,36,4,23,9
,-75,2,-18,16,-1,-1,-21,-119
,46,-3,-10,-9,-4,2,14,27
,-44,-85,-11,-23,-24,-20,41,38
,38,54,19,-35,38,19,5,-56
,-55,-14,-32,-21,-27,-14,10,-50
,95,35,11,11,17,2,-95,-80
,-86,50,-24,-40,-4,0,25,82
,43,-89,-14,41,-3,1,-1,-50
,43,10,15,-24,16,4,40,30
,60,-15,-31,-43,-17,-1,-31,-8
,-23,9,-11,-22,0,-4,-66,-56
,23,126,55,12,-23,-8,7,-23
,115,15,-37,2,21,12,19,72
,-46,-100,21,46,7,-8,4,-64
,-48,49,4,-28,-3,7,-12,35
,63,-94,-2,8,-1,6,-20,14
,95,73,5,-16,-28,-26,43,65
,73,31,-2,-36,-17,-15,27,14
,-24,-89,-7,86,27,28,-33,-23
,16,95,28,-63,11,8,13,-5
,4,-69,-18,13,19,11,-3,-40
,-37,-36,19,-24,-22,-24,12,14
,127,22,-13,23,-3,-2,-2,3
,86,60,3,1,-3,4,10,-4
,0,-19,26,35,19,20,48,12
,-34,115,21,-11,5,3,-10,24
,127,-128,-41,-20,-24,-37,-7,-28
,-51,17,27,50,3,2,-1,3
,47,-26,-59,-59,13,8,-45,-61
,68,-87,-44,53,0,5,35,22
,-13,78,11,-42,-5,2,-31,-67
,-128,-100,10,21,5,-11,14,73
,16,-63,-45,-24,3,-3,-41,37
,-18,-44,-11,-15,-21,0,36,71
,31,-24,-5,3,12,9,13,-59
,-41,26,6,-15,-6,-5,-47,-27
,-87,21,19,54,6,-1,17,51
,4,35,-9,-30,6,4,-66,21
,57,0,4,26,11,18,89,110
,7,-28,-55,-9,-24,-24,-68,-63
,-60,51,63,28,13,19,85,23
,83,59,-7,-47,0,-11,-79,-35
,-67,-1,15,47,1,0,22,-22
,-17,-10,-5,-46,-18,-3,47,21
,-27,-21,-32,24,-7,-3,-9,-84
,17,-26,-38,-15,19,5,29,72
,99,39,26,-4,-12,-6,-55,-17
,-24,21,2,26,7,1,12,35
,83,-12,17,-33,-12,-1,47,73
,-46,49,29,16,-10,-5,-44,-48
,-57,-11,-33,13,19,10,-19,-66
,-27,-79,-20,-4,13,6,51,69
,38,-4,21,30,1,-4,-56,-98
,26,-66,1,-24,-5,9,-1,8
,14,101,73,42,-27,-19,8,60
,-2,13,-62,-89,32,17,-30,9
,-128,-35,-44,-14,5,2,75,6
,-67,-24,41,-4,-5,-10,-35,1
,18,-3,-59,-15,-4,-7,91,43
,4,45,65,25,-28,-6,-15,-105
,112,-35,-26,7,12,4,-36,52
,-83,-38,-20,-3,-13,-1,13,3
,-22,-4,56,-8,31,15,-21,-35
,108,44,-31,14,4,4,48,47
,80,-5,7,-59,9,12,42,7
,111,13,12,39,-1,-10,-28,43
,-51,66,22,0,6,11,34,59
,32,-56,-10,7,5,-2,18,-49
,14,1,-22,-50,-3,-11,-86,-53
,-123,-33,3,33,-2,-3,30,-11
,81,-43,7,12,-12,-8,9,6
,-110,-6,-10,-10,-6,-4,0,-48
,7,25,11,-42,-20,-10,-38,37
,-77,-20,-44,-6,25,12,10,-21
,-48,15,-19,-6,-11,-12,-31,-84
,-8,49,47,32,2,8,55,30
,-86,-35,-10,14,19,0,-77,-37
,-40,-73,2,-16,-18,-6,33,-29
,28,59,-37,-49,-3,6,48,111
,-18,-79,-38,-4,-15,-19,-5,-75
,92,57,50,13,-2,4,-22,50
,111,33,-4,32,0,0,0,-57
